Joint_ID;Subc;Welder1;Line;location;MaterialType;WPS.1.Description;Dateofweld;RTDate1;RT_Perc
370;SHAW                ;F18       ;10-BR002                                          ;WS        ;SS                  ;;18/2/26;24/2/26;10
377;SHAW                ;F18       ;10-BR002                                          ;WS        ;SS                  ;;10/2/26;          ;10
384;SHAW                ;B30       ;10-BR002                                          ;WS        ;SS                  ;;8/2/26;          ;10
386;SHAW                ;F20       ;10-BR002                                          ;WS        ;SS                  ;;10/2/26;          ;10
394;SHAW                ;D29       ;10-BR002                                          ;WS        ;SS                  ;;16/2/26;          ;10
401;SHAW                ;D29       ;10-BR002                                          ;WS        ;SS                  ;;16/2/26;          ;10
402;SHAW                ;D29       ;10-BR002                                          ;WS        ;SS                  ;;11/2/26;          ;10
407;SHAW                ;D29       ;10-BR002                                          ;WS        ;SS                  ;;15/2/26;          ;10
409;SHAW                ;F20       ;10-BR002                                          ;WS        ;SS                  ;;14/2/26;          ;10
411;SHAW                ;D29       ;10-BR002                                          ;WS        ;SS                  ;;17/2/26;24/2/26;10
415;SHAW                ;D191      ;10-BR002                                          ;WS        ;SS                  ;;8/2/26;          ;10
419;SHAW                ;F18       ;10-BR002                                          ;WS        ;SS                  ;;10/2/26;          ;10
422;SHAW                ;F20       ;10-BR002                                          ;WS        ;SS                  ;;11/2/26;          ;10
425;SHAW                ;D29       ;10-BR002                                          ;WS        ;SS                  ;;15/2/26;20/2/26;10
428;SHAW                ;D29       ;10-BR002                                          ;WS        ;SS                  ;;17/2/26;          ;10
432;SHAW                ;F20       ;10-BR002                                          ;WS        ;SS                  ;;14/2/26;          ;10
868;SHAW                ;B14       ;41-BR001                                          ;WS        ;CS                  ;;23/2/26;          ;0
870;SHAW                ;D107      ;41-BR001                                          ;WS        ;CS                  ;;18/2/26;          ;0
872;SHAW                ;B37       ;41-BR001                                          ;WS        ;CS                  ;;15/2/26;          ;0
875;SHAW                ;D184      ;41-BR001                                          ;WS        ;CS                  ;;23/2/26;          ;0
878;SHAW                ;B14       ;41-BR001                                          ;WS        ;CS                  ;;23/2/26;          ;0
879;SHAW                ;B14       ;41-BR001                                          ;WS        ;CS                  ;;23/2/26;          ;0
885;SHAW                ;D184      ;41-BR001                                          ;WS        ;CS                  ;;23/2/26;          ;0
891;SHAW                ;B37       ;41-BR001                                          ;WS        ;CS                  ;;15/2/26;          ;0
899;SHAW                ;B14       ;41-BR001                                          ;WS        ;CS                  ;;23/2/26;          ;0
900;SHAW                ;B37       ;41-BR001                                          ;WS        ;CS                  ;;15/2/26;          ;0
902;SHAW                ;B37       ;41-BR001                                          ;WS        ;CS                  ;;18/2/26;          ;0
904;SHAW                ;D184      ;41-BR001                                          ;WS        ;CS                  ;;23/2/26;          ;0
905;SHAW                ;D189      ;41-BR001                                          ;WS        ;CS                  ;;15/2/26;          ;0
909;SHAW                ;B14       ;41-BR001                                          ;WS        ;CS                  ;;23/2/26;          ;0
921;SHAW                ;D62       ;21-BR002                                          ;WS        ;CS                  ;;26/3/26;          ;0
928;SHAW                ;D196      ;40-BR501                                          ;WS        ;CS                  ;;23/2/26;          ;0
933;SHAW                ;D62       ;21-BR002                                          ;WS        ;CS                  ;;26/3/26;          ;0
941;SHAW                ;D62       ;21-BR002                                          ;WS        ;CS                  ;;18/3/26;          ;0
942;SHAW                ;D185      ;40-BR501                                          ;WS        ;CS                  ;;22/2/26;          ;0
947;SHAW                ;D62       ;21-BR002                                          ;WS        ;CS                  ;;18/3/26;          ;0
953;SHAW                ;D52       ;40-BR501                                          ;WS        ;CS                  ;;22/2/26;          ;0
956;SHAW                ;D196      ;40-BR501                                          ;WS        ;CS                  ;;22/2/26;          ;0
959;SHAW                ;D196      ;40-BR501                                          ;WS        ;CS                  ;;23/2/26;          ;0
966;SHAW                ;D62       ;21-BR002                                          ;WS        ;CS                  ;;26/3/26;          ;0
971;SHAW                ;D179      ;40-BR501                                          ;WS        ;CS                  ;;22/2/26;          ;0
974;SHAW                ;B37       ;40-BR501                                          ;WS        ;CS                  ;;19/2/26;          ;0
978;SHAW                ;D52       ;21-BR002                                          ;WS        ;CS                  ;;12/3/26;          ;0
990;SHAW                ;D196      ;40-BR501                                          ;WS        ;CS                  ;;22/2/26;          ;0
997;SHAW                ;D52       ;40-BR501                                          ;WS        ;CS                  ;;22/2/26;          ;0
999;SHAW                ;D62       ;21-BR002                                          ;WS        ;CS                  ;;18/3/26;          ;0
1000;SHAW                ;D52       ;21-BR002                                          ;WS        ;CS                  ;;12/3/26;          ;0
1005;SHAW                ;D185      ;40-BR501                                          ;WS        ;CS                  ;;22/2/26;          ;0
1010;SHAW                ;D179      ;40-BR501                                          ;WS        ;CS                  ;;22/2/26;          ;0
1012;SHAW                ;D196      ;40-BR501                                          ;WS        ;CS                  ;;23/2/26;          ;0
1017;SHAW                ;D196      ;40-BR501                                          ;WS        ;CS                  ;;23/2/26;          ;0
1018;SHAW                ;D179      ;40-BR501                                          ;WS        ;CS                  ;;22/2/26;          ;0
1020;SHAW                ;D196      ;40-BR501                                          ;WS        ;CS                  ;;23/2/26;          ;0
1021;SHAW                ;D107      ;21-BR002                                          ;WS        ;CS                  ;;18/3/26;          ;0
1025;SHAW                ;B37       ;40-BR501                                          ;WS        ;CS                  ;;22/2/26;          ;0
1029;SHAW                ;D179      ;40-BR501                                          ;WS        ;CS                  ;;22/2/26;          ;0
1034;SHAW                ;D179      ;40-BR501                                          ;WS        ;CS                  ;;22/2/26;          ;0
1046;SHAW                ;D179      ;40-BR501                                          ;WS        ;CS                  ;;22/2/26;          ;0
1053;SHAW                ;D52       ;21-BR002                                          ;WS        ;CS                  ;;12/3/26;          ;0
1054;SHAW                ;B37       ;40-BR501                                          ;WS        ;CS                  ;;19/2/26;          ;0
1056;SHAW                ;D196      ;40-BR501                                          ;WS        ;CS                  ;;22/2/26;          ;0
1077;SHAW                ;D185      ;40-BR501                                          ;WS        ;CS                  ;;22/2/26;          ;0
1086;SHAW                ;D196      ;40-BR501                                          ;WS        ;CS                  ;;23/2/26;          ;0
1095;SHAW                ;D52       ;40-BR501                                          ;WS        ;CS                  ;;22/2/26;          ;0
1097;SHAW                ;D52       ;21-BR002                                          ;WS        ;CS                  ;;12/3/26;          ;0
1101;SHAW                ;D196      ;40-BR501                                          ;WS        ;CS                  ;;22/2/26;          ;0
1106;SHAW                ;B37       ;40-BR501                                          ;WS        ;CS                  ;;19/2/26;          ;0
1117;SHAW                ;D185      ;40-BR501                                          ;WS        ;CS                  ;;22/2/26;          ;0
1130;SHAW                ;D196      ;40-BR501                                          ;WS        ;CS                  ;;19/2/26;          ;0
1173;SHAW                ;D52       ;32-BR001                                          ;WS        ;CS                  ;;12/3/26;          ;0
1179;SHAW                ;B37       ;61-BR001                                          ;WS        ;CS                  ;;15/3/26;          ;0
1180;SHAW                ;D184      ;61-BR001                                          ;WS        ;CS                  ;;10/3/26;          ;0
1182;SHAW                ;D190      ;50-BR001                                          ;WS        ;CS                  ;;20/4/26;          ;0
1195;SHAW                ;D52       ;32-BR001                                          ;WS        ;CS                  ;;12/3/26;          ;0
1228;SHAW                ;D52       ;32-BR001                                          ;WS        ;CS                  ;;12/3/26;          ;0
1238;SHAW                ;B37       ;61-BR001                                          ;WS        ;CS                  ;;15/3/26;          ;0
1241;SHAW                ;D190      ;61-BR001                                          ;WS        ;CS                  ;;15/4/26;          ;0
1245;SHAW                ;D190      ;50-BR001                                          ;WS        ;CS                  ;;20/4/26;          ;0
1246;SHAW                ;D190      ;50-BR001                                          ;WS        ;CS                  ;;20/4/26;          ;0
1256;SHAW                ;D193      ;50-BR001                                          ;WS        ;CS                  ;;16/3/26;          ;0
1263;SHAW                ;D190      ;50-BR001                                          ;WS        ;CS                  ;;20/4/26;          ;0
1265;SHAW                ;D190      ;50-BR001                                          ;WS        ;CS                  ;;15/4/26;          ;0
1272;SHAW                ;D190      ;50-BR001                                          ;WS        ;CS                  ;;20/4/26;          ;0
1283;SHAW                ;D184      ;61-BR001                                          ;WS        ;CS                  ;;10/3/26;          ;0
1310;SHAW                ;B37       ;61-BR001                                          ;WS        ;CS                  ;;15/3/26;          ;0
1311;SHAW                ;D190      ;50-BR001                                          ;WS        ;CS                  ;;15/4/26;          ;0
1312;SHAW                ;D190      ;50-BR001                                          ;WS        ;CS                  ;;15/4/26;          ;0
1316;SHAW                ;D185      ;50-BR001                                          ;WS        ;CS                  ;;15/3/26;          ;0
1317;SHAW                ;D190      ;50-BR001                                          ;WS        ;CS                  ;;20/4/26;          ;0
1320;SHAW                ;B37       ;40-BR501                                          ;WS        ;CS                  ;;15/3/26;          ;0
1326;SHAW                ;D193      ;50-BR001                                          ;WS        ;CS                  ;;16/3/26;          ;0
1333;SHAW                ;D184      ;61-BR001                                          ;WS        ;CS                  ;;10/3/26;          ;0
1336;SHAW                ;B37       ;50-BR001                                          ;WS        ;CS                  ;;15/3/26;          ;0
1355;SHAW                ;D176      ;61-BR001                                          ;WS        ;CS                  ;;12/3/26;          ;0
1361;SHAW                ;D179      ;50-BR001                                          ;WS        ;CS                  ;;15/3/26;          ;0
1378;SHAW                ;D193      ;50-BR001                                          ;WS        ;CS                  ;;16/3/26;          ;0
1379;SHAW                ;D190      ;61-BR001                                          ;WS        ;CS                  ;;15/4/26;          ;0
1380;SHAW                ;D190      ;61-BR001                                          ;WS        ;CS                  ;;15/4/26;          ;0
1381;SHAW                ;D185      ;32-BR001                                          ;WS        ;CS                  ;;11/3/26;          ;0
1391;SHAW                ;D184      ;61-BR001                                          ;WS        ;CS                  ;;10/3/26;          ;0
1392;SHAW                ;D184      ;61-BR001                                          ;WS        ;CS                  ;;10/3/26;          ;0
1396;SHAW                ;D193      ;50-BR001                                          ;WS        ;CS                  ;;16/3/26;          ;0
1397;SHAW                ;D190      ;61-BR001                                          ;WS        ;CS                  ;;15/4/26;          ;0
1399;SHAW                ;D179      ;50-BR001                                          ;WS        ;CS                  ;;15/3/26;          ;0
1401;SHAW                ;D176      ;61-BR001                                          ;WS        ;CS                  ;;12/3/26;          ;0
1402;SHAW                ;D190      ;50-BR001                                          ;WS        ;CS                  ;;15/4/26;          ;0
1426;SHAW                ;B37       ;61-BR001                                          ;WS        ;CS                  ;;15/3/26;          ;0
1428;SHAW                ;D179      ;50-BR001                                          ;WS        ;CS                  ;;15/3/26;          ;0
1442;SHAW                ;D52       ;32-BR001                                          ;WS        ;CS                  ;;12/3/26;          ;0
1445;SHAW                ;D185      ;32-BR001                                          ;WS        ;CS                  ;;11/3/26;          ;0
1456;SHAW                ;D193      ;50-BR001                                          ;WS        ;CS                  ;;16/3/26;          ;0
1463;SHAW                ;D193      ;32-BR001                                          ;WS        ;CS                  ;;5/3/26;          ;0
1469;SHAW                ;D190      ;61-BR001                                          ;WS        ;CS                  ;;15/4/26;          ;0
1476;SHAW                ;D179      ;61-BR001                                          ;WS        ;CS                  ;;15/3/26;          ;0
1482;SHAW                ;D176      ;61-BR001                                          ;WS        ;CS                  ;;12/3/26;          ;0
1483;SHAW                ;D193      ;32-BR001                                          ;WS        ;CS                  ;;5/3/26;          ;0
1496;SHAW                ;D52       ;32-BR001                                          ;WS        ;CS                  ;;12/3/26;          ;0
1501;SHAW                ;D190      ;61-BR001                                          ;WS        ;CS                  ;;15/4/26;          ;0
1506;SHAW                ;D193      ;50-BR001                                          ;WS        ;CS                  ;;16/3/26;          ;0
1513;SHAW                ;D193      ;40-BR501                                          ;WS        ;CS                  ;;15/3/26;          ;0
1517;SHAW                ;D185      ;32-BR001                                          ;WS        ;CS                  ;;5/3/26;          ;0
1533;SHAW                ;D185      ;32-BR001                                          ;WS        ;CS                  ;;11/3/26;          ;0
1534;SHAW                ;D185      ;32-BR001                                          ;WS        ;CS                  ;;11/3/26;          ;0
1549;SHAW                ;D179      ;50-BR001                                          ;WS        ;CS                  ;;15/3/26;          ;0
1562;SHAW                ;D179      ;61-BR001                                          ;WS        ;CS                  ;;15/3/26;          ;0
1570;SHAW                ;D176      ;61-BR001                                          ;WS        ;CS                  ;;12/3/26;          ;0
1575;SHAW                ;D179      ;50-BR001                                          ;WS        ;CS                  ;;15/3/26;          ;0
1577;SHAW                ;D185      ;32-BR001                                          ;WS        ;CS                  ;;5/3/26;          ;0
1591;SHAW                ;D184      ;61-BR001                                          ;WS        ;CS                  ;;10/3/26;          ;0
1602;SHAW                ;B37       ;61-BR001                                          ;WS        ;CS                  ;;15/3/26;          ;0
1606;SHAW                ;D179      ;50-BR001                                          ;WS        ;CS                  ;;15/3/26;          ;0
1620;SHAW                ;B37       ;50-BR001                                          ;WS        ;CS                  ;;15/3/26;          ;0
1621;SHAW                ;D176      ;61-BR001                                          ;WS        ;CS                  ;;12/3/26;          ;0
1624;SHAW                ;B37       ;61-BR001                                          ;WS        ;CS                  ;;15/3/26;          ;0
1625;SHAW                ;D190      ;50-BR001                                          ;WS        ;CS                  ;;15/4/26;          ;0
1634;SHAW                ;D52       ;32-BR001                                          ;WS        ;CS                  ;;12/3/26;          ;0
1642;SHAW                ;D193      ;32-BR001                                          ;WS        ;CS                  ;;5/3/26;          ;0
1645;SHAW                ;D185      ;32-BR001                                          ;WS        ;CS                  ;;5/3/26;          ;0
1652;SHAW                ;D193      ;50-BR001                                          ;WS        ;CS                  ;;16/3/26;          ;0
1657;SHAW                ;B37       ;40-BR501                                          ;WS        ;CS                  ;;16/3/26;          ;0
1659;SHAW                ;D190      ;50-BR001                                          ;WS        ;CS                  ;;15/4/26;          ;0
1666;SHAW                ;D184      ;61-BR001                                          ;WS        ;CS                  ;;10/3/26;          ;0
1673;SHAW                ;D176      ;61-BR001                                          ;WS        ;CS                  ;;12/3/26;          ;0
1679;SHAW                ;D107      ;50-BR503                                          ;WS        ;CS                  ;;9/3/26;          ;0
1681;SHAW                ;D107      ;50-BR503                                          ;WS        ;CS                  ;;9/3/26;          ;0
1682;SHAW                ;B30       ;50-BR503                                          ;WS        ;CS                  ;;18/3/26;          ;0
1687;SHAW                ;B30       ;50-BR503                                          ;WS        ;CS                  ;;18/3/26;          ;0
1688;SHAW                ;D107      ;50-BR503                                          ;WS        ;CS                  ;;9/3/26;          ;0
1689;SHAW                ;B30       ;50-BR503                                          ;WS        ;CS                  ;;18/3/26;          ;0
1690;SHAW                ;D107      ;50-BR503                                          ;WS        ;CS                  ;;9/3/26;          ;0
1703;SHAW                ;D107      ;50-BR503                                          ;WS        ;CS                  ;;9/3/26;          ;0
1704;SHAW                ;B30       ;50-BR503                                          ;WS        ;CS                  ;;18/3/26;          ;0
1705;SHAW                ;D107      ;50-BR503                                          ;WS        ;CS                  ;;9/3/26;          ;0
1842;SHAW                ;D196      ;61-BR002                                          ;WS        ;CS                  ;;12/2/26;16/2/26;10
1844;SHAW                ;D193      ;62-BR002                                          ;WS        ;CS                  ;;17/2/26;23/2/26;10
1845;SHAW                ;B14       ;61-BR001                                          ;WS        ;CS                  ;;9/2/26;10/2/26;10
1850;SHAW                ;D190      ;62-BR002                                          ;WS        ;CS                  ;;8/2/26;10/2/26;10
1851;SHAW                ;D189      ;61-BR001                                          ;WS        ;CS                  ;;17/2/26;20/2/26;10
1852;SHAW                ;D179      ;61-BR001                                          ;WS        ;CS                  ;;17/2/26;20/2/26;10
1855;SHAW                ;D184      ;63-BR001                                          ;WS        ;CS                  ;;8/2/26;10/2/26;10
1856;SHAW                ;D196      ;63-BR001                                          ;WS        ;CS                  ;;18/2/26;23/2/26;10
1859;SHAW                ;D190      ;61-BR001                                          ;WS        ;CS                  ;;9/2/26;10/2/26;10
1860;SHAW                ;D184      ;63-BR002                                          ;WS        ;CS                  ;;17/2/26;23/2/26;10
1861;SHAW                ;D176      ;62-BR002                                          ;WS        ;CS                  ;;18/2/26;23/2/26;10
1862;SHAW                ;D193      ;62-BR002                                          ;WS        ;CS                  ;;17/2/26;23/2/26;10
1863;SHAW                ;D184      ;63-BR002                                          ;WS        ;CS                  ;;18/2/26;23/2/26;10
1865;SHAW                ;D193      ;62-BR002                                          ;WS        ;CS                  ;;18/2/26;23/2/26;10
1866;SHAW                ;D52       ;62-BR002                                          ;WS        ;CS                  ;;9/2/26;10/2/26;10
1868;SHAW                ;D107      ;62-BR002                                          ;WS        ;CS                  ;;9/2/26;10/2/26;10
1869;SHAW                ;D52       ;61-BR001                                          ;WS        ;CS                  ;;9/2/26;10/2/26;10
1870;SHAW                ;D189      ;61-BR001                                          ;WS        ;CS                  ;;17/2/26;20/2/26;10
1871;SHAW                ;D196      ;63-BR001                                          ;WS        ;CS                  ;;18/2/26;23/2/26;10
1873;SHAW                ;D52       ;62-BR002                                          ;WS        ;CS                  ;;9/2/26;10/2/26;10
1874;SHAW                ;D107      ;62-BR002                                          ;WS        ;CS                  ;;9/2/26;10/2/26;10
1875;SHAW                ;D52       ;62-BR001                                          ;WS        ;CS                  ;;17/2/26;23/2/26;10
1876;SHAW                ;D196      ;62-BR002                                          ;WS        ;CS                  ;;9/2/26;10/2/26;10
1877;SHAW                ;D107      ;62-BR002                                          ;WS        ;CS                  ;;9/2/26;10/2/26;10
1880;SHAW                ;B37       ;61-BR002                                          ;WS        ;CS                  ;;18/2/26;23/2/26;10
1881;SHAW                ;D190      ;61-BR001                                          ;WS        ;CS                  ;;9/2/26;10/2/26;10
1882;SHAW                ;D176      ;62-BR002                                          ;WS        ;CS                  ;;18/2/26;23/2/26;10
1883;SHAW                ;B37       ;62-BR001                                          ;WS        ;CS                  ;;8/2/26;10/2/26;10
1884;SHAW                ;D179      ;61-BR002                                          ;WS        ;CS                  ;;11/2/26;16/2/26;10
1885;SHAW                ;B37       ;61-BR002                                          ;WS        ;CS                  ;;18/2/26;23/2/26;10
1887;SHAW                ;D179      ;61-BR001                                          ;WS        ;CS                  ;;17/2/26;20/2/26;10
1890;SHAW                ;D184      ;63-BR002                                          ;WS        ;CS                  ;;8/2/26;10/2/26;10
1891;SHAW                ;D193      ;62-BR002                                          ;WS        ;CS                  ;;17/2/26;23/2/26;10
1892;SHAW                ;B37       ;61-BR002                                          ;WS        ;CS                  ;;18/2/26;23/2/26;10
1893;SHAW                ;D179      ;62-BR002                                          ;WS        ;CS                  ;;14/2/26;16/2/26;10
1894;SHAW                ;D52       ;62-BR001                                          ;WS        ;CS                  ;;17/2/26;23/2/26;10
1895;SHAW                ;D107      ;62-BR002                                          ;WS        ;CS                  ;;8/2/26;10/2/26;10
1896;SHAW                ;D189      ;61-BR001                                          ;WS        ;CS                  ;;17/2/26;20/2/26;10
1897;SHAW                ;D176      ;62-BR002                                          ;WS        ;CS                  ;;18/2/26;23/2/26;10
1899;SHAW                ;D184      ;63-BR002                                          ;WS        ;CS                  ;;17/2/26;23/2/26;10
1907;SHAW                ;D52       ;62-BR001                                          ;WS        ;CS                  ;;17/2/26;23/2/26;10
1908;SHAW                ;D184      ;63-BR002                                          ;WS        ;CS                  ;;17/2/26;23/2/26;10
1909;SHAW                ;B37       ;62-BR001                                          ;WS        ;CS                  ;;8/2/26;10/2/26;10
1911;SHAW                ;D179      ;61-BR001                                          ;WS        ;CS                  ;;17/2/26;20/2/26;10
1912;SHAW                ;D179      ;61-BR001                                          ;WS        ;CS                  ;;17/2/26;20/2/26;10
1917;SHAW                ;D196      ;63-BR001                                          ;WS        ;CS                  ;;18/2/26;23/2/26;10
1918;SHAW                ;D179      ;61-BR002                                          ;WS        ;CS                  ;;11/2/26;16/2/26;10
1919;SHAW                ;D184      ;63-BR002                                          ;WS        ;CS                  ;;9/2/26;10/2/26;10
1920;SHAW                ;B37       ;61-BR002                                          ;WS        ;CS                  ;;18/2/26;23/2/26;10
1921;SHAW                ;D184      ;63-BR002                                          ;WS        ;CS                  ;;9/2/26;10/2/26;10
1924;SHAW                ;D52       ;62-BR001                                          ;WS        ;CS                  ;;17/2/26;23/2/26;10
1926;SHAW                ;D184      ;63-BR001                                          ;WS        ;CS                  ;;19/2/26;24/2/26;10
1928;SHAW                ;D184      ;63-BR001                                          ;WS        ;CS                  ;;18/2/26;24/2/26;10
1929;SHAW                ;D184      ;63-BR001                                          ;WS        ;CS                  ;;18/2/26;24/2/26;10
1930;SHAW                ;D185      ;63-BR001                                          ;WS        ;CS                  ;;19/2/26;24/2/26;10
1931;SHAW                ;D185      ;63-BR001                                          ;WS        ;CS                  ;;18/2/26;24/2/26;10
1932;SHAW                ;D185      ;63-BR001                                          ;WS        ;CS                  ;;18/2/26;24/2/26;10
1935;SHAW                ;D184      ;63-BR001                                          ;WS        ;CS                  ;;18/2/26;24/2/26;10
1944;SHAW                ;D52       ;62-BR001                                          ;WS        ;CS                  ;;17/2/26;20/2/26;10
1945;SHAW                ;D52       ;62-BR001                                          ;WS        ;CS                  ;;17/2/26;20/2/26;10
1946;SHAW                ;D52       ;62-BR001                                          ;WS        ;CS                  ;;17/2/26;20/2/26;10
1949;SHAW                ;D189      ;62-BR001                                          ;WS        ;CS                  ;;14/2/26;16/2/26;10
1950;SHAW                ;D189      ;62-BR001                                          ;WS        ;CS                  ;;14/2/26;16/2/26;10
1952;SHAW                ;D189      ;62-BR001                                          ;WS        ;CS                  ;;14/2/26;16/2/26;10
1964;SHAW                ;D52       ;62-BR001                                          ;WS        ;CS                  ;;17/2/26;20/2/26;10
2220;SHAW                ;D179      ;01-BR001                                          ;WS        ;CS                  ;;25/3/26;1/4/26;100
2221;SHAW                ;D196      ;01-BR001                                          ;WS        ;CS                  ;;8/4/26;14/4/26;100
2222;SHAW                ;D196      ;01-BR001                                          ;WS        ;CS                  ;;19/3/26;14/4/26;100
2223;SHAW                ;D179      ;01-BR001                                          ;WS        ;CS                  ;;25/3/26;1/4/26;100
2244;SHAW                ;D176      ;01-BR001                                          ;WS        ;CS                  ;;18/3/26;          ;0
2252;SHAW                ;D107      ;01-BR001                                          ;WS        ;CS                  ;;18/3/26;          ;0
2259;SHAW                ;D107      ;01-BR001                                          ;WS        ;CS                  ;;19/3/26;          ;0
2261;SHAW                ;D107      ;01-BR001                                          ;WS        ;CS                  ;;19/3/26;          ;0
2267;SHAW                ;D185      ;01-BR001                                          ;WS        ;CS                  ;;25/3/26;          ;0
2278;SHAW                ;D107      ;01-BR001                                          ;WS        ;CS                  ;;19/3/26;          ;0
2282;SHAW                ;D107      ;01-BR001                                          ;WS        ;CS                  ;;19/3/26;          ;0
2286;SHAW                ;D107      ;01-BR001                                          ;WS        ;CS                  ;;19/3/26;          ;0
2290;SHAW                ;D107      ;01-BR001                                          ;WS        ;CS                  ;;19/3/26;          ;0
2292;SHAW                ;D107      ;01-BR001                                          ;WS        ;CS                  ;;18/3/26;          ;0
2316;SHAW                ;D196      ;01-BR001                                          ;WS        ;CS                  ;;7/4/26;12/4/26;100
2317;SHAW                ;D196      ;01-BR001                                          ;WS        ;CS                  ;;7/4/26;12/4/26;100
2321;SHAW                ;D196      ;01-BR001                                          ;WS        ;CS                  ;;7/4/26;          ;0
2322;SHAW                ;D196      ;01-BR001                                          ;WS        ;CS                  ;;7/4/26;12/4/26;100
2446;SHAW                ;D179      ;01-BR001                                          ;WS        ;CS                  ;;31/3/26;6/4/26;100
2458;SHAW                ;D62       ;01-BR001                                          ;WS        ;CS                  ;;18/3/26;          ;0
2463;SHAW                ;D179      ;01-BR001                                          ;WS        ;CS                  ;;31/3/26;6/4/26;100
2468;SHAW                ;D184      ;01-BR001                                          ;WS        ;CS                  ;;26/3/26;1/4/26;100
2478;SHAW                ;D62       ;01-BR001                                          ;WS        ;CS                  ;;18/3/26;          ;0
2482;SHAW                ;D185      ;01-BR001                                          ;WS        ;CS                  ;;18/3/26;          ;0
2489;SHAW                ;D184      ;01-BR001                                          ;WS        ;CS                  ;;26/3/26;          ;0
2491;SHAW                ;D196      ;01-BR001                                          ;WS        ;CS                  ;;18/3/26;          ;0
2492;SHAW                ;D62       ;01-BR001                                          ;WS        ;CS                  ;;26/3/26;1/4/26;100
2509;SHAW                ;D177      ;01-BR001                                          ;WS        ;CS                  ;;31/3/26;6/4/26;100
2517;SHAW                ;D62       ;01-BR001                                          ;WS        ;CS                  ;;18/3/26;          ;0
2526;SHAW                ;D196      ;01-BR001                                          ;WS        ;CS                  ;;12/4/26;14/4/26;100
2529;SHAW                ;D196      ;01-BR001                                          ;WS        ;CS                  ;;25/3/26;1/4/26;100
2530;SHAW                ;D62       ;01-BR001                                          ;WS        ;CS                  ;;18/3/26;          ;0
2532;SHAW                ;D62       ;01-BR001                                          ;WS        ;CS                  ;;18/3/26;          ;0
2534;SHAW                ;D184      ;01-BR001                                          ;WS        ;CS                  ;;26/3/26;1/4/26;100
2541;SHAW                ;D62       ;01-BR001                                          ;WS        ;CS                  ;;18/3/26;          ;0
2543;SHAW                ;D185      ;01-BR001                                          ;WS        ;CS                  ;;18/3/26;          ;0
2544;SHAW                ;D179      ;01-BR001                                          ;WS        ;CS                  ;;25/3/26;1/4/26;100
2554;SHAW                ;D184      ;63-BR504                                          ;WS        ;CS                  ;;23/2/26;          ;0
2557;SHAW                ;D190      ;61-BR504                                          ;WS        ;CS                  ;;23/2/26;          ;0
2558;SHAW                ;D179      ;63-BR504                                          ;WS        ;CS                  ;;23/2/26;          ;0
2560;SHAW                ;D52       ;61-BR504                                          ;WS        ;CS                  ;;24/2/26;          ;0
2563;SHAW                ;D193      ;63-BR504                                          ;WS        ;CS                  ;;23/2/26;          ;0
2564;SHAW                ;D52       ;61-BR504                                          ;WS        ;CS                  ;;24/2/26;          ;0
2565;SHAW                ;D52       ;61-BR504                                          ;WS        ;CS                  ;;24/2/26;          ;0
2566;SHAW                ;D190      ;61-BR504                                          ;WS        ;CS                  ;;23/2/26;          ;0
2567;SHAW                ;D190      ;61-BR504                                          ;WS        ;CS                  ;;23/2/26;          ;0
2570;SHAW                ;D190      ;61-BR504                                          ;WS        ;CS                  ;;23/2/26;          ;0
2573;SHAW                ;D179      ;63-BR504                                          ;WS        ;CS                  ;;23/2/26;          ;0
2575;SHAW                ;D179      ;63-BR504                                          ;WS        ;CS                  ;;23/2/26;          ;0
2577;SHAW                ;D179      ;63-BR504                                          ;WS        ;CS                  ;;8/3/26;          ;0
2578;SHAW                ;D179      ;63-BR504                                          ;WS        ;CS                  ;;23/2/26;          ;0
2579;SHAW                ;D52       ;61-BR504                                          ;WS        ;CS                  ;;24/2/26;          ;0
2586;SHAW                ;D176      ;10-BR102                                          ;WS        ;CS                  ;;23/2/26;          ;0
2588;SHAW                ;D190      ;10-BR101                                          ;WS        ;CS                  ;;23/2/26;          ;0
2590;SHAW                ;D52       ;10-BR102                                          ;WS        ;CS                  ;;23/2/26;          ;0
2592;SHAW                ;D176      ;10-BR102                                          ;WS        ;CS                  ;;23/2/26;          ;0
2596;SHAW                ;D176      ;10-BR102                                          ;WS        ;CS                  ;;23/2/26;          ;0
2599;SHAW                ;D52       ;10-BR101                                          ;WS        ;CS                  ;;23/2/26;          ;0
2603;SHAW                ;D190      ;10-BR101                                          ;WS        ;CS                  ;;23/2/26;          ;0
2604;SHAW                ;D190      ;10-BR101                                          ;WS        ;CS                  ;;23/2/26;          ;0
2606;SHAW                ;D179      ;10-BR501                                          ;WS        ;CS                  ;;23/2/26;          ;0
2609;SHAW                ;D52       ;10-BR102                                          ;WS        ;CS                  ;;23/2/26;          ;0
2610;SHAW                ;D179      ;10-BR501                                          ;WS        ;CS                  ;;23/2/26;          ;0
2611;SHAW                ;D52       ;10-BR101                                          ;WS        ;CS                  ;;23/2/26;          ;0
2612;SHAW                ;D176      ;10-BR102                                          ;WS        ;CS                  ;;23/2/26;          ;0
2616;SHAW                ;D52       ;10-BR101                                          ;WS        ;CS                  ;;23/2/26;          ;0
2617;SHAW                ;D190      ;10-BR101                                          ;WS        ;CS                  ;;23/2/26;          ;0
2618;SHAW                ;D176      ;10-BR102                                          ;WS        ;CS                  ;;23/2/26;          ;0
2619;SHAW                ;D52       ;10-BR102                                          ;WS        ;CS                  ;;23/2/26;          ;0
2629;SHAW                ;D52       ;10-BR102                                          ;WS        ;CS                  ;;23/2/26;          ;0
2630;SHAW                ;D52       ;10-BR101                                          ;WS        ;CS                  ;;23/2/26;          ;0
2633;SHAW                ;D52       ;10-BR101                                          ;WS        ;CS                  ;;23/2/26;          ;0
2634;SHAW                ;D179      ;10-BR501                                          ;WS        ;CS                  ;;23/2/26;          ;0
2638;SHAW                ;D52       ;10-BR102                                          ;WS        ;CS                  ;;23/2/26;          ;0
2639;SHAW                ;D190      ;10-BR101                                          ;WS        ;CS                  ;;23/2/26;          ;0
2648;SHAW                ;D52       ;62-BR504                                          ;WS        ;CS                  ;;25/2/26;          ;0
2649;SHAW                ;D179      ;10-BR001                                          ;WS        ;CS                  ;;16/4/26;          ;0
2651;SHAW                ;D179      ;62-BR504                                          ;WS        ;CS                  ;;25/2/26;          ;0
2652;SHAW                ;D52       ;62-BR504                                          ;WS        ;CS                  ;;25/2/26;          ;0
2655;SHAW                ;D107      ;62-BR504                                          ;WS        ;CS                  ;;25/2/26;          ;0
2656;SHAW                ;D52       ;62-BR504                                          ;WS        ;CS                  ;;25/2/26;          ;0
2658;SHAW                ;D107      ;62-BR504                                          ;WS        ;CS                  ;;25/2/26;          ;0
2660;SHAW                ;D185      ;10-BR001                                          ;WS        ;CS                  ;;16/4/26;          ;0
2661;SHAW                ;D185      ;10-BR001                                          ;WS        ;CS                  ;;16/4/26;          ;0
2662;SHAW                ;D52       ;62-BR504                                          ;WS        ;CS                  ;;25/2/26;          ;0
2666;SHAW                ;D185      ;10-BR001                                          ;WS        ;CS                  ;;16/4/26;          ;0
2668;SHAW                ;D176      ;01-BR001                                          ;WS        ;CS                  ;;25/3/26;14/4/26;100
2669;SHAW                ;D176      ;01-BR001                                          ;WS        ;CS                  ;;25/3/26;14/4/26;100
2670;SHAW                ;D176      ;01-BR001                                          ;WS        ;CS                  ;;25/3/26;14/4/26;100
2671;SHAW                ;D52       ;01-BR001                                          ;WS        ;CS                  ;;8/3/26;14/3/26;100
2672;SHAW                ;B37       ;01-BR001                                          ;WS        ;CS                  ;;9/3/26;14/3/26;100
2673;SHAW                ;B37       ;01-BR001                                          ;WS        ;CS                  ;;8/3/26;14/3/26;100
2674;SHAW                ;D52       ;01-BR001                                          ;WS        ;CS                  ;;8/3/26;          ;0
2675;SHAW                ;D52       ;01-BR001                                          ;WS        ;CS                  ;;8/3/26;14/3/26;100
2678;SHAW                ;B37       ;01-BR001                                          ;WS        ;CS                  ;;8/3/26;14/3/26;100
2680;SHAW                ;B37       ;01-BR001                                          ;WS        ;CS                  ;;8/3/26;14/3/26;100
2682;SHAW                ;B37       ;01-BR001                                          ;WS        ;CS                  ;;8/3/26;14/3/26;100
2684;SHAW                ;B37       ;01-BR001                                          ;WS        ;CS                  ;;6/4/26;9/4/26;100
2685;SHAW                ;F20       ;01-BR001                                          ;WS        ;CS                  ;;31/3/26;9/4/26;100
2686;SHAW                ;F20       ;01-BR001                                          ;WS        ;CS                  ;;1/4/26;9/4/26;100
2687;SHAW                ;F20       ;01-BR001                                          ;WS        ;CS                  ;;1/4/26;9/4/26;100
2688;SHAW                ;F20       ;01-BR001                                          ;WS        ;CS                  ;;1/4/26;          ;0
2691;SHAW                ;F20       ;01-BR001                                          ;WS        ;CS                  ;;1/4/26;9/4/26;100
2729;SHAW                ;D52       ;10-BR501                                          ;WS        ;CS                  ;;1/4/26;          ;0
2730;SHAW                ;D52       ;10-BR501                                          ;WS        ;CS                  ;;1/4/26;          ;0
2731;SHAW                ;D52       ;10-BR501                                          ;WS        ;CS                  ;;1/4/26;          ;0
2759;SHAW                ;D196      ;01-BR001                                          ;WS        ;CS                  ;;31/3/26;          ;100
2760;SHAW                ;D196      ;01-BR001                                          ;WS        ;CS                  ;;31/3/26;          ;0
2763;SHAW                ;D179      ;01-BR001                                          ;WS        ;CS                  ;;31/3/26;6/4/26;100
2764;SHAW                ;D179      ;01-BR001                                          ;WS        ;CS                  ;;31/3/26;6/4/26;100
2765;SHAW                ;D179      ;01-BR001                                          ;WS        ;CS                  ;;31/3/26;6/4/26;100
2768;SHAW                ;D196      ;01-BR001                                          ;WS        ;CS                  ;;12/4/26;14/4/26;100
2769;SHAW                ;D196      ;01-BR001                                          ;WS        ;CS                  ;;12/4/26;14/4/26;100
2771;SHAW                ;D196      ;01-BR001                                          ;WS        ;CS                  ;;6/4/26;9/4/26;100
2772;SHAW                ;B37       ;01-BR001                                          ;WS        ;CS                  ;;1/4/26;9/4/26;100
2773;SHAW                ;B37       ;01-BR001                                          ;WS        ;CS                  ;;1/4/26;9/4/26;100
2774;SHAW                ;B37       ;01-BR001                                          ;WS        ;CS                  ;;1/4/26;9/4/26;100
2775;SHAW                ;B37       ;01-BR001                                          ;WS        ;CS                  ;;1/4/26;9/4/26;100
2777;SHAW                ;D190      ;10-BR101                                          ;WS        ;CS                  ;;5/4/26;          ;0
2778;SHAW                ;D190      ;10-BR101                                          ;WS        ;CS                  ;;5/4/26;          ;0
2779;SHAW                ;D190      ;10-BR101                                          ;WS        ;CS                  ;;5/4/26;          ;0
2780;SHAW                ;D190      ;10-BR101                                          ;WS        ;CS                  ;;5/4/26;          ;0
2781;SHAW                ;D190      ;10-BR101                                          ;WS        ;CS                  ;;5/4/26;          ;0
2784;SHAW                ;D190      ;10-BR102                                          ;WS        ;CS                  ;;5/4/26;          ;0
2785;SHAW                ;D190      ;10-BR102                                          ;WS        ;CS                  ;;5/4/26;          ;0
2786;SHAW                ;D190      ;10-BR102                                          ;WS        ;CS                  ;;5/4/26;          ;0
2787;SHAW                ;D190      ;10-BR102                                          ;WS        ;CS                  ;;5/4/26;          ;0
2788;SHAW                ;D190      ;10-BR102                                          ;WS        ;CS                  ;;5/4/26;          ;0
2790;SHAW                ;D179      ;10-BR501                                          ;WS        ;CS                  ;;2/4/26;          ;0
2791;SHAW                ;D179      ;10-BR501                                          ;WS        ;CS                  ;;2/4/26;          ;0
2792;SHAW                ;D179      ;10-BR501                                          ;WS        ;CS                  ;;2/4/26;          ;0
2793;SHAW                ;D190      ;10-BR501                                          ;WS        ;CS                  ;;2/4/26;          ;0
2794;SHAW                ;D190      ;10-BR501                                          ;WS        ;CS                  ;;2/4/26;          ;0
2929;SHAW                ;D185      ;10-BR002                                          ;WS        ;CS                  ;;6/4/26;          ;0
2954;SHAW                ;D52       ;10-BR101                                          ;WS        ;CS                  ;;8/4/26;          ;0
2955;SHAW                ;D52       ;10-BR101                                          ;WS        ;CS                  ;;8/4/26;          ;0
2956;SHAW                ;D52       ;10-BR101                                          ;WS        ;CS                  ;;8/4/26;          ;0
2957;SHAW                ;D52       ;10-BR101                                          ;WS        ;CS                  ;;8/4/26;          ;0
2958;SHAW                ;D52       ;10-BR101                                          ;WS        ;CS                  ;;8/4/26;          ;0
2960;SHAW                ;D52       ;10-BR102                                          ;WS        ;CS                  ;;8/4/26;          ;0
2961;SHAW                ;D52       ;10-BR102                                          ;WS        ;CS                  ;;8/4/26;          ;0
2962;SHAW                ;D52       ;10-BR102                                          ;WS        ;CS                  ;;8/4/26;          ;0
2963;SHAW                ;D52       ;10-BR102                                          ;WS        ;CS                  ;;8/4/26;          ;0
2964;SHAW                ;D52       ;10-BR102                                          ;WS        ;CS                  ;;8/4/26;          ;0
2966;SHAW                ;F12       ;10-BR501                                          ;WS        ;CS                  ;;8/4/26;          ;0
2967;SHAW                ;F12       ;10-BR501                                          ;WS        ;CS                  ;;8/4/26;          ;0
2968;SHAW                ;F12       ;10-BR501                                          ;WS        ;CS                  ;;8/4/26;          ;0
2969;SHAW                ;F12       ;10-BR501                                          ;WS        ;CS                  ;;8/4/26;          ;0
2970;SHAW                ;F12       ;10-BR501                                          ;WS        ;CS                  ;;8/4/26;          ;0
2980;SHAW                ;D176      ;10-BR101                                          ;WS        ;CS                  ;;8/4/26;          ;0
2981;SHAW                ;D176      ;10-BR101                                          ;WS        ;CS                  ;;8/4/26;          ;0
2982;SHAW                ;D176      ;10-BR101                                          ;WS        ;CS                  ;;8/4/26;          ;0
2983;SHAW                ;D176      ;10-BR101                                          ;WS        ;CS                  ;;8/4/26;          ;0
2984;SHAW                ;D176      ;10-BR101                                          ;WS        ;CS                  ;;8/4/26;          ;0
2987;SHAW                ;D179      ;10-BR102                                          ;WS        ;CS                  ;;7/4/26;          ;0
2988;SHAW                ;D179      ;10-BR102                                          ;WS        ;CS                  ;;6/4/26;          ;0
2989;SHAW                ;D179      ;10-BR102                                          ;WS        ;CS                  ;;6/4/26;          ;0
2990;SHAW                ;D179      ;10-BR102                                          ;WS        ;CS                  ;;6/4/26;          ;0
2991;SHAW                ;D179      ;10-BR102                                          ;WS        ;CS                  ;;6/4/26;          ;0
2993;SHAW                ;D179      ;10-BR501                                          ;WS        ;CS                  ;;7/4/26;          ;0
2994;SHAW                ;D179      ;10-BR501                                          ;WS        ;CS                  ;;7/4/26;          ;0
2995;SHAW                ;D179      ;10-BR501                                          ;WS        ;CS                  ;;7/4/26;          ;0
2996;SHAW                ;D179      ;10-BR501                                          ;WS        ;CS                  ;;7/4/26;          ;0
2997;SHAW                ;D179      ;10-BR501                                          ;WS        ;CS                  ;;7/4/26;          ;0
3014;SHAW                ;D196      ;10-BR403                                          ;WS        ;CS                  ;;12/3/26;          ;0
3015;SHAW                ;D179      ;10-BR403                                          ;WS        ;CS                  ;;17/2/26;          ;0
3016;SHAW                ;D193      ;10-BR403                                          ;WS        ;CS                  ;;18/2/26;          ;0
3018;SHAW                ;D193      ;10-BR403                                          ;WS        ;CS                  ;;18/2/26;          ;0
3022;SHAW                ;D193      ;10-BR403                                          ;WS        ;CS                  ;;18/2/26;          ;0
3023;SHAW                ;D193      ;10-BR403                                          ;WS        ;CS                  ;;18/2/26;          ;0
3024;SHAW                ;D179      ;10-BR403                                          ;WS        ;CS                  ;;17/2/26;          ;0
3025;SHAW                ;D179      ;10-BR403                                          ;WS        ;CS                  ;;17/2/26;          ;0
3069;SHAW                ;B37       ;10-BR507                                          ;WS        ;CS                  ;;7/4/26;          ;0
3099;SHAW                ;B37       ;10-BR508                                          ;WS        ;CS                  ;;9/4/26;          ;0
3134;SHAW                ;B37       ;10-BR507                                          ;WS        ;CS                  ;;19/4/26;          ;0
3136;SHAW                ;B37       ;10-BR505                                          ;WS        ;CS                  ;;20/4/26;          ;0
3161;SHAW                ;B37       ;10-BR508                                          ;WS        ;CS                  ;;8/4/26;          ;0
3174;SHAW                ;D176      ;10-BR701                                          ;WS        ;CS                  ;;5/3/26;          ;0
3175;SHAW                ;D176      ;10-BR701                                          ;WS        ;CS                  ;;5/3/26;          ;0
3176;SHAW                ;D176      ;10-BR701                                          ;WS        ;CS                  ;;10/3/26;          ;0
3177;SHAW                ;D176      ;10-BR701                                          ;WS        ;CS                  ;;8/3/26;          ;0
3181;SHAW                ;D176      ;10-BR701                                          ;WS        ;CS                  ;;10/3/26;          ;0
3182;SHAW                ;D176      ;10-BR701                                          ;WS        ;CS                  ;;8/3/26;          ;0
3183;SHAW                ;D193      ;10-BR401                                          ;WS        ;CS                  ;;12/3/26;          ;0
3184;SHAW                ;D193      ;10-BR401                                          ;WS        ;CS                  ;;12/3/26;          ;0
3185;SHAW                ;D193      ;10-BR401                                          ;WS        ;CS                  ;;12/3/26;          ;0
3186;SHAW                ;D193      ;10-BR401                                          ;WS        ;CS                  ;;12/3/26;          ;0
3187;SHAW                ;D193      ;10-BR401                                          ;WS        ;CS                  ;;12/3/26;          ;0
3188;SHAW                ;D193      ;10-BR401                                          ;WS        ;CS                  ;;12/3/26;          ;0
3190;SHAW                ;D196      ;10-BR401                                          ;WS        ;CS                  ;;12/3/26;          ;0
3191;SHAW                ;D196      ;10-BR401                                          ;WS        ;CS                  ;;12/3/26;          ;0
3192;SHAW                ;D196      ;10-BR401                                          ;WS        ;CS                  ;;12/3/26;          ;0
3193;SHAW                ;D196      ;10-BR401                                          ;WS        ;CS                  ;;12/3/26;          ;0
3194;SHAW                ;D196      ;10-BR401                                          ;WS        ;CS                  ;;12/3/26;          ;0
3195;SHAW                ;D196      ;10-BR401                                          ;WS        ;CS                  ;;12/3/26;          ;0
3312;SHAW                ;D176      ;10-BR401                                          ;WS        ;CS                  ;;8/4/26;          ;0
3313;SHAW                ;D176      ;10-BR401                                          ;WS        ;CS                  ;;8/4/26;          ;0
3314;SHAW                ;D176      ;10-BR401                                          ;WS        ;CS                  ;;8/4/26;          ;0
3315;SHAW                ;D176      ;10-BR401                                          ;WS        ;CS                  ;;8/4/26;          ;0
3463;SHAW                ;D52       ;20-BR802                                          ;WS        ;CS                  ;;19/3/26;          ;10
3464;SHAW                ;D52       ;20-BR802                                          ;WS        ;CS                  ;;19/3/26;          ;10
3465;SHAW                ;D52       ;20-BR802                                          ;WS        ;CS                  ;;19/3/26;1/4/26;10
3467;SHAW                ;D179      ;20-BR802                                          ;WS        ;CS                  ;;25/3/26;          ;10
3468;SHAW                ;D179      ;20-BR802                                          ;WS        ;CS                  ;;25/3/26;          ;10
3473;SHAW                ;D52       ;20-BR803                                          ;WS        ;CS                  ;;25/3/26;          ;10
3474;SHAW                ;D52       ;20-BR803                                          ;WS        ;CS                  ;;25/3/26;          ;10
3475;SHAW                ;D52       ;20-BR803                                          ;WS        ;CS                  ;;25/3/26;          ;10
3477;SHAW                ;D190      ;20-BR803                                          ;WS        ;CS                  ;;25/3/26;          ;10
3478;SHAW                ;D190      ;20-BR803                                          ;WS        ;CS                  ;;25/3/26;1/4/26;10
3489;SHAW                ;D193      ;31-BR801                                          ;WS        ;CS                  ;;12/2/26;          ;10
3490;SHAW                ;D193      ;31-BR801                                          ;WS        ;CS                  ;;12/2/26;          ;10
3491;SHAW                ;D193      ;31-BR801                                          ;WS        ;CS                  ;;12/2/26;          ;10
3496;SHAW                ;D52       ;31-BR801                                          ;WS        ;CS                  ;;15/4/26;          ;0
3500;SHAW                ;D193      ;31-BR801                                          ;WS        ;CS                  ;;12/2/26;          ;10
3501;SHAW                ;D193      ;31-BR801                                          ;WS        ;CS                  ;;12/2/26;          ;10
3503;SHAW                ;D179      ;31-BR801                                          ;WS        ;CS                  ;;16/2/26;20/2/26;10
3504;SHAW                ;D179      ;31-BR801                                          ;WS        ;CS                  ;;16/2/26;          ;10
3505;SHAW                ;D179      ;31-BR801                                          ;WS        ;CS                  ;;16/2/26;          ;10
3508;SHAW                ;D196      ;31-BR801                                          ;WS        ;CS                  ;;16/2/26;          ;10
3509;SHAW                ;D196      ;31-BR801                                          ;WS        ;CS                  ;;16/2/26;          ;10
3510;SHAW                ;D196      ;31-BR801                                          ;WS        ;CS                  ;;16/2/26;          ;10
3512;SHAW                ;D185      ;31-BR801                                          ;WS        ;CS                  ;;14/2/26;          ;10
3513;SHAW                ;D185      ;31-BR801                                          ;WS        ;CS                  ;;14/2/26;          ;10
3514;SHAW                ;D185      ;31-BR801                                          ;WS        ;CS                  ;;14/2/26;          ;10
3516;SHAW                ;B14       ;31-BR801                                          ;WS        ;CS                  ;;13/4/26;          ;0
3520;SHAW                ;D179      ;31-BR802                                          ;WS        ;CS                  ;;9/4/26;          ;10
3522;SHAW                ;D193      ;31-BR802                                          ;WS        ;CS                  ;;5/3/26;9/3/26;10
3523;SHAW                ;D193      ;31-BR802                                          ;WS        ;CS                  ;;5/3/26;          ;10
3524;SHAW                ;D193      ;31-BR802                                          ;WS        ;CS                  ;;5/3/26;          ;10
3526;SHAW                ;B30       ;31-BR802                                          ;WS        ;CS                  ;;4/3/26;14/3/26;10
3527;SHAW                ;D193      ;31-BR802                                          ;WS        ;CS                  ;;5/3/26;          ;10
3529;SHAW                ;D190      ;31-BR802                                          ;WS        ;CS                  ;;9/4/26;          ;0
3530;SHAW                ;D176      ;31-BR803                                          ;WS        ;CS                  ;;8/4/26;          ;10
3532;SHAW                ;D107      ;31-BR803                                          ;WS        ;CS                  ;;5/3/26;18/3/26;10
3533;SHAW                ;D107      ;31-BR803                                          ;WS        ;CS                  ;;5/3/26;18/3/26;10
3534;SHAW                ;D107      ;31-BR803                                          ;WS        ;CS                  ;;5/3/26;9/3/26;10
3536;SHAW                ;D184      ;31-BR803                                          ;WS        ;CS                  ;;4/3/26;          ;10
3537;SHAW                ;D184      ;31-BR803                                          ;WS        ;CS                  ;;5/3/26;          ;10
3539;SHAW                ;B30       ;31-BR803                                          ;WS        ;CS                  ;;8/4/26;          ;0
3540;SHAW                ;D107      ;32-BR801                                          ;WS        ;CS                  ;;12/2/26;          ;10
3541;SHAW                ;D107      ;32-BR801                                          ;WS        ;CS                  ;;12/2/26;          ;10
3542;SHAW                ;D107      ;32-BR801                                          ;WS        ;CS                  ;;12/2/26;          ;10
3549;SHAW                ;D197      ;32-BR801                                          ;WS        ;CS                  ;;9/4/26;          ;10
3550;SHAW                ;D197      ;32-BR801                                          ;WS        ;CS                  ;;9/4/26;          ;10
3552;SHAW                ;D190      ;32-BR801                                          ;WS        ;CS                  ;;9/4/26;          ;0
3559;SHAW                ;B37       ;32-BR801                                          ;WS        ;CS                  ;;14/2/26;          ;10
3560;SHAW                ;B37       ;32-BR801                                          ;WS        ;CS                  ;;14/2/26;          ;10
3562;SHAW                ;F12       ;32-BR801                                          ;WS        ;CS                  ;;9/4/26;          ;10
3563;SHAW                ;F12       ;32-BR801                                          ;WS        ;CS                  ;;9/4/26;          ;10
3564;SHAW                ;D184      ;32-BR801                                          ;WS        ;CS                  ;;16/4/26;          ;10
3567;SHAW                ;B37       ;32-BR801                                          ;WS        ;CS                  ;;14/4/26;          ;10
3568;SHAW                ;D52       ;32-BR801                                          ;WS        ;CS                  ;;9/4/26;          ;10
3569;SHAW                ;D52       ;32-BR801                                          ;WS        ;CS                  ;;9/4/26;          ;10
3571;SHAW                ;D196      ;32-BR801                                          ;WS        ;CS                  ;;9/4/26;          ;10
3572;SHAW                ;D196      ;32-BR801                                          ;WS        ;CS                  ;;9/4/26;          ;10
3573;SHAW                ;D196      ;32-BR801                                          ;WS        ;CS                  ;;9/4/26;          ;10
3606;SHAW                ;D196      ;20-BR801                                          ;WS        ;CS                  ;;13/4/26;          ;10
3607;SHAW                ;D196      ;20-BR801                                          ;WS        ;CS                  ;;12/4/26;          ;10
3617;SHAW                ;D196      ;32-BR802                                          ;WS        ;CS                  ;;12/2/26;16/2/26;10
3619;SHAW                ;D185      ;32-BR802                                          ;WS        ;CS                  ;;18/2/26;23/2/26;10
3621;SHAW                ;D185      ;32-BR802                                          ;WS        ;CS                  ;;18/2/26;          ;10
3622;SHAW                ;D185      ;32-BR802                                          ;WS        ;CS                  ;;18/2/26;          ;10
3625;SHAW                ;D196      ;32-BR803                                          ;WS        ;CS                  ;;12/2/26;          ;10
3626;SHAW                ;B37       ;32-BR803                                          ;WS        ;CS                  ;;17/2/26;          ;10
3628;SHAW                ;B37       ;32-BR803                                          ;WS        ;CS                  ;;17/2/26;          ;10
3629;SHAW                ;B37       ;32-BR803                                          ;WS        ;CS                  ;;17/2/26;          ;10
3631;SHAW                ;D193      ;10-BR002                                          ;WS        ;CS                  ;;9/3/26;          ;10
3632;SHAW                ;D196      ;10-BR002                                          ;WS        ;CS                  ;;17/3/26;          ;0
3636;SHAW                ;D52       ;10-BR002                                          ;WS        ;CS                  ;;18/3/26;          ;0
3639;SHAW                ;D52       ;10-BR002                                          ;WS        ;CS                  ;;18/3/26;          ;0
3640;SHAW                ;D184      ;10-BR002                                          ;WS        ;CS                  ;;17/3/26;1/4/26;10
3641;SHAW                ;D196      ;10-BR002                                          ;WS        ;CS                  ;;17/3/26;7/4/26;10
3642;SHAW                ;D52       ;10-BR002                                          ;WS        ;CS                  ;;18/3/26;          ;0
3645;SHAW                ;D179      ;10-BR002                                          ;WS        ;CS                  ;;5/3/26;          ;10
3647;SHAW                ;D196      ;10-BR002                                          ;WS        ;CS                  ;;26/2/26;          ;10
3649;SHAW                ;D107      ;10-BR002                                          ;WS        ;CS                  ;;4/3/26;          ;10
3650;SHAW                ;D184      ;10-BR002                                          ;WS        ;CS                  ;;4/3/26;          ;0
3651;SHAW                ;D184      ;10-BR002                                          ;WS        ;CS                  ;;26/2/26;9/3/26;10
3652;SHAW                ;D184      ;10-BR002                                          ;WS        ;CS                  ;;26/2/26;          ;10
3653;SHAW                ;D185      ;10-BR002                                          ;WS        ;CS                  ;;4/3/26;          ;10
3654;SHAW                ;D107      ;10-BR002                                          ;WS        ;CS                  ;;5/3/26;          ;10
3655;SHAW                ;D107      ;10-BR002                                          ;WS        ;CS                  ;;4/3/26;          ;10
3669;SHAW                ;B14       ;10-BR002                                          ;WS        ;CS                  ;;18/3/26;          ;0
3670;SHAW                ;D193      ;10-BR002                                          ;WS        ;CS                  ;;9/3/26;          ;10
3671;SHAW                ;B14       ;10-BR002                                          ;WS        ;CS                  ;;18/3/26;          ;0
3674;SHAW                ;B14       ;10-BR002                                          ;WS        ;CS                  ;;18/3/26;          ;0
3677;SHAW                ;B14       ;10-BR002                                          ;WS        ;CS                  ;;18/3/26;          ;10
3678;SHAW                ;B30       ;10-BR002                                          ;WS        ;CS                  ;;17/3/26;          ;0
3679;SHAW                ;D193      ;10-BR002                                          ;WS        ;CS                  ;;9/3/26;          ;10
3882;SHAW                ;D196      ;31-BR801                                          ;WS        ;CS                  ;;13/4/26;          ;10
3887;SHAW                ;D196      ;31-BR801                                          ;WS        ;CS                  ;;13/4/26;          ;10
3898;SHAW                ;D193      ;31-BR801                                          ;WS        ;CS                  ;;16/2/26;          ;10
3899;SHAW                ;D193      ;31-BR801                                          ;WS        ;CS                  ;;16/2/26;          ;10
3903;SHAW                ;D196      ;31-BR801                                          ;WS        ;CS                  ;;23/2/26;9/3/26;10
3904;SHAW                ;B37       ;31-BR801                                          ;WS        ;CS                  ;;16/2/26;20/2/26;10
3905;SHAW                ;D193      ;31-BR801                                          ;WS        ;CS                  ;;16/2/26;          ;10
3908;SHAW                ;D196      ;31-BR801                                          ;WS        ;CS                  ;;16/2/26;          ;10
3909;SHAW                ;D196      ;31-BR801                                          ;WS        ;CS                  ;;16/2/26;          ;10
3911;SHAW                ;B37       ;31-BR801                                          ;WS        ;CS                  ;;16/2/26;          ;10
3912;SHAW                ;B37       ;31-BR801                                          ;WS        ;CS                  ;;16/2/26;          ;10
4131;SHAW                ;D190      ;10-BR002                                          ;WS        ;CS                  ;;9/4/26;          ;10
4248;SHAW                ;D52       ;10-BR002                                          ;WS        ;CS                  ;;30/3/26;          ;10
4252;SHAW                ;D52       ;10-BR002                                          ;WS        ;CS                  ;;30/3/26;          ;10
4253;SHAW                ;D190      ;10-BR002                                          ;WS        ;CS                  ;;9/4/26;          ;0
4263;SHAW                ;D52       ;10-BR002                                          ;WS        ;CS                  ;;30/3/26;          ;10
4351;SHAW                ;D176      ;10-BR002                                          ;WS        ;CS                  ;;15/4/26;          ;0
4352;SHAW                ;D176      ;10-BR002                                          ;WS        ;CS                  ;;15/4/26;          ;0
4357;SHAW                ;D196      ;10-BR002                                          ;WS        ;CS                  ;;16/3/26;1/4/26;10
4358;SHAW                ;D176      ;10-BR002                                          ;WS        ;CS                  ;;15/4/26;          ;0
4371;SHAW                ;D196      ;10-BR002                                          ;WS        ;CS                  ;;17/3/26;          ;0
4382;SHAW                ;D184      ;10-BR002                                          ;WS        ;CS                  ;;16/3/26;          ;10
4388;SHAW                ;B30       ;10-BR002                                          ;WS        ;CS                  ;;16/3/26;          ;10
4390;SHAW                ;D176      ;10-BR002                                          ;WS        ;CS                  ;;16/3/26;          ;10
4396;SHAW                ;D176      ;10-BR002                                          ;WS        ;CS                  ;;15/4/26;          ;0
4417;SHAW                ;D176      ;30-BR001                                          ;WS        ;CS                  ;;14/2/26;          ;10
4430;SHAW                ;D185      ;30-BR001                                          ;WS        ;CS                  ;;14/2/26;          ;10
4459;SHAW                ;D52       ;30-BR001                                          ;WS        ;CS                  ;;12/2/26;          ;10
4461;SHAW                ;D185      ;30-BR001                                          ;WS        ;CS                  ;;14/2/26;          ;0
4464;SHAW                ;D52       ;30-BR001                                          ;WS        ;CS                  ;;12/2/26;          ;10
4484;SHAW                ;D185      ;30-BR001                                          ;WS        ;CS                  ;;14/2/26;          ;10
4496;SHAW                ;D193      ;30-BR001                                          ;WS        ;CS                  ;;14/2/26;20/2/26;10
4506;SHAW                ;D176      ;30-BR001                                          ;WS        ;CS                  ;;14/2/26;          ;10
4509;SHAW                ;D176      ;30-BR001                                          ;WS        ;CS                  ;;14/2/26;          ;10
4541;SHAW                ;D185      ;11-BR001                                          ;WS        ;CS                  ;;15/4/26;          ;0
4567;SHAW                ;D185      ;11-BR001                                          ;WS        ;CS                  ;;15/4/26;          ;0
4575;SHAW                ;D185      ;11-BR001                                          ;WS        ;CS                  ;;14/4/26;          ;10
4592;SHAW                ;D185      ;11-BR001                                          ;WS        ;CS                  ;;14/4/26;          ;0
4605;SHAW                ;D185      ;11-BR001                                          ;WS        ;CS                  ;;14/4/26;          ;10
4610;SHAW                ;D185      ;11-BR001                                          ;WS        ;CS                  ;;14/4/26;          ;10
4661;SHAW                ;D185      ;11-BR001                                          ;WS        ;CS                  ;;14/4/26;          ;10
4826;SHAW                ;D190      ;11-BR001                                          ;WS        ;CS                  ;;14/4/26;          ;10
4831;SHAW                ;B30       ;12-BR901                                          ;WS        ;CS                  ;;14/2/26;          ;10
4833;SHAW                ;D179      ;12-BR901                                          ;WS        ;CS                  ;;16/2/26;          ;10
4839;SHAW                ;D176      ;10-BR002                                          ;WS        ;CS                  ;;19/4/26;          ;0
4840;SHAW                ;D193      ;10-BR002                                          ;WS        ;CS                  ;;8/3/26;          ;10
4849;SHAW                ;B37       ;10-BR902                                          ;WS        ;CS                  ;;25/3/26;          ;10
4850;SHAW                ;D190      ;11-BR001                                          ;WS        ;CS                  ;;14/4/26;          ;10
4852;SHAW                ;B30       ;10-BR002                                          ;WS        ;CS                  ;;8/3/26;          ;10
4853;SHAW                ;D196      ;10-BR501                                          ;WS        ;CS                  ;;14/2/26;          ;10
4854;SHAW                ;D184      ;12-BR901                                          ;WS        ;CS                  ;;15/2/26;          ;10
4872;SHAW                ;D176      ;10-BR002                                          ;WS        ;CS                  ;;19/4/26;          ;0
4874;SHAW                ;D196      ;10-BR501                                          ;WS        ;CS                  ;;17/2/26;          ;10
4876;SHAW                ;B30       ;12-BR901                                          ;WS        ;CS                  ;;14/2/26;          ;10
4896;SHAW                ;D176      ;11-BR902                                          ;WS        ;CS                  ;;17/2/26;          ;10
4898;SHAW                ;D62       ;12-BR902                                          ;WS        ;CS                  ;;5/3/26;8/3/26;10
4901;SHAW                ;D196      ;10-BR501                                          ;WS        ;CS                  ;;17/2/26;          ;10
4910;SHAW                ;D62       ;12-BR902                                          ;WS        ;CS                  ;;5/3/26;8/3/26;10
4912;SHAW                ;D184      ;12-BR901                                          ;WS        ;CS                  ;;15/2/26;          ;10
4916;SHAW                ;D62       ;11-BR901                                          ;WS        ;CS                  ;;5/3/26;8/3/26;10
4926;SHAW                ;D196      ;10-BR002                                          ;WS        ;CS                  ;;8/3/26;          ;10
4935;SHAW                ;D185      ;11-BR901                                          ;WS        ;CS                  ;;5/3/26;9/3/26;10
4940;SHAW                ;D190      ;11-BR001                                          ;WS        ;CS                  ;;14/4/26;          ;10
4942;SHAW                ;B30       ;12-BR901                                          ;WS        ;CS                  ;;14/2/26;          ;10
4943;SHAW                ;D107      ;12-BR901                                          ;WS        ;CS                  ;;17/2/26;23/2/26;10
4948;SHAW                ;B37       ;10-BR902                                          ;WS        ;CS                  ;;25/3/26;          ;10
4951;SHAW                ;D196      ;10-BR002                                          ;WS        ;CS                  ;;8/3/26;          ;10
4952;SHAW                ;D196      ;10-BR501                                          ;WS        ;CS                  ;;17/2/26;          ;10
4954;SHAW                ;B30       ;10-BR002                                          ;WS        ;CS                  ;;8/3/26;14/3/26;10
4958;SHAW                ;B30       ;11-BR901                                          ;WS        ;CS                  ;;14/2/26;          ;10
4961;SHAW                ;D196      ;10-BR501                                          ;WS        ;CS                  ;;12/2/26;          ;10
4964;SHAW                ;D176      ;11-BR902                                          ;WS        ;CS                  ;;17/2/26;          ;10
4965;SHAW                ;B30       ;12-BR901                                          ;WS        ;CS                  ;;14/2/26;          ;10
4967;SHAW                ;B30       ;10-BR002                                          ;WS        ;CS                  ;;5/3/26;          ;10
4970;SHAW                ;B30       ;11-BR901                                          ;WS        ;CS                  ;;14/2/26;          ;10
4973;SHAW                ;D185      ;11-BR901                                          ;WS        ;CS                  ;;4/3/26;          ;10
4974;SHAW                ;D179      ;12-BR901                                          ;WS        ;CS                  ;;16/2/26;          ;10
4977;SHAW                ;D176      ;11-BR901                                          ;WS        ;CS                  ;;17/2/26;          ;10
4980;SHAW                ;D196      ;10-BR002                                          ;WS        ;CS                  ;;8/3/26;          ;10
4983;SHAW                ;D196      ;10-BR501                                          ;WS        ;CS                  ;;14/2/26;          ;10
4985;SHAW                ;D190      ;11-BR001                                          ;WS        ;CS                  ;;14/4/26;          ;10
4986;SHAW                ;D176      ;11-BR901                                          ;WS        ;CS                  ;;17/2/26;25/2/26;10
4991;SHAW                ;D190      ;13-BR902                                          ;WS        ;CS                  ;;5/4/26;          ;0
4992;SHAW                ;D196      ;10-BR501                                          ;WS        ;CS                  ;;17/2/26;23/2/26;10
5013;SHAW                ;D196      ;10-BR501                                          ;WS        ;CS                  ;;14/2/26;          ;10
5023;SHAW                ;D107      ;12-BR901                                          ;WS        ;CS                  ;;17/2/26;          ;10
5037;SHAW                ;D196      ;10-BR501                                          ;WS        ;CS                  ;;17/2/26;          ;10
5062;SHAW                ;D190      ;11-BR001                                          ;WS        ;CS                  ;;14/4/26;          ;0
5079;SHAW                ;D107      ;12-BR901                                          ;WS        ;CS                  ;;17/2/26;          ;10
5082;SHAW                ;D184      ;12-BR901                                          ;WS        ;CS                  ;;15/2/26;          ;10
5089;SHAW                ;D179      ;12-BR901                                          ;WS        ;CS                  ;;16/2/26;          ;10
5090;SHAW                ;D185      ;11-BR901                                          ;WS        ;CS                  ;;4/3/26;          ;10
5091;SHAW                ;B30       ;10-BR002                                          ;WS        ;CS                  ;;8/3/26;          ;10
5113;SHAW                ;D193      ;50-BR001                                          ;WS        ;CS                  ;;19/2/26;          ;0
5114;SHAW                ;D193      ;50-BR001                                          ;WS        ;CS                  ;;19/2/26;          ;0
5120;SHAW                ;B37       ;10-BR902                                          ;WS        ;CS                  ;;25/3/26;          ;10
5122;SHAW                ;D190      ;13-BR902                                          ;WS        ;CS                  ;;5/4/26;          ;0
5125;SHAW                ;D196      ;10-BR002                                          ;WS        ;CS                  ;;8/3/26;          ;0
5128;SHAW                ;D184      ;12-BR901                                          ;WS        ;CS                  ;;15/2/26;          ;10
5143;SHAW                ;B37       ;50-BR001                                          ;WS        ;CS                  ;;18/2/26;          ;0
5149;SHAW                ;B30       ;10-BR002                                          ;WS        ;CS                  ;;17/3/26;1/4/26;10
5173;SHAW                ;D196      ;10-BR902                                          ;WS        ;CS                  ;;15/2/26;          ;0
5194;SHAW                ;D107      ;30-BR902                                          ;WS        ;CS                  ;;22/2/26;          ;0
5195;SHAW                ;D193      ;30-BR902                                          ;WS        ;CS                  ;;17/2/26;          ;0
5199;SHAW                ;D176      ;10-BR501                                          ;WS        ;CS                  ;;19/2/26;          ;10
5200;SHAW                ;D196      ;10-BR402                                          ;WS        ;CS                  ;;14/4/26;          ;10
5201;SHAW                ;D193      ;30-BR902                                          ;WS        ;CS                  ;;14/2/26;          ;0
5202;SHAW                ;D196      ;10-BR402                                          ;WS        ;CS                  ;;14/4/26;          ;10
5208;SHAW                ;B30       ;40-BR001                                          ;WS        ;CS                  ;;17/3/26;          ;0
5212;SHAW                ;D184      ;10-BR902                                          ;WS        ;CS                  ;;18/2/26;          ;0
5220;SHAW                ;D196      ;20-BR402                                          ;WS        ;CS                  ;;15/4/26;          ;10
5224;SHAW                ;D196      ;20-BR403                                          ;WS        ;CS                  ;;16/4/26;          ;0
5226;SHAW                ;D52       ;20-BR403                                          ;WS        ;CS                  ;;8/4/26;          ;0
5228;SHAW                ;D196      ;20-BR403                                          ;WS        ;CS                  ;;16/4/26;          ;10
5229;SHAW                ;D176      ;10-BR902                                          ;WS        ;CS                  ;;18/2/26;          ;0
5231;SHAW                ;D196      ;10-BR402                                          ;WS        ;CS                  ;;13/4/26;          ;10
5238;SHAW                ;D107      ;30-BR902                                          ;WS        ;CS                  ;;22/2/26;          ;0
5239;SHAW                ;D196      ;10-BR501                                          ;WS        ;CS                  ;;19/2/26;24/2/26;10
5240;SHAW                ;D176      ;10-BR902                                          ;WS        ;CS                  ;;18/2/26;          ;0
5251;SHAW                ;D196      ;20-BR402                                          ;WS        ;CS                  ;;15/4/26;          ;10
5253;SHAW                ;D184      ;10-BR902                                          ;WS        ;CS                  ;;18/2/26;          ;0
5256;SHAW                ;B30       ;40-BR001                                          ;WS        ;CS                  ;;17/3/26;          ;10
5259;SHAW                ;D196      ;10-BR402                                          ;WS        ;CS                  ;;13/4/26;          ;10
5260;SHAW                ;D52       ;20-BR403                                          ;WS        ;CS                  ;;8/4/26;          ;0
5262;SHAW                ;D176      ;40-BR902                                          ;WS        ;CS                  ;;18/2/26;          ;0
5264;SHAW                ;D195      ;11-BR902                                          ;WS        ;CS                  ;;4/3/26;8/3/26;10
5271;SHAW                ;D176      ;10-BR501                                          ;WS        ;CS                  ;;19/2/26;          ;10
5280;SHAW                ;D196      ;20-BR402                                          ;WS        ;CS                  ;;14/4/26;          ;10
5285;SHAW                ;D184      ;10-BR902                                          ;WS        ;CS                  ;;18/2/26;          ;0
5288;SHAW                ;D107      ;30-BR902                                          ;WS        ;CS                  ;;22/2/26;          ;0
5300;SHAW                ;D193      ;30-BR902                                          ;WS        ;CS                  ;;14/2/26;          ;0
5305;SHAW                ;D184      ;10-BR902                                          ;WS        ;CS                  ;;18/2/26;          ;0
5306;SHAW                ;D195      ;11-BR902                                          ;WS        ;CS                  ;;4/3/26;8/3/26;10
5307;SHAW                ;D176      ;10-BR501                                          ;WS        ;CS                  ;;19/2/26;          ;10
5308;SHAW                ;D179      ;12-BR902                                          ;WS        ;CS                  ;;4/3/26;          ;10
5310;SHAW                ;D196      ;10-BR501                                          ;WS        ;CS                  ;;19/2/26;          ;10
5313;SHAW                ;D176      ;10-BR902                                          ;WS        ;CS                  ;;18/2/26;          ;0
5316;SHAW                ;D196      ;20-BR403                                          ;WS        ;CS                  ;;15/4/26;          ;10
5320;SHAW                ;D176      ;10-BR501                                          ;WS        ;CS                  ;;19/2/26;          ;10
5322;SHAW                ;D196      ;10-BR501                                          ;WS        ;CS                  ;;18/2/26;          ;10
5346;SHAW                ;D196      ;10-BR402                                          ;WS        ;CS                  ;;13/4/26;          ;10
5358;SHAW                ;D196      ;20-BR403                                          ;WS        ;CS                  ;;16/4/26;          ;10
5360;SHAW                ;D196      ;20-BR402                                          ;WS        ;CS                  ;;14/4/26;          ;10
5364;SHAW                ;D107      ;10-BR902                                          ;WS        ;CS                  ;;15/2/26;          ;0
5365;SHAW                ;B37       ;40-BR902                                          ;WS        ;CS                  ;;19/2/26;          ;0
5366;SHAW                ;D52       ;20-BR403                                          ;WS        ;CS                  ;;8/4/26;          ;0
5370;SHAW                ;D190      ;10-BR402                                          ;WS        ;CS                  ;;13/4/26;          ;10
5371;SHAW                ;D184      ;10-BR902                                          ;WS        ;CS                  ;;18/2/26;          ;0
5374;SHAW                ;D196      ;20-BR402                                          ;WS        ;CS                  ;;15/4/26;          ;0
5379;SHAW                ;D185      ;40-BR001                                          ;WS        ;CS                  ;;17/3/26;          ;10
5386;SHAW                ;D107      ;10-BR902                                          ;WS        ;CS                  ;;15/2/26;          ;0
5387;SHAW                ;B37       ;40-BR902                                          ;WS        ;CS                  ;;19/2/26;          ;0
5389;SHAW                ;D196      ;40-BR001                                          ;WS        ;CS                  ;;18/3/26;6/4/26;10
5390;SHAW                ;D193      ;30-BR902                                          ;WS        ;CS                  ;;17/2/26;          ;0
5392;SHAW                ;D52       ;20-BR403                                          ;WS        ;CS                  ;;8/4/26;          ;0
5394;SHAW                ;D179      ;12-BR902                                          ;WS        ;CS                  ;;4/3/26;9/3/26;10
5399;SHAW                ;D185      ;40-BR001                                          ;WS        ;CS                  ;;17/3/26;          ;0
5403;SHAW                ;D185      ;40-BR001                                          ;WS        ;CS                  ;;17/3/26;          ;0
5406;SHAW                ;D196      ;10-BR902                                          ;WS        ;CS                  ;;15/2/26;          ;0
5409;SHAW                ;D107      ;30-BR902                                          ;WS        ;CS                  ;;22/2/26;          ;0
5413;SHAW                ;D196      ;20-BR403                                          ;WS        ;CS                  ;;15/4/26;          ;10
5414;SHAW                ;D196      ;20-BR403                                          ;WS        ;CS                  ;;15/4/26;          ;10
5415;SHAW                ;D196      ;10-BR402                                          ;WS        ;CS                  ;;13/4/26;          ;10
5418;SHAW                ;D196      ;20-BR403                                          ;WS        ;CS                  ;;15/4/26;          ;10
5420;SHAW                ;D184      ;10-BR904                                          ;WS        ;CS                  ;;18/2/26;          ;0
5425;SHAW                ;D196      ;10-BR501                                          ;WS        ;CS                  ;;19/2/26;          ;10
5432;SHAW                ;D52       ;20-BR403                                          ;WS        ;CS                  ;;8/4/26;          ;0
5436;SHAW                ;D196      ;20-BR402                                          ;WS        ;CS                  ;;14/4/26;          ;10
5442;SHAW                ;D107      ;10-BR902                                          ;WS        ;CS                  ;;15/2/26;          ;0
5446;SHAW                ;D193      ;30-BR902                                          ;WS        ;CS                  ;;14/2/26;          ;0
5447;SHAW                ;D176      ;40-BR902                                          ;WS        ;CS                  ;;18/2/26;          ;0
5454;SHAW                ;B37       ;40-BR902                                          ;WS        ;CS                  ;;19/2/26;          ;0
5459;SHAW                ;D196      ;20-BR402                                          ;WS        ;CS                  ;;15/4/26;          ;10
5463;SHAW                ;D196      ;20-BR403                                          ;WS        ;CS                  ;;16/4/26;          ;10
5466;SHAW                ;D196      ;20-BR402                                          ;WS        ;CS                  ;;14/4/26;          ;10
5467;SHAW                ;D193      ;30-BR902                                          ;WS        ;CS                  ;;14/2/26;          ;0
5471;SHAW                ;B30       ;40-BR001                                          ;WS        ;CS                  ;;17/3/26;          ;0
5472;SHAW                ;D184      ;10-BR904                                          ;WS        ;CS                  ;;18/2/26;          ;0
5473;SHAW                ;D176      ;10-BR501                                          ;WS        ;CS                  ;;19/2/26;24/2/26;10
5506;SHAW                ;D107      ;40-BR902                                          ;WS        ;CS                  ;;16/2/26;          ;0
5507;SHAW                ;D185      ;20-BR401                                          ;WS        ;CS                  ;;18/2/26;          ;0
5509;SHAW                ;B30       ;20-BR401                                          ;WS        ;CS                  ;;15/4/26;          ;0
5511;SHAW                ;D185      ;50-BR001                                          ;WS        ;CS                  ;;24/2/26;          ;10
5519;SHAW                ;D193      ;50-BR902                                          ;WS        ;CS                  ;;22/2/26;          ;0
5520;SHAW                ;D107      ;10-BR902                                          ;WS        ;CS                  ;;26/3/26;          ;10
5525;SHAW                ;D193      ;50-BR902                                          ;WS        ;CS                  ;;22/2/26;          ;0
5549;SHAW                ;D190      ;20-BR401                                          ;WS        ;CS                  ;;15/4/26;          ;0
5555;SHAW                ;D107      ;40-BR902                                          ;WS        ;CS                  ;;16/2/26;          ;0
5565;SHAW                ;D185      ;20-BR401                                          ;WS        ;CS                  ;;18/2/26;          ;0
5572;SHAW                ;D107      ;40-BR902                                          ;WS        ;CS                  ;;16/2/26;          ;0
5587;SHAW                ;D184      ;50-BR902                                          ;WS        ;CS                  ;;22/2/26;          ;0
5595;SHAW                ;D193      ;30-BR902                                          ;WS        ;CS                  ;;18/2/26;          ;0
5596;SHAW                ;D52       ;20-BR401                                          ;WS        ;CS                  ;;12/4/26;          ;0
5598;SHAW                ;D185      ;20-BR401                                          ;WS        ;CS                  ;;18/2/26;          ;0
5603;SHAW                ;D179      ;40-BR902                                          ;WS        ;CS                  ;;19/2/26;          ;0
5608;SHAW                ;B30       ;20-BR401                                          ;WS        ;CS                  ;;15/4/26;          ;0
5614;SHAW                ;D189      ;30-BR902                                          ;WS        ;CS                  ;;16/2/26;          ;0
5625;SHAW                ;D107      ;10-BR902                                          ;WS        ;CS                  ;;26/3/26;          ;10
5637;SHAW                ;D189      ;30-BR902                                          ;WS        ;CS                  ;;16/2/26;          ;0
5642;SHAW                ;D189      ;30-BR902                                          ;WS        ;CS                  ;;16/2/26;          ;0
5648;SHAW                ;D189      ;30-BR902                                          ;WS        ;CS                  ;;16/2/26;          ;0
5650;SHAW                ;D179      ;40-BR902                                          ;WS        ;CS                  ;;19/2/26;          ;0
5651;SHAW                ;D193      ;30-BR902                                          ;WS        ;CS                  ;;18/2/26;          ;0
5653;SHAW                ;D190      ;20-BR401                                          ;WS        ;CS                  ;;15/4/26;          ;0
5662;SHAW                ;D107      ;10-BR902                                          ;WS        ;CS                  ;;26/3/26;1/4/26;10
5678;SHAW                ;B30       ;20-BR401                                          ;WS        ;CS                  ;;15/4/26;          ;0
5686;SHAW                ;D189      ;30-BR902                                          ;WS        ;CS                  ;;16/2/26;          ;0
5690;SHAW                ;D193      ;30-BR902                                          ;WS        ;CS                  ;;18/2/26;          ;0
5692;SHAW                ;D179      ;40-BR902                                          ;WS        ;CS                  ;;19/2/26;          ;0
5693;SHAW                ;D185      ;50-BR001                                          ;WS        ;CS                  ;;24/2/26;9/3/26;10
5708;SHAW                ;D184      ;50-BR902                                          ;WS        ;CS                  ;;22/2/26;          ;0
5733;SHAW                ;D52       ;10-BR403                                          ;WS        ;CS                  ;;5/4/26;          ;10
5756;SHAW                ;D179      ;21-BR401                                          ;WS        ;CS                  ;;18/3/26;          ;0
5763;SHAW                ;D184      ;30-BR401                                          ;WS        ;CS                  ;;10/3/26;          ;0
5764;SHAW                ;B37       ;30-BR901                                          ;WS        ;CS                  ;;23/2/26;          ;0
5767;SHAW                ;D107      ;31-BR403                                          ;WS        ;CS                  ;;9/3/26;          ;0
5771;SHAW                ;D52       ;32-BR403                                          ;WS        ;CS                  ;;17/3/26;          ;0
5773;SHAW                ;D185      ;10-BR403                                          ;WS        ;CS                  ;;2/4/26;          ;0
5774;SHAW                ;D52       ;10-BR403                                          ;WS        ;CS                  ;;5/4/26;          ;10
5775;SHAW                ;D185      ;22-BR401                                          ;WS        ;CS                  ;;9/3/26;          ;0
5777;SHAW                ;D107      ;30-BR401                                          ;WS        ;CS                  ;;11/3/26;          ;0
5778;SHAW                ;D179      ;21-BR401                                          ;WS        ;CS                  ;;18/3/26;          ;0
5779;SHAW                ;D179      ;21-BR401                                          ;WS        ;CS                  ;;18/3/26;          ;0
5781;SHAW                ;D107      ;30-BR401                                          ;WS        ;CS                  ;;11/3/26;          ;0
5782;SHAW                ;B14       ;23-BR401                                          ;WS        ;CS                  ;;18/3/26;          ;0
5783;SHAW                ;D107      ;30-BR401                                          ;WS        ;CS                  ;;10/3/26;          ;0
5789;SHAW                ;B37       ;32-BR402                                          ;WS        ;CS                  ;;23/2/26;          ;0
5791;SHAW                ;D184      ;30-BR401                                          ;WS        ;CS                  ;;10/3/26;          ;0
5795;SHAW                ;D179      ;21-BR401                                          ;WS        ;CS                  ;;18/3/26;          ;0
5796;SHAW                ;D107      ;30-BR401                                          ;WS        ;CS                  ;;10/3/26;          ;0
5801;SHAW                ;D196      ;31-BR401                                          ;WS        ;CS                  ;;18/3/26;          ;0
5802;SHAW                ;B37       ;40-BR901                                          ;WS        ;CS                  ;;23/2/26;          ;0
5803;SHAW                ;D193      ;23-BR401                                          ;WS        ;CS                  ;;8/3/26;          ;0
5809;SHAW                ;D52       ;10-BR403                                          ;WS        ;CS                  ;;5/4/26;          ;10
5814;SHAW                ;D176      ;20-BR801                                          ;WS        ;CS                  ;;8/3/26;          ;10
5818;SHAW                ;D193      ;21-BR401                                          ;WS        ;CS                  ;;8/3/26;          ;0
5821;SHAW                ;D193      ;21-BR401                                          ;WS        ;CS                  ;;8/3/26;          ;0
5824;SHAW                ;D52       ;31-BR403                                          ;WS        ;CS                  ;;18/3/26;          ;0
5832;SHAW                ;D196      ;30-BR401                                          ;WS        ;CS                  ;;10/3/26;          ;0
5833;SHAW                ;B14       ;23-BR401                                          ;WS        ;CS                  ;;18/3/26;          ;0
5834;SHAW                ;D107      ;22-BR401                                          ;WS        ;CS                  ;;18/3/26;          ;0
5836;SHAW                ;D52       ;31-BR403                                          ;WS        ;CS                  ;;18/3/26;          ;0
5838;SHAW                ;D196      ;31-BR401                                          ;WS        ;CS                  ;;18/3/26;          ;0
5841;SHAW                ;D107      ;32-BR403                                          ;WS        ;CS                  ;;10/3/26;          ;0
5844;SHAW                ;D179      ;21-BR401                                          ;WS        ;CS                  ;;18/3/26;          ;0
5847;SHAW                ;D185      ;22-BR401                                          ;WS        ;CS                  ;;9/3/26;          ;0
5849;SHAW                ;D107      ;31-BR403                                          ;WS        ;CS                  ;;9/3/26;          ;0
5850;SHAW                ;D107      ;30-BR401                                          ;WS        ;CS                  ;;10/3/26;          ;0
5851;SHAW                ;D193      ;21-BR401                                          ;WS        ;CS                  ;;8/3/26;          ;0
5852;SHAW                ;D107      ;30-BR401                                          ;WS        ;CS                  ;;11/3/26;          ;0
5853;SHAW                ;D176      ;12-BR401                                          ;WS        ;CS                  ;;18/3/26;          ;0
5855;SHAW                ;D107      ;13-BR902                                          ;WS        ;CS                  ;;23/2/26;          ;0
5856;SHAW                ;D185      ;10-BR403                                          ;WS        ;CS                  ;;2/4/26;          ;0
5857;SHAW                ;D179      ;21-BR401                                          ;WS        ;CS                  ;;18/3/26;          ;0
5859;SHAW                ;D196      ;10-BR701                                          ;WS        ;CS                  ;;26/3/26;          ;0
5863;SHAW                ;D52       ;10-BR403                                          ;WS        ;CS                  ;;2/4/26;          ;10
5866;SHAW                ;D52       ;31-BR403                                          ;WS        ;CS                  ;;18/3/26;          ;0
5867;SHAW                ;D107      ;32-BR403                                          ;WS        ;CS                  ;;10/3/26;          ;0
5869;SHAW                ;D184      ;30-BR401                                          ;WS        ;CS                  ;;20/4/26;          ;0
5872;SHAW                ;D176      ;20-BR801                                          ;WS        ;CS                  ;;8/3/26;14/3/26;10
5873;SHAW                ;D52       ;32-BR403                                          ;WS        ;CS                  ;;17/3/26;          ;0
5875;SHAW                ;D107      ;13-BR902                                          ;WS        ;CS                  ;;23/2/26;          ;0
5876;SHAW                ;D52       ;10-BR403                                          ;WS        ;CS                  ;;2/4/26;          ;10
5878;SHAW                ;D52       ;31-BR403                                          ;WS        ;CS                  ;;18/3/26;          ;0
5881;SHAW                ;D176      ;12-BR401                                          ;WS        ;CS                  ;;18/3/26;          ;0
5882;SHAW                ;D107      ;22-BR401                                          ;WS        ;CS                  ;;18/3/26;          ;0
5885;SHAW                ;B14       ;23-BR401                                          ;WS        ;CS                  ;;18/3/26;          ;0
5886;SHAW                ;D107      ;22-BR401                                          ;WS        ;CS                  ;;18/3/26;          ;0
5888;SHAW                ;B37       ;31-BR402                                          ;WS        ;CS                  ;;23/2/26;          ;0
5892;SHAW                ;D52       ;31-BR403                                          ;WS        ;CS                  ;;18/3/26;          ;0
5893;SHAW                ;D176      ;20-BR801                                          ;WS        ;CS                  ;;5/3/26;          ;10
5895;SHAW                ;D196      ;30-BR401                                          ;WS        ;CS                  ;;10/3/26;          ;0
5896;SHAW                ;B14       ;23-BR401                                          ;WS        ;CS                  ;;18/3/26;          ;0
5897;SHAW                ;D184      ;30-BR401                                          ;WS        ;CS                  ;;10/3/26;          ;0
5904;SHAW                ;D184      ;20-BR801                                          ;WS        ;CS                  ;;5/3/26;          ;10
5905;SHAW                ;D52       ;31-BR403                                          ;WS        ;CS                  ;;18/3/26;          ;0
5908;SHAW                ;D193      ;21-BR401                                          ;WS        ;CS                  ;;8/3/26;          ;0
5910;SHAW                ;B37       ;31-BR402                                          ;WS        ;CS                  ;;23/2/26;          ;0
5912;SHAW                ;D107      ;30-BR401                                          ;WS        ;CS                  ;;10/3/26;          ;0
5916;SHAW                ;D196      ;10-BR701                                          ;WS        ;CS                  ;;26/3/26;          ;0
5917;SHAW                ;B37       ;30-BR901                                          ;WS        ;CS                  ;;23/2/26;          ;0
5920;SHAW                ;D52       ;31-BR403                                          ;WS        ;CS                  ;;18/3/26;          ;0
5923;SHAW                ;D176      ;20-BR801                                          ;WS        ;CS                  ;;8/3/26;          ;10
5925;SHAW                ;D107      ;22-BR401                                          ;WS        ;CS                  ;;18/3/26;          ;0
5928;SHAW                ;D107      ;31-BR403                                          ;WS        ;CS                  ;;9/3/26;          ;0
5936;SHAW                ;D185      ;20-BR801                                          ;WS        ;CS                  ;;8/3/26;          ;10
5938;SHAW                ;D52       ;10-BR901                                          ;WS        ;CS                  ;;22/2/26;          ;0
5939;SHAW                ;D107      ;32-BR403                                          ;WS        ;CS                  ;;10/3/26;          ;0
5948;SHAW                ;B14       ;23-BR401                                          ;WS        ;CS                  ;;18/3/26;          ;0
5949;SHAW                ;D185      ;10-BR403                                          ;WS        ;CS                  ;;2/4/26;          ;0
5952;SHAW                ;B37       ;50-BR901                                          ;WS        ;CS                  ;;23/2/26;          ;0
5957;SHAW                ;B14       ;23-BR401                                          ;WS        ;CS                  ;;18/3/26;          ;0
5958;SHAW                ;D196      ;30-BR401                                          ;WS        ;CS                  ;;10/3/26;          ;0
5959;SHAW                ;D196      ;30-BR401                                          ;WS        ;CS                  ;;10/3/26;          ;0
5961;SHAW                ;D193      ;23-BR401                                          ;WS        ;CS                  ;;9/3/26;          ;0
5964;SHAW                ;D185      ;10-BR403                                          ;WS        ;CS                  ;;2/4/26;          ;0
5965;SHAW                ;D196      ;30-BR401                                          ;WS        ;CS                  ;;10/3/26;          ;0
5967;SHAW                ;D196      ;30-BR401                                          ;WS        ;CS                  ;;10/3/26;          ;0
5968;SHAW                ;D52       ;10-BR403                                          ;WS        ;CS                  ;;5/4/26;          ;10
5969;SHAW                ;D107      ;32-BR403                                          ;WS        ;CS                  ;;10/3/26;          ;0
5972;SHAW                ;D193      ;21-BR401                                          ;WS        ;CS                  ;;8/3/26;          ;0
5973;SHAW                ;D193      ;23-BR401                                          ;WS        ;CS                  ;;9/3/26;          ;0
5974;SHAW                ;D107      ;22-BR401                                          ;WS        ;CS                  ;;18/3/26;          ;0
5976;SHAW                ;D52       ;32-BR401                                          ;WS        ;CS                  ;;17/3/26;          ;0
5979;SHAW                ;D107      ;22-BR401                                          ;WS        ;CS                  ;;18/3/26;          ;0
5982;SHAW                ;D193      ;23-BR401                                          ;WS        ;CS                  ;;8/3/26;          ;0
5983;SHAW                ;D193      ;23-BR401                                          ;WS        ;CS                  ;;9/3/26;          ;0
5987;SHAW                ;B37       ;31-BR402                                          ;WS        ;CS                  ;;24/2/26;          ;0
5989;SHAW                ;D196      ;10-BR701                                          ;WS        ;CS                  ;;29/3/26;          ;0
5990;SHAW                ;B14       ;23-BR401                                          ;WS        ;CS                  ;;18/3/26;          ;0
5991;SHAW                ;B37       ;31-BR402                                          ;WS        ;CS                  ;;24/2/26;          ;0
5995;SHAW                ;D185      ;22-BR401                                          ;WS        ;CS                  ;;9/3/26;          ;0
5999;SHAW                ;D107      ;22-BR401                                          ;WS        ;CS                  ;;18/3/26;          ;0
6000;SHAW                ;D52       ;32-BR403                                          ;WS        ;CS                  ;;17/3/26;          ;0
6001;SHAW                ;D107      ;32-BR403                                          ;WS        ;CS                  ;;10/3/26;          ;0
6004;SHAW                ;D52       ;32-BR403                                          ;WS        ;CS                  ;;17/3/26;          ;0
6005;SHAW                ;D52       ;32-BR401                                          ;WS        ;CS                  ;;17/3/26;          ;0
6007;SHAW                ;D179      ;21-BR401                                          ;WS        ;CS                  ;;18/3/26;          ;0
6010;SHAW                ;D196      ;31-BR401                                          ;WS        ;CS                  ;;18/3/26;          ;0
6011;SHAW                ;B37       ;31-BR402                                          ;WS        ;CS                  ;;24/2/26;          ;0
6016;SHAW                ;D185      ;10-BR403                                          ;WS        ;CS                  ;;2/4/26;          ;0
6017;SHAW                ;D52       ;32-BR401                                          ;WS        ;CS                  ;;17/3/26;          ;0
6018;SHAW                ;D107      ;22-BR401                                          ;WS        ;CS                  ;;18/3/26;          ;0
6019;SHAW                ;D107      ;30-BR401                                          ;WS        ;CS                  ;;10/3/26;          ;0
6021;SHAW                ;D179      ;21-BR401                                          ;WS        ;CS                  ;;18/3/26;          ;0
6023;SHAW                ;B37       ;31-BR402                                          ;WS        ;CS                  ;;24/2/26;          ;0
6025;SHAW                ;D196      ;30-BR401                                          ;WS        ;CS                  ;;10/3/26;          ;0
6026;SHAW                ;D52       ;32-BR403                                          ;WS        ;CS                  ;;17/3/26;          ;0
6027;SHAW                ;B37       ;32-BR402                                          ;WS        ;CS                  ;;23/2/26;          ;0
6034;SHAW                ;D107      ;31-BR403                                          ;WS        ;CS                  ;;9/3/26;          ;0
6035;SHAW                ;D52       ;10-BR403                                          ;WS        ;CS                  ;;5/4/26;          ;10
6036;SHAW                ;D185      ;20-BR801                                          ;WS        ;CS                  ;;5/3/26;          ;10
6040;SHAW                ;D184      ;20-BR801                                          ;WS        ;CS                  ;;5/3/26;          ;10
6041;SHAW                ;D176      ;12-BR401                                          ;WS        ;CS                  ;;18/3/26;          ;0
6044;SHAW                ;D185      ;22-BR401                                          ;WS        ;CS                  ;;9/3/26;          ;0
6046;SHAW                ;D107      ;30-BR401                                          ;WS        ;CS                  ;;10/3/26;          ;0
6047;SHAW                ;D185      ;22-BR401                                          ;WS        ;CS                  ;;9/3/26;          ;0
6048;SHAW                ;D52       ;31-BR403                                          ;WS        ;CS                  ;;18/3/26;          ;0
6050;SHAW                ;D52       ;32-BR403                                          ;WS        ;CS                  ;;17/3/26;          ;0
6051;SHAW                ;D52       ;32-BR403                                          ;WS        ;CS                  ;;17/3/26;          ;0
6053;SHAW                ;B14       ;23-BR401                                          ;WS        ;CS                  ;;18/3/26;          ;0
6054;SHAW                ;D52       ;32-BR403                                          ;WS        ;CS                  ;;17/3/26;          ;0
6061;SHAW                ;D52       ;31-BR403                                          ;WS        ;CS                  ;;18/3/26;          ;0
6062;SHAW                ;D184      ;30-BR401                                          ;WS        ;CS                  ;;10/3/26;          ;0
6063;SHAW                ;D184      ;30-BR401                                          ;WS        ;CS                  ;;10/3/26;          ;0
6065;SHAW                ;D107      ;30-BR401                                          ;WS        ;CS                  ;;10/3/26;          ;0
6102;SHAW                ;B37       ;32-BR402                                          ;WS        ;CS                  ;;24/2/26;          ;0
6105;SHAW                ;B37       ;32-BR402                                          ;WS        ;CS                  ;;24/2/26;          ;0
6124;SHAW                ;B37       ;32-BR402                                          ;WS        ;CS                  ;;24/2/26;          ;0
6179;SHAW                ;B37       ;32-BR402                                          ;WS        ;CS                  ;;24/2/26;          ;0
6204;SHAW                ;D190      ;22-BR401                                          ;WS        ;CS                  ;;18/3/26;          ;0
6206;SHAW                ;D107      ;11-BR403                                          ;WS        ;CS                  ;;25/2/26;          ;0
6207;SHAW                ;D184      ;21-BR401                                          ;WS        ;CS                  ;;17/3/26;          ;0
6208;SHAW                ;D193      ;50-BR001                                          ;WS        ;CS                  ;;15/3/26;          ;0
6210;SHAW                ;D196      ;50-BR001                                          ;WS        ;CS                  ;;15/3/26;          ;0
6212;SHAW                ;D196      ;50-BR001                                          ;WS        ;CS                  ;;15/3/26;          ;0
6213;SHAW                ;B30       ;24-BR401                                          ;WS        ;CS                  ;;17/3/26;          ;0
6214;SHAW                ;D179      ;11-BR402                                          ;WS        ;CS                  ;;25/2/26;          ;0
6216;SHAW                ;D179      ;11-BR402                                          ;WS        ;CS                  ;;25/2/26;          ;0
6219;SHAW                ;D190      ;22-BR401                                          ;WS        ;CS                  ;;17/3/26;          ;0
6220;SHAW                ;D184      ;21-BR401                                          ;WS        ;CS                  ;;17/3/26;          ;0
6222;SHAW                ;D190      ;22-BR401                                          ;WS        ;CS                  ;;17/3/26;          ;0
6224;SHAW                ;B30       ;24-BR401                                          ;WS        ;CS                  ;;17/3/26;          ;0
6225;SHAW                ;D179      ;11-BR402                                          ;WS        ;CS                  ;;25/2/26;          ;0
6227;SHAW                ;D107      ;11-BR403                                          ;WS        ;CS                  ;;25/2/26;          ;0
6228;SHAW                ;D107      ;11-BR403                                          ;WS        ;CS                  ;;25/2/26;          ;0
6229;SHAW                ;D185      ;11-BR402                                          ;WS        ;CS                  ;;25/2/26;          ;0
6234;SHAW                ;B30       ;24-BR401                                          ;WS        ;CS                  ;;17/3/26;          ;0
6236;SHAW                ;D196      ;13-BR901                                          ;WS        ;CS                  ;;10/3/26;          ;0
6238;SHAW                ;D196      ;50-BR001                                          ;WS        ;CS                  ;;15/3/26;          ;0
6239;SHAW                ;D185      ;50-BR001                                          ;WS        ;CS                  ;;15/3/26;          ;0
6241;SHAW                ;D184      ;21-BR401                                          ;WS        ;CS                  ;;17/3/26;          ;0
6242;SHAW                ;D185      ;11-BR402                                          ;WS        ;CS                  ;;25/2/26;          ;0
6243;SHAW                ;D196      ;13-BR901                                          ;WS        ;CS                  ;;10/3/26;          ;0
6244;SHAW                ;D185      ;50-BR001                                          ;WS        ;CS                  ;;15/3/26;          ;0
6246;SHAW                ;B14       ;23-BR401                                          ;WS        ;CS                  ;;17/3/26;          ;0
6247;SHAW                ;B30       ;24-BR401                                          ;WS        ;CS                  ;;17/3/26;          ;0
6249;SHAW                ;D190      ;22-BR401                                          ;WS        ;CS                  ;;17/3/26;          ;0
6250;SHAW                ;D184      ;21-BR401                                          ;WS        ;CS                  ;;17/3/26;          ;0
6252;SHAW                ;D196      ;13-BR901                                          ;WS        ;CS                  ;;10/3/26;          ;0
6256;SHAW                ;B30       ;24-BR401                                          ;WS        ;CS                  ;;17/3/26;          ;0
6259;SHAW                ;D179      ;11-BR402                                          ;WS        ;CS                  ;;25/2/26;          ;0
6260;SHAW                ;D179      ;11-BR402                                          ;WS        ;CS                  ;;25/2/26;          ;0
6261;SHAW                ;B14       ;23-BR401                                          ;WS        ;CS                  ;;17/3/26;          ;0
6264;SHAW                ;D184      ;21-BR401                                          ;WS        ;CS                  ;;17/3/26;          ;0
6265;SHAW                ;D107      ;11-BR402                                          ;WS        ;CS                  ;;25/2/26;          ;0
6267;SHAW                ;B14       ;23-BR401                                          ;WS        ;CS                  ;;17/3/26;          ;0
6270;SHAW                ;B14       ;23-BR401                                          ;WS        ;CS                  ;;17/3/26;          ;0
6271;SHAW                ;D107      ;11-BR403                                          ;WS        ;CS                  ;;25/2/26;          ;0
6273;SHAW                ;D179      ;11-BR402                                          ;WS        ;CS                  ;;25/2/26;          ;0
6274;SHAW                ;D190      ;22-BR401                                          ;WS        ;CS                  ;;17/3/26;          ;0
6275;SHAW                ;D196      ;50-BR001                                          ;WS        ;CS                  ;;15/3/26;          ;0
6276;SHAW                ;D185      ;50-BR001                                          ;WS        ;CS                  ;;15/3/26;          ;0
6277;SHAW                ;D184      ;21-BR401                                          ;WS        ;CS                  ;;17/3/26;          ;0
6279;SHAW                ;D190      ;22-BR401                                          ;WS        ;CS                  ;;17/3/26;          ;0
6282;SHAW                ;D179      ;50-BR001                                          ;WS        ;CS                  ;;15/3/26;          ;0
6283;SHAW                ;D179      ;50-BR001                                          ;WS        ;CS                  ;;15/3/26;          ;0
6284;SHAW                ;D196      ;13-BR901                                          ;WS        ;CS                  ;;10/3/26;          ;0
6287;SHAW                ;D185      ;11-BR402                                          ;WS        ;CS                  ;;25/2/26;          ;0
6288;SHAW                ;D190      ;22-BR401                                          ;WS        ;CS                  ;;17/3/26;          ;0
6289;SHAW                ;D190      ;22-BR401                                          ;WS        ;CS                  ;;17/3/26;          ;0
6290;SHAW                ;D185      ;11-BR402                                          ;WS        ;CS                  ;;25/2/26;          ;0
6291;SHAW                ;D184      ;21-BR401                                          ;WS        ;CS                  ;;17/3/26;          ;0
6293;SHAW                ;B14       ;23-BR401                                          ;WS        ;CS                  ;;17/3/26;          ;0
6294;SHAW                ;B30       ;24-BR401                                          ;WS        ;CS                  ;;17/3/26;          ;0
6295;SHAW                ;B30       ;24-BR401                                          ;WS        ;CS                  ;;17/3/26;          ;0
6296;SHAW                ;D184      ;21-BR401                                          ;WS        ;CS                  ;;17/3/26;          ;0
6297;SHAW                ;B14       ;23-BR401                                          ;WS        ;CS                  ;;17/3/26;          ;0
6298;SHAW                ;B14       ;23-BR401                                          ;WS        ;CS                  ;;17/3/26;          ;0
6299;SHAW                ;D107      ;11-BR403                                          ;WS        ;CS                  ;;25/2/26;          ;0
6300;SHAW                ;B14       ;23-BR401                                          ;WS        ;CS                  ;;17/3/26;          ;0
6301;SHAW                ;D185      ;11-BR402                                          ;WS        ;CS                  ;;25/2/26;          ;0
6303;SHAW                ;D196      ;13-BR901                                          ;WS        ;CS                  ;;10/3/26;          ;0
6305;SHAW                ;B30       ;24-BR401                                          ;WS        ;CS                  ;;17/3/26;          ;0
6308;SHAW                ;D196      ;13-BR901                                          ;WS        ;CS                  ;;10/3/26;          ;0
6312;SHAW                ;D107      ;11-BR403                                          ;WS        ;CS                  ;;25/2/26;          ;0
6352;SHAW                ;D185      ;40-BR803                                          ;WS        ;CS                  ;;16/3/26;          ;0
6358;SHAW                ;D179      ;40-BR802                                          ;WS        ;CS                  ;;16/3/26;          ;0
6364;SHAW                ;D179      ;40-BR802                                          ;WS        ;CS                  ;;16/3/26;          ;0
6368;SHAW                ;D179      ;40-BR802                                          ;WS        ;CS                  ;;15/3/26;          ;0
6369;SHAW                ;D107      ;50-BR001                                          ;WS        ;CS                  ;;16/3/26;          ;0
6370;SHAW                ;D179      ;40-BR802                                          ;WS        ;CS                  ;;16/3/26;          ;0
6387;SHAW                ;D179      ;40-BR802                                          ;WS        ;CS                  ;;15/3/26;          ;0
6392;SHAW                ;D185      ;40-BR803                                          ;WS        ;CS                  ;;16/3/26;          ;0
6401;SHAW                ;D185      ;40-BR803                                          ;WS        ;CS                  ;;16/3/26;          ;0
6405;SHAW                ;D185      ;40-BR803                                          ;WS        ;CS                  ;;16/3/26;          ;0
6408;SHAW                ;D179      ;40-BR802                                          ;WS        ;CS                  ;;16/3/26;          ;0
6412;SHAW                ;D185      ;40-BR803                                          ;WS        ;CS                  ;;16/3/26;          ;0
6424;SHAW                ;D193      ;50-BR001                                          ;WS        ;CS                  ;;15/3/26;          ;0
6433;SHAW                ;D107      ;40-BR803                                          ;WS        ;CS                  ;;16/3/26;          ;0
6675;SHAW                ;D190      ;11-BR401                                          ;WS        ;CS                  ;;2/4/26;          ;0
6676;SHAW                ;D190      ;11-BR401                                          ;WS        ;CS                  ;;2/4/26;          ;0
6678;SHAW                ;D185      ;11-BR401                                          ;WS        ;CS                  ;;1/4/26;          ;0
6679;SHAW                ;D185      ;11-BR401                                          ;WS        ;CS                  ;;1/4/26;          ;0
6680;SHAW                ;D185      ;11-BR401                                          ;WS        ;CS                  ;;1/4/26;          ;0
6681;SHAW                ;D185      ;11-BR401                                          ;WS        ;CS                  ;;1/4/26;          ;0
6698;SHAW                ;D185      ;13-BR901                                          ;WS        ;CS                  ;;2/4/26;          ;0
6699;SHAW                ;D185      ;13-BR901                                          ;WS        ;CS                  ;;2/4/26;          ;0
6700;SHAW                ;D185      ;13-BR901                                          ;WS        ;CS                  ;;2/4/26;          ;0
6701;SHAW                ;D185      ;13-BR901                                          ;WS        ;CS                  ;;2/4/26;          ;0
6702;SHAW                ;D184      ;13-BR901                                          ;WS        ;CS                  ;;1/4/26;          ;0
6703;SHAW                ;D184      ;13-BR901                                          ;WS        ;CS                  ;;1/4/26;          ;0
6718;SHAW                ;D184      ;11-BR401                                          ;WS        ;CS                  ;;6/4/26;          ;0
6719;SHAW                ;D184      ;11-BR401                                          ;WS        ;CS                  ;;6/4/26;          ;0
6721;SHAW                ;D52       ;11-BR401                                          ;WS        ;CS                  ;;6/4/26;          ;0
6722;SHAW                ;D52       ;11-BR401                                          ;WS        ;CS                  ;;6/4/26;          ;0
6723;SHAW                ;D52       ;11-BR401                                          ;WS        ;CS                  ;;6/4/26;          ;0
6724;SHAW                ;D52       ;11-BR401                                          ;WS        ;CS                  ;;6/4/26;          ;0
6732;SHAW                ;F12       ;12-BR401                                          ;WS        ;CS                  ;;6/4/26;          ;0
6733;SHAW                ;F12       ;12-BR401                                          ;WS        ;CS                  ;;6/4/26;          ;0
6735;SHAW                ;D190      ;12-BR401                                          ;WS        ;CS                  ;;6/4/26;          ;0
6736;SHAW                ;D190      ;12-BR401                                          ;WS        ;CS                  ;;6/4/26;          ;0
6821;SHAW                ;D52       ;10-BR002                                          ;WS        ;CS                  ;;31/3/26;          ;0
6823;SHAW                ;B37       ;10-BR002                                          ;WS        ;CS                  ;;20/4/26;          ;0
6824;SHAW                ;B37       ;10-BR002                                          ;WS        ;CS                  ;;20/4/26;          ;0
6825;SHAW                ;D52       ;10-BR002                                          ;WS        ;CS                  ;;31/3/26;          ;10
6826;SHAW                ;D52       ;10-BR002                                          ;WS        ;CS                  ;;31/3/26;          ;10
6878;SHAW                ;F20       ;50-BR001                                          ;WS        ;CS                  ;;30/3/26;          ;10
6879;SHAW                ;F20       ;50-BR001                                          ;WS        ;CS                  ;;30/3/26;          ;10
6880;SHAW                ;F20       ;50-BR001                                          ;WS        ;CS                  ;;31/3/26;          ;0
6882;SHAW                ;D176      ;50-BR001                                          ;WS        ;CS                  ;;19/4/26;          ;0
6883;SHAW                ;D176      ;50-BR001                                          ;WS        ;CS                  ;;19/4/26;          ;0
6884;SHAW                ;F20       ;50-BR001                                          ;WS        ;CS                  ;;30/3/26;          ;10
6885;SHAW                ;F20       ;50-BR001                                          ;WS        ;CS                  ;;31/3/26;          ;10
6886;SHAW                ;F20       ;50-BR001                                          ;WS        ;CS                  ;;31/3/26;          ;10
6888;SHAW                ;D179      ;50-BR001                                          ;WS        ;CS                  ;;30/3/26;          ;0
6890;SHAW                ;D184      ;50-BR001                                          ;WS        ;CS                  ;;19/4/26;          ;0
6891;SHAW                ;D184      ;50-BR001                                          ;WS        ;CS                  ;;19/4/26;          ;0
6892;SHAW                ;D179      ;50-BR001                                          ;WS        ;CS                  ;;30/3/26;          ;10
6893;SHAW                ;D179      ;50-BR001                                          ;WS        ;CS                  ;;30/3/26;          ;10
6896;SHAW                ;D184      ;50-BR001                                          ;WS        ;CS                  ;;30/3/26;7/4/26;10
6897;SHAW                ;D184      ;50-BR001                                          ;WS        ;CS                  ;;30/3/26;          ;0
6899;SHAW                ;D184      ;50-BR001                                          ;WS        ;CS                  ;;30/3/26;          ;0
6901;SHAW                ;D184      ;50-BR001                                          ;WS        ;CS                  ;;16/4/26;          ;0
6902;SHAW                ;D184      ;50-BR001                                          ;WS        ;CS                  ;;16/4/26;          ;0
6904;SHAW                ;D176      ;50-BR001                                          ;WS        ;CS                  ;;30/3/26;          ;10
6905;SHAW                ;D176      ;50-BR001                                          ;WS        ;CS                  ;;30/3/26;          ;10
6906;SHAW                ;D176      ;50-BR001                                          ;WS        ;CS                  ;;30/3/26;          ;10
6908;SHAW                ;D107      ;50-BR001                                          ;WS        ;CS                  ;;1/4/26;7/4/26;10
6909;SHAW                ;D107      ;50-BR001                                          ;WS        ;CS                  ;;1/4/26;          ;10
6911;SHAW                ;D184      ;31-BR401                                          ;WS        ;CS                  ;;6/4/26;          ;0
6912;SHAW                ;D184      ;31-BR401                                          ;WS        ;CS                  ;;6/4/26;          ;0
6913;SHAW                ;D184      ;31-BR401                                          ;WS        ;CS                  ;;6/4/26;          ;0
6914;SHAW                ;D184      ;31-BR401                                          ;WS        ;CS                  ;;6/4/26;          ;0
6915;SHAW                ;D184      ;31-BR401                                          ;WS        ;CS                  ;;6/4/26;          ;0
6916;SHAW                ;D184      ;31-BR401                                          ;WS        ;CS                  ;;6/4/26;          ;0
6917;SHAW                ;D184      ;31-BR401                                          ;WS        ;CS                  ;;6/4/26;          ;0
6918;SHAW                ;D184      ;31-BR401                                          ;WS        ;CS                  ;;6/4/26;          ;0
6919;SHAW                ;D184      ;31-BR401                                          ;WS        ;CS                  ;;6/4/26;          ;0
6921;SHAW                ;D19       ;31-BR401                                          ;WS        ;CS                  ;;2/4/26;          ;0
6922;SHAW                ;D19       ;31-BR401                                          ;WS        ;CS                  ;;2/4/26;          ;0
7213;SHAW                ;D184      ;10-BR002                                          ;WS        ;CS                  ;;16/4/26;          ;10
7287;SHAW                ;D176      ;32-BR401                                          ;WS        ;CS                  ;;8/4/26;          ;0
7288;SHAW                ;D176      ;32-BR401                                          ;WS        ;CS                  ;;8/4/26;          ;0
7289;SHAW                ;D176      ;32-BR401                                          ;WS        ;CS                  ;;8/4/26;          ;0
7290;SHAW                ;D176      ;32-BR401                                          ;WS        ;CS                  ;;8/4/26;          ;0
7291;SHAW                ;D176      ;32-BR401                                          ;WS        ;CS                  ;;8/4/26;          ;0
7292;SHAW                ;D176      ;32-BR401                                          ;WS        ;CS                  ;;8/4/26;          ;0
7294;SHAW                ;F12       ;32-BR401                                          ;WS        ;CS                  ;;8/4/26;          ;0
7295;SHAW                ;F12       ;32-BR401                                          ;WS        ;CS                  ;;8/4/26;          ;0
7296;SHAW                ;F12       ;32-BR401                                          ;WS        ;CS                  ;;8/4/26;          ;0
7297;SHAW                ;F12       ;32-BR401                                          ;WS        ;CS                  ;;8/4/26;          ;0
7298;SHAW                ;F12       ;32-BR401                                          ;WS        ;CS                  ;;8/4/26;          ;0
7439;SHAW                ;D107      ;50-BR002                                          ;WS        ;CS                  ;;26/3/26;          ;0
7441;SHAW                ;D107      ;50-BR002                                          ;WS        ;CS                  ;;26/3/26;          ;0
7618;SHAW                ;D190      ;10-BR901                                          ;WS        ;CS                  ;;7/4/26;          ;0
8061;SHAW                ;D107      ;41-BR001                                          ;WS        ;CS                  ;;18/2/26;          ;0
8065;SHAW                ;D184      ;41-BR001                                          ;WS        ;CS                  ;;16/2/26;          ;0
8066;SHAW                ;D107      ;41-BR001                                          ;WS        ;CS                  ;;15/2/26;          ;0
8070;SHAW                ;D193      ;41-BR001                                          ;WS        ;CS                  ;;19/2/26;          ;0
8073;SHAW                ;D184      ;41-BR001                                          ;WS        ;CS                  ;;16/2/26;          ;0
8078;SHAW                ;D193      ;41-BR001                                          ;WS        ;CS                  ;;19/2/26;          ;0
8079;SHAW                ;D184      ;41-BR001                                          ;WS        ;CS                  ;;16/2/26;          ;0
8080;SHAW                ;D107      ;41-BR001                                          ;WS        ;CS                  ;;18/2/26;          ;0
8082;SHAW                ;D107      ;41-BR001                                          ;WS        ;CS                  ;;18/2/26;          ;0
8083;SHAW                ;D193      ;41-BR001                                          ;WS        ;CS                  ;;19/2/26;          ;0
8085;SHAW                ;D107      ;41-BR001                                          ;WS        ;CS                  ;;19/2/26;          ;0
8089;SHAW                ;D193      ;41-BR001                                          ;WS        ;CS                  ;;19/2/26;          ;0
8095;SHAW                ;B37       ;41-BR001                                          ;WS        ;CS                  ;;18/2/26;          ;0
8096;SHAW                ;D193      ;41-BR001                                          ;WS        ;CS                  ;;19/2/26;          ;0
8563;SHAW                ;B30       ;97-BR002                                          ;WS        ;CS                  ;;16/4/26;          ;0
8575;SHAW                ;D195      ;85-BR501                                          ;WS        ;CS                  ;;24/2/26;25/2/26;10
8576;SHAW                ;F18       ;85-BR501                                          ;WS        ;CS                  ;;2/4/26;          ;10
8577;SHAW                ;F18       ;85-BR501                                          ;WS        ;CS                  ;;2/4/26;          ;10
8579;SHAW                ;D179      ;85-BR501                                          ;WS        ;CS                  ;;1/4/26;          ;10
8580;SHAW                ;D179      ;85-BR501                                          ;WS        ;CS                  ;;1/4/26;          ;10
8581;SHAW                ;D179      ;85-BR501                                          ;WS        ;CS                  ;;1/4/26;          ;10
8583;SHAW                ;F18       ;85-BR501                                          ;WS        ;CS                  ;;2/4/26;          ;10
8584;SHAW                ;D195      ;85-BR501                                          ;WS        ;CS                  ;;24/2/26;25/2/26;10
8585;SHAW                ;D179      ;85-BR501                                          ;WS        ;CS                  ;;2/4/26;          ;10
8652;SHAW                ;D107      ;30-BR001                                          ;WS        ;CS                  ;;2/4/26;7/4/26;10
8654;SHAW                ;D107      ;30-BR001                                          ;WS        ;CS                  ;;2/4/26;7/4/26;10
8655;SHAW                ;F12       ;30-BR001                                          ;WS        ;CS                  ;;2/4/26;9/4/26;10
8657;SHAW                ;D184      ;30-BR001                                          ;WS        ;CS                  ;;16/4/26;          ;10
8658;SHAW                ;D107      ;30-BR001                                          ;WS        ;CS                  ;;2/4/26;7/4/26;10
8659;SHAW                ;D107      ;30-BR001                                          ;WS        ;CS                  ;;2/4/26;7/4/26;10
8661;SHAW                ;D107      ;30-BR001                                          ;WS        ;CS                  ;;2/4/26;7/4/26;10
8662;SHAW                ;F12       ;30-BR001                                          ;WS        ;CS                  ;;2/4/26;          ;0
8664;SHAW                ;F12       ;30-BR001                                          ;WS        ;CS                  ;;2/4/26;9/4/26;10
8666;SHAW                ;F12       ;30-BR001                                          ;WS        ;CS                  ;;2/4/26;9/4/26;10
8667;SHAW                ;D107      ;30-BR001                                          ;WS        ;CS                  ;;2/4/26;14/4/26;10
8668;SHAW                ;F12       ;30-BR001                                          ;WS        ;CS                  ;;2/4/26;          ;0
8691;SHAW                ;D176      ;31-BR401                                          ;WS        ;CS                  ;;16/4/26;          ;0
8696;SHAW                ;D196      ;32-BR402                                          ;WS        ;CS                  ;;24/2/26;          ;0
8698;SHAW                ;D196      ;32-BR402                                          ;WS        ;CS                  ;;24/2/26;          ;0
8700;SHAW                ;D196      ;32-BR402                                          ;WS        ;CS                  ;;24/2/26;          ;0
8701;SHAW                ;D196      ;32-BR402                                          ;WS        ;CS                  ;;24/2/26;          ;0
8705;SHAW                ;D196      ;33-BR402                                          ;WS        ;CS                  ;;24/2/26;          ;0
8706;SHAW                ;D196      ;33-BR402                                          ;WS        ;CS                  ;;24/2/26;          ;0
8708;SHAW                ;D196      ;33-BR402                                          ;WS        ;CS                  ;;24/2/26;          ;0
8709;SHAW                ;D196      ;33-BR402                                          ;WS        ;CS                  ;;24/2/26;          ;0
8714;SHAW                ;D196      ;34-BR402                                          ;WS        ;CS                  ;;15/3/26;          ;0
8715;SHAW                ;D196      ;34-BR402                                          ;WS        ;CS                  ;;15/3/26;          ;0
8716;SHAW                ;D196      ;34-BR402                                          ;WS        ;CS                  ;;15/3/26;          ;0
8717;SHAW                ;D196      ;34-BR402                                          ;WS        ;CS                  ;;15/3/26;          ;0
8720;SHAW                ;D107      ;35-BR402                                          ;WS        ;CS                  ;;15/3/26;          ;0
8722;SHAW                ;D107      ;35-BR402                                          ;WS        ;CS                  ;;15/3/26;          ;0
8723;SHAW                ;D107      ;35-BR402                                          ;WS        ;CS                  ;;15/3/26;          ;0
8724;SHAW                ;D107      ;35-BR402                                          ;WS        ;CS                  ;;15/3/26;          ;0
8729;SHAW                ;D107      ;36-BR402                                          ;WS        ;CS                  ;;15/3/26;          ;0
8730;SHAW                ;D107      ;36-BR402                                          ;WS        ;CS                  ;;15/3/26;          ;0
8731;SHAW                ;D107      ;36-BR402                                          ;WS        ;CS                  ;;15/3/26;          ;0
8733;SHAW                ;D107      ;36-BR402                                          ;WS        ;CS                  ;;15/3/26;          ;0
8736;SHAW                ;D185      ;37-BR402                                          ;WS        ;CS                  ;;15/3/26;          ;0
8737;SHAW                ;D185      ;37-BR402                                          ;WS        ;CS                  ;;15/3/26;          ;0
8740;SHAW                ;D185      ;37-BR402                                          ;WS        ;CS                  ;;15/3/26;          ;0
8741;SHAW                ;D185      ;37-BR402                                          ;WS        ;CS                  ;;15/3/26;          ;0
8752;SHAW                ;F12       ;45-BR001                                          ;WS        ;CS                  ;;1/4/26;9/4/26;10
8785;SHAW                ;D52       ;32-BR402                                          ;WS        ;CS                  ;;15/3/26;          ;0
8787;SHAW                ;D52       ;32-BR402                                          ;WS        ;CS                  ;;15/3/26;          ;0
8788;SHAW                ;D52       ;32-BR402                                          ;WS        ;CS                  ;;15/3/26;          ;0
8789;SHAW                ;D52       ;32-BR402                                          ;WS        ;CS                  ;;15/3/26;          ;0
8792;SHAW                ;B30       ;33-BR402                                          ;WS        ;CS                  ;;15/3/26;          ;0
8795;SHAW                ;B30       ;33-BR402                                          ;WS        ;CS                  ;;15/3/26;          ;0
8796;SHAW                ;B30       ;33-BR402                                          ;WS        ;CS                  ;;15/3/26;          ;0
8797;SHAW                ;B30       ;33-BR402                                          ;WS        ;CS                  ;;15/3/26;          ;0
8802;SHAW                ;D193      ;34-BR402                                          ;WS        ;CS                  ;;15/3/26;          ;0
8803;SHAW                ;D193      ;34-BR402                                          ;WS        ;CS                  ;;15/3/26;          ;0
8804;SHAW                ;D193      ;34-BR402                                          ;WS        ;CS                  ;;15/3/26;          ;0
8805;SHAW                ;D193      ;34-BR402                                          ;WS        ;CS                  ;;15/3/26;          ;0
8810;SHAW                ;D193      ;35-BR402                                          ;WS        ;CS                  ;;15/3/26;          ;0
8811;SHAW                ;D193      ;35-BR402                                          ;WS        ;CS                  ;;15/3/26;          ;0
8812;SHAW                ;D193      ;35-BR402                                          ;WS        ;CS                  ;;15/3/26;          ;0
8813;SHAW                ;D193      ;35-BR402                                          ;WS        ;CS                  ;;15/3/26;          ;0
8817;SHAW                ;D196      ;36-BR402                                          ;WS        ;CS                  ;;15/3/26;          ;0
8818;SHAW                ;D196      ;36-BR402                                          ;WS        ;CS                  ;;15/3/26;          ;0
8819;SHAW                ;D196      ;36-BR402                                          ;WS        ;CS                  ;;15/3/26;          ;0
8821;SHAW                ;D196      ;36-BR402                                          ;WS        ;CS                  ;;15/3/26;          ;0
8826;SHAW                ;D179      ;37-BR402                                          ;WS        ;CS                  ;;15/3/26;          ;0
8827;SHAW                ;D179      ;37-BR402                                          ;WS        ;CS                  ;;15/3/26;          ;0
8828;SHAW                ;D179      ;37-BR402                                          ;WS        ;CS                  ;;15/3/26;          ;0
8829;SHAW                ;D179      ;37-BR402                                          ;WS        ;CS                  ;;15/3/26;          ;0
8874;SHAW                ;D52       ;01-BR003                                          ;WS        ;CS                  ;;12/2/26;          ;10
8875;SHAW                ;D176      ;01-BR003                                          ;WS        ;CS                  ;;11/2/26;          ;10
8877;SHAW                ;D52       ;01-BR003                                          ;WS        ;CS                  ;;11/2/26;          ;10
8878;SHAW                ;D52       ;01-BR003                                          ;WS        ;CS                  ;;11/2/26;16/2/26;10
8879;SHAW                ;B37       ;01-BR003                                          ;WS        ;CS                  ;;11/2/26;          ;10
8883;SHAW                ;D52       ;01-BR003                                          ;WS        ;CS                  ;;10/2/26;          ;10
8884;SHAW                ;D176      ;01-BR003                                          ;WS        ;CS                  ;;12/2/26;          ;10
8886;SHAW                ;D196      ;01-BR003                                          ;WS        ;CS                  ;;10/2/26;          ;10
8894;SHAW                ;D185      ;01-BR003                                          ;WS        ;CS                  ;;15/2/26;          ;10
8897;SHAW                ;D185      ;01-BR003                                          ;WS        ;CS                  ;;15/2/26;          ;10
8898;SHAW                ;D185      ;01-BR003                                          ;WS        ;CS                  ;;15/2/26;20/2/26;10
8931;SHAW                ;B30       ;01-BR003                                          ;WS        ;CS                  ;;11/2/26;          ;10
8934;SHAW                ;D179      ;01-BR003                                          ;WS        ;CS                  ;;11/2/26;          ;10
8935;SHAW                ;F20       ;01-BR003                                          ;WS        ;CS                  ;;11/2/26;          ;10
8952;SHAW                ;D107      ;30-BR003                                          ;WS        ;CS                  ;;1/4/26;          ;10
8968;SHAW                ;D184      ;45-BR001                                          ;WS        ;CS                  ;;14/4/26;          ;0
8974;SHAW                ;D184      ;45-BR001                                          ;WS        ;CS                  ;;14/4/26;          ;0
8991;SHAW                ;B37       ;45-BR001                                          ;WS        ;CS                  ;;29/3/26;          ;10
8998;SHAW                ;D184      ;45-BR001                                          ;WS        ;CS                  ;;14/4/26;          ;0
8999;SHAW                ;D107      ;45-BR001                                          ;WS        ;CS                  ;;26/3/26;          ;10
9001;SHAW                ;B30       ;45-BR001                                          ;WS        ;CS                  ;;7/4/26;          ;0
9138;SHAW                ;D184      ;05-BR003                                          ;WS        ;CS                  ;;11/2/26;          ;10
9150;SHAW                ;D189      ;05-BR003                                          ;WS        ;CS                  ;;11/2/26;20/2/26;10
9152;SHAW                ;B30       ;05-BR003                                          ;WS        ;CS                  ;;11/2/26;          ;10
9166;SHAW                ;D184      ;05-BR003                                          ;WS        ;CS                  ;;11/2/26;          ;10
9185;SHAW                ;D184      ;05-BR003                                          ;WS        ;CS                  ;;11/2/26;          ;10
9213;SHAW                ;D52       ;05-BR003                                          ;WS        ;CS                  ;;15/2/26;          ;10
9221;SHAW                ;D52       ;05-BR003                                          ;WS        ;CS                  ;;15/2/26;          ;10
9223;SHAW                ;D196      ;05-BR003                                          ;WS        ;CS                  ;;19/4/26;          ;0
9268;SHAW                ;D52       ;05-BR003                                          ;WS        ;CS                  ;;15/2/26;          ;10
9329;SHAW                ;B37       ;40-BR401                                          ;WS        ;CS                  ;;14/2/26;          ;0
9345;SHAW                ;D179      ;94-BR001                                          ;WS        ;CS                  ;;12/4/26;          ;0
9358;SHAW                ;D184      ;30-BR003                                          ;WS        ;CS                  ;;1/4/26;          ;10
9364;SHAW                ;D189      ;40-BR401                                          ;WS        ;CS                  ;;15/2/26;          ;0
9379;SHAW                ;D176      ;37-BR002                                          ;WS        ;CS                  ;;15/4/26;          ;0
9398;SHAW                ;B37       ;40-BR401                                          ;WS        ;CS                  ;;14/2/26;          ;0
9417;SHAW                ;D190      ;94-BR001                                          ;WS        ;CS                  ;;13/4/26;          ;10
9418;SHAW                ;D184      ;85-BR001                                          ;WS        ;CS                  ;;17/2/26;          ;10
9425;SHAW                ;D184      ;37-BR002                                          ;WS        ;CS                  ;;31/3/26;          ;0
9426;SHAW                ;D179      ;97-BR002                                          ;WS        ;CS                  ;;14/4/26;          ;0
9427;SHAW                ;D179      ;97-BR002                                          ;WS        ;CS                  ;;14/4/26;          ;0
9440;SHAW                ;D190      ;97-BR002                                          ;WS        ;CS                  ;;12/4/26;          ;0
9449;SHAW                ;D107      ;37-BR002                                          ;WS        ;CS                  ;;5/4/26;          ;0
9450;SHAW                ;D185      ;37-BR002                                          ;WS        ;CS                  ;;31/3/26;          ;10
9451;SHAW                ;D184      ;45-BR001                                          ;WS        ;CS                  ;;1/4/26;          ;10
9457;SHAW                ;D184      ;85-BR001                                          ;WS        ;CS                  ;;17/2/26;          ;10
9484;SHAW                ;D184      ;85-BR001                                          ;WS        ;CS                  ;;17/2/26;25/2/26;10
9489;SHAW                ;B30       ;37-BR002                                          ;WS        ;CS                  ;;31/3/26;          ;10
9504;SHAW                ;F18       ;94-BR001                                          ;WS        ;CS                  ;;2/4/26;          ;10
9510;SHAW                ;D179      ;94-BR001                                          ;WS        ;CS                  ;;14/4/26;          ;0
9511;SHAW                ;D179      ;94-BR001                                          ;WS        ;CS                  ;;14/4/26;          ;0
9526;SHAW                ;D184      ;37-BR002                                          ;WS        ;CS                  ;;14/4/26;          ;0
9531;SHAW                ;D189      ;40-BR401                                          ;WS        ;CS                  ;;15/2/26;          ;0
9542;SHAW                ;D189      ;40-BR401                                          ;WS        ;CS                  ;;15/2/26;          ;0
9549;SHAW                ;B37       ;94-BR001                                          ;WS        ;CS                  ;;13/4/26;          ;0
9550;SHAW                ;B37       ;94-BR001                                          ;WS        ;CS                  ;;13/4/26;          ;10
9552;SHAW                ;D189      ;40-BR401                                          ;WS        ;CS                  ;;15/2/26;          ;0
9562;SHAW                ;D184      ;37-BR002                                          ;WS        ;CS                  ;;31/3/26;          ;10
9563;SHAW                ;D184      ;85-BR001                                          ;WS        ;CS                  ;;17/2/26;          ;10
9565;SHAW                ;D176      ;37-BR002                                          ;WS        ;CS                  ;;15/4/26;          ;0
9566;SHAW                ;D184      ;85-BR001                                          ;WS        ;CS                  ;;11/2/26;          ;10
9570;SHAW                ;D184      ;94-BR001                                          ;WS        ;CS                  ;;8/4/26;          ;10
9581;SHAW                ;B37       ;40-BR401                                          ;WS        ;CS                  ;;14/2/26;          ;0
9590;SHAW                ;D184      ;37-BR002                                          ;WS        ;CS                  ;;5/4/26;          ;10
9591;SHAW                ;D184      ;85-BR001                                          ;WS        ;CS                  ;;11/2/26;          ;10
9608;SHAW                ;D190      ;94-BR001                                          ;WS        ;CS                  ;;19/3/26;26/3/26;10
9630;SHAW                ;B37       ;85-BR001                                          ;WS        ;CS                  ;;17/2/26;          ;10
9631;SHAW                ;B30       ;94-BR001                                          ;WS        ;CS                  ;;9/4/26;          ;10
9632;SHAW                ;D185      ;94-BR001                                          ;WS        ;CS                  ;;13/4/26;          ;0
9656;SHAW                ;D107      ;37-BR002                                          ;WS        ;CS                  ;;2/4/26;          ;0
9657;SHAW                ;B30       ;37-BR002                                          ;WS        ;CS                  ;;31/3/26;          ;10
9672;SHAW                ;B37       ;85-BR001                                          ;WS        ;CS                  ;;17/2/26;          ;10
9675;SHAW                ;B30       ;94-BR001                                          ;WS        ;CS                  ;;14/4/26;          ;10
9680;SHAW                ;B37       ;40-BR401                                          ;WS        ;CS                  ;;14/2/26;          ;0
9688;SHAW                ;B30       ;37-BR002                                          ;WS        ;CS                  ;;31/3/26;          ;10
9697;SHAW                ;D179      ;94-BR001                                          ;WS        ;CS                  ;;13/4/26;          ;0
9699;SHAW                ;D179      ;94-BR001                                          ;WS        ;CS                  ;;12/4/26;          ;0
9707;SHAW                ;D184      ;85-BR001                                          ;WS        ;CS                  ;;16/2/26;          ;10
9731;SHAW                ;B37       ;85-BR001                                          ;WS        ;CS                  ;;17/2/26;25/2/26;10
9741;SHAW                ;B30       ;94-BR001                                          ;WS        ;CS                  ;;9/4/26;          ;10
9748;SHAW                ;D184      ;37-BR002                                          ;WS        ;CS                  ;;14/4/26;          ;0
9751;SHAW                ;D190      ;94-BR001                                          ;WS        ;CS                  ;;12/4/26;          ;10
9752;SHAW                ;D62       ;94-BR001                                          ;WS        ;CS                  ;;13/4/26;          ;0
9774;SHAW                ;B30       ;37-BR002                                          ;WS        ;CS                  ;;31/3/26;          ;0
9776;SHAW                ;B37       ;85-BR001                                          ;WS        ;CS                  ;;17/2/26;          ;10
9795;SHAW                ;B37       ;90-BR801                                          ;WS        ;CS                  ;;14/2/26;          ;0
9797;SHAW                ;D176      ;06-BR001                                          ;WS        ;CS                  ;;10/2/26;12/2/26;10
9811;SHAW                ;D184      ;07-BR001                                          ;WS        ;CS                  ;;12/2/26;16/2/26;10
9812;SHAW                ;D197      ;06-BR001                                          ;WS        ;CS                  ;;10/2/26;12/2/26;10
9850;SHAW                ;D179      ;90-BR801                                          ;WS        ;CS                  ;;14/2/26;          ;0
9853;SHAW                ;D184      ;07-BR001                                          ;WS        ;CS                  ;;12/2/26;          ;10
9896;SHAW                ;D179      ;90-BR801                                          ;WS        ;CS                  ;;14/2/26;          ;0
9953;SHAW                ;B30       ;31-BR003                                          ;WS        ;CS                  ;;15/4/26;          ;0
9960;SHAW                ;D176      ;96-BR006                                          ;WS        ;CS                  ;;10/2/26;12/2/26;10
9965;SHAW                ;D189      ;70-BR004                                          ;WS        ;CS                  ;;10/2/26;          ;10
9966;SHAW                ;D184      ;31-BR003                                          ;WS        ;CS                  ;;14/4/26;          ;0
9970;SHAW                ;B30       ;87-BR001                                          ;WS        ;CS                  ;;30/3/26;          ;10
9979;SHAW                ;D190      ;22-BR401                                          ;WS        ;CS                  ;;5/2/26;10/2/26;10
9983;SHAW                ;D193      ;22-BR401                                          ;WS        ;CS                  ;;16/2/26;25/2/26;10
9988;SHAW                ;D185      ;70-BR001                                          ;WS        ;CS                  ;;10/3/26;          ;0
9995;SHAW                ;B30       ;22-BR401                                          ;WS        ;CS                  ;;11/2/26;          ;10
9996;SHAW                ;D190      ;10-BR501                                          ;WS        ;CS                  ;;12/4/26;          ;10
10002;SHAW                ;F18       ;70-BR001                                          ;WS        ;CS                  ;;24/2/26;          ;0
10018;SHAW                ;D184      ;88-BR001                                          ;WS        ;CS                  ;;29/3/26;          ;10
10020;SHAW                ;B30       ;31-BR003                                          ;WS        ;CS                  ;;15/4/26;          ;0
10025;SHAW                ;D179      ;31-BR003                                          ;WS        ;CS                  ;;8/3/26;14/3/26;10
10028;SHAW                ;D184      ;31-BR003                                          ;WS        ;CS                  ;;9/3/26;          ;0
10035;SHAW                ;D107      ;70-BR001                                          ;WS        ;CS                  ;;5/3/26;26/3/26;10
10039;SHAW                ;D52       ;22-BR401                                          ;WS        ;CS                  ;;8/2/26;10/2/26;10
10045;SHAW                ;D189      ;22-BR401                                          ;WS        ;CS                  ;;17/2/26;          ;10
10052;SHAW                ;B30       ;86-BR001                                          ;WS        ;CS                  ;;19/3/26;26/3/26;10
10080;SHAW                ;B30       ;86-BR001                                          ;WS        ;CS                  ;;7/4/26;          ;10
10082;SHAW                ;D197      ;70-BR001                                          ;WS        ;CS                  ;;11/2/26;12/2/26;10
10085;SHAW                ;D196      ;96-BR006                                          ;WS        ;CS                  ;;11/2/26;12/2/26;10
10092;SHAW                ;B37       ;31-BR003                                          ;WS        ;CS                  ;;30/3/26;          ;10
10127;SHAW                ;D184      ;87-BR001                                          ;WS        ;CS                  ;;25/3/26;26/3/26;10
10128;SHAW                ;D184      ;22-BR401                                          ;WS        ;CS                  ;;8/2/26;10/2/26;10
10131;SHAW                ;D52       ;88-BR001                                          ;WS        ;CS                  ;;9/4/26;          ;10
10134;SHAW                ;D184      ;10-BR501                                          ;WS        ;CS                  ;;19/2/26;25/2/26;10
10135;SHAW                ;D185      ;70-BR001                                          ;WS        ;CS                  ;;10/2/26;          ;10
10141;SHAW                ;D184      ;88-BR001                                          ;WS        ;CS                  ;;29/3/26;          ;10
10145;SHAW                ;B30       ;88-BR001                                          ;WS        ;CS                  ;;8/4/26;          ;10
10146;SHAW                ;D52       ;88-BR001                                          ;WS        ;CS                  ;;9/4/26;          ;0
10155;SHAW                ;F12       ;22-BR401                                          ;WS        ;CS                  ;;15/2/26;20/2/26;10
10165;SHAW                ;D19       ;88-BR001                                          ;WS        ;CS                  ;;25/3/26;1/4/26;10
10178;SHAW                ;D193      ;70-BR001                                          ;WS        ;CS                  ;;5/3/26;          ;10
10180;SHAW                ;D185      ;70-BR001                                          ;WS        ;CS                  ;;10/3/26;          ;0
10182;SHAW                ;D52       ;22-BR401                                          ;WS        ;CS                  ;;8/2/26;10/2/26;10
10187;SHAW                ;D185      ;31-BR003                                          ;WS        ;CS                  ;;9/3/26;          ;0
10193;SHAW                ;B37       ;31-BR003                                          ;WS        ;CS                  ;;30/3/26;          ;10
10199;SHAW                ;B30       ;70-BR001                                          ;WS        ;CS                  ;;16/3/26;          ;10
10202;SHAW                ;D184      ;70-BR001                                          ;WS        ;CS                  ;;10/3/26;          ;0
10205;SHAW                ;D107      ;70-BR001                                          ;WS        ;CS                  ;;12/3/26;          ;0
10207;SHAW                ;D107      ;31-BR003                                          ;WS        ;CS                  ;;6/4/26;          ;0
10212;SHAW                ;D107      ;70-BR001                                          ;WS        ;CS                  ;;5/3/26;          ;10
10213;SHAW                ;B30       ;70-BR001                                          ;WS        ;CS                  ;;16/3/26;          ;10
10221;SHAW                ;F12       ;87-BR001                                          ;WS        ;CS                  ;;12/4/26;          ;0
10222;SHAW                ;B30       ;87-BR001                                          ;WS        ;CS                  ;;7/4/26;          ;10
10225;SHAW                ;D179      ;70-BR001                                          ;WS        ;CS                  ;;5/3/26;          ;10
10232;SHAW                ;D179      ;10-BR501                                          ;WS        ;CS                  ;;18/2/26;24/2/26;10
10233;SHAW                ;D107      ;70-BR001                                          ;WS        ;CS                  ;;12/3/26;18/3/26;10
10235;SHAW                ;B30       ;70-BR001                                          ;WS        ;CS                  ;;16/3/26;          ;10
10241;SHAW                ;D184      ;86-BR001                                          ;WS        ;CS                  ;;29/3/26;          ;10
10249;SHAW                ;D184      ;31-BR003                                          ;WS        ;CS                  ;;8/3/26;          ;10
10252;SHAW                ;D189      ;22-BR401                                          ;WS        ;CS                  ;;17/2/26;          ;10
10255;SHAW                ;D176      ;10-BR501                                          ;WS        ;CS                  ;;10/2/26;          ;10
10260;SHAW                ;B30       ;87-BR001                                          ;WS        ;CS                  ;;25/3/26;          ;10
10265;SHAW                ;D190      ;10-BR501                                          ;WS        ;CS                  ;;12/4/26;          ;10
10266;SHAW                ;D196      ;96-BR001                                          ;WS        ;CS                  ;;11/2/26;12/2/26;10
10286;SHAW                ;D189      ;22-BR401                                          ;WS        ;CS                  ;;17/2/26;          ;10
10294;SHAW                ;B37       ;86-BR001                                          ;WS        ;CS                  ;;12/4/26;          ;10
10296;SHAW                ;D19       ;86-BR001                                          ;WS        ;CS                  ;;25/3/26;1/4/26;10
10305;SHAW                ;D107      ;70-BR001                                          ;WS        ;CS                  ;;5/3/26;26/3/26;10
10306;SHAW                ;D193      ;22-BR401                                          ;WS        ;CS                  ;;17/2/26;          ;10
10309;SHAW                ;D52       ;22-BR401                                          ;WS        ;CS                  ;;10/2/26;          ;10
10310;SHAW                ;D196      ;10-BR501                                          ;WS        ;CS                  ;;18/2/26;24/2/26;10
10311;SHAW                ;D189      ;22-BR401                                          ;WS        ;CS                  ;;17/2/26;          ;10
10312;SHAW                ;D184      ;31-BR003                                          ;WS        ;CS                  ;;8/3/26;14/3/26;10
10322;SHAW                ;D107      ;70-BR001                                          ;WS        ;CS                  ;;9/3/26;          ;0
10327;SHAW                ;D193      ;22-BR401                                          ;WS        ;CS                  ;;17/2/26;          ;10
10338;SHAW                ;D179      ;31-BR003                                          ;WS        ;CS                  ;;8/3/26;          ;0
10348;SHAW                ;D107      ;31-BR002                                          ;WS        ;CS                  ;;31/3/26;          ;10
10350;SHAW                ;D107      ;31-BR002                                          ;WS        ;CS                  ;;31/3/26;          ;10
10351;SHAW                ;D107      ;31-BR002                                          ;WS        ;CS                  ;;5/4/26;          ;0
10353;SHAW                ;D184      ;31-BR003                                          ;WS        ;CS                  ;;14/4/26;          ;0
10357;SHAW                ;D19       ;87-BR001                                          ;WS        ;CS                  ;;25/3/26;1/4/26;10
10365;SHAW                ;D107      ;70-BR001                                          ;WS        ;CS                  ;;12/3/26;          ;0
10373;SHAW                ;D176      ;10-BR501                                          ;WS        ;CS                  ;;18/2/26;25/2/26;10
10377;SHAW                ;D184      ;88-BR001                                          ;WS        ;CS                  ;;25/3/26;26/3/26;10
10382;SHAW                ;D176      ;31-BR003                                          ;WS        ;CS                  ;;15/4/26;          ;0
10384;SHAW                ;D190      ;10-BR501                                          ;WS        ;CS                  ;;12/4/26;          ;10
10386;SHAW                ;B30       ;88-BR001                                          ;WS        ;CS                  ;;8/4/26;          ;10
10387;SHAW                ;D179      ;10-BR501                                          ;WS        ;CS                  ;;10/2/26;          ;10
10450;SHAW                ;D190      ;22-BR401                                          ;WS        ;CS                  ;;5/2/26;10/2/26;10
10452;SHAW                ;B37       ;31-BR003                                          ;WS        ;CS                  ;;30/3/26;          ;10
10461;SHAW                ;D179      ;31-BR003                                          ;WS        ;CS                  ;;8/3/26;          ;10
10463;SHAW                ;F12       ;87-BR001                                          ;WS        ;CS                  ;;12/4/26;          ;10
10464;SHAW                ;D185      ;96-BR001                                          ;WS        ;CS                  ;;12/2/26;          ;10
10483;SHAW                ;B30       ;87-BR001                                          ;WS        ;CS                  ;;8/4/26;          ;10
10492;SHAW                ;F12       ;86-BR001                                          ;WS        ;CS                  ;;12/4/26;          ;0
10493;SHAW                ;D184      ;86-BR001                                          ;WS        ;CS                  ;;7/4/26;          ;10
10500;SHAW                ;B30       ;22-BR401                                          ;WS        ;CS                  ;;11/2/26;          ;10
10506;SHAW                ;D176      ;10-BR501                                          ;WS        ;CS                  ;;10/2/26;          ;10
10509;SHAW                ;D193      ;10-BR501                                          ;WS        ;CS                  ;;22/2/26;9/3/26;10
10534;SHAW                ;D107      ;96-BR001                                          ;WS        ;CS                  ;;12/2/26;          ;10
10544;SHAW                ;D52       ;10-BR501                                          ;WS        ;CS                  ;;11/2/26;          ;10
10549;SHAW                ;D185      ;70-BR001                                          ;WS        ;CS                  ;;10/3/26;14/3/26;10
10555;SHAW                ;D19       ;86-BR001                                          ;WS        ;CS                  ;;26/3/26;1/4/26;10
10559;SHAW                ;B37       ;31-BR003                                          ;WS        ;CS                  ;;30/3/26;          ;0
10569;SHAW                ;D196      ;96-BR006                                          ;WS        ;CS                  ;;9/2/26;10/2/26;10
10571;SHAW                ;D193      ;22-BR401                                          ;WS        ;CS                  ;;16/2/26;          ;10
10586;SHAW                ;D176      ;31-BR003                                          ;WS        ;CS                  ;;15/4/26;          ;0
10608;SHAW                ;D179      ;31-BR003                                          ;WS        ;CS                  ;;8/3/26;          ;10
10633;SHAW                ;D185      ;31-BR401                                          ;WS        ;CS                  ;;15/4/26;          ;0
10725;SHAW                ;D196      ;32-BR902                                          ;WS        ;CS                  ;;17/2/26;          ;0
10727;SHAW                ;D179      ;33-BR902                                          ;WS        ;CS                  ;;15/2/26;          ;0
10729;SHAW                ;D196      ;32-BR902                                          ;WS        ;CS                  ;;17/2/26;          ;0
10732;SHAW                ;D107      ;34-BR902                                          ;WS        ;CS                  ;;18/2/26;          ;0
10733;SHAW                ;D179      ;32-BR511                                          ;WS        ;CS                  ;;17/3/26;          ;0
10734;SHAW                ;D185      ;38-BR902                                          ;WS        ;CS                  ;;17/2/26;          ;0
10738;SHAW                ;D196      ;33-BR902                                          ;WS        ;CS                  ;;22/2/26;          ;0
10739;SHAW                ;B37       ;32-BR902                                          ;WS        ;CS                  ;;15/2/26;          ;0
10762;SHAW                ;D179      ;34-BR902                                          ;WS        ;CS                  ;;14/2/26;          ;0
10764;SHAW                ;D179      ;33-BR902                                          ;WS        ;CS                  ;;15/2/26;          ;0
10766;SHAW                ;D185      ;38-BR902                                          ;WS        ;CS                  ;;17/2/26;          ;0
10776;SHAW                ;D52       ;10-BR501                                          ;WS        ;CS                  ;;19/2/26;          ;10
10783;SHAW                ;D176      ;35-BR902                                          ;WS        ;CS                  ;;17/2/26;          ;0
10786;SHAW                ;D196      ;36-BR902                                          ;WS        ;CS                  ;;17/2/26;          ;0
10800;SHAW                ;D196      ;38-BR902                                          ;WS        ;CS                  ;;15/2/26;          ;0
10803;SHAW                ;D176      ;31-BR002                                          ;WS        ;CS                  ;;31/3/26;          ;10
10804;SHAW                ;D107      ;31-BR002                                          ;WS        ;CS                  ;;6/4/26;          ;0
10809;SHAW                ;D193      ;32-BR902                                          ;WS        ;CS                  ;;14/2/26;          ;0
10820;SHAW                ;D196      ;36-BR902                                          ;WS        ;CS                  ;;17/2/26;          ;0
10827;SHAW                ;D190      ;33-BR511                                          ;WS        ;CS                  ;;17/3/26;          ;0
10828;SHAW                ;D193      ;33-BR902                                          ;WS        ;CS                  ;;15/2/26;          ;0
10829;SHAW                ;D196      ;32-BR902                                          ;WS        ;CS                  ;;16/2/26;          ;0
10839;SHAW                ;D176      ;31-BR002                                          ;WS        ;CS                  ;;31/3/26;          ;10
10840;SHAW                ;D193      ;33-BR902                                          ;WS        ;CS                  ;;15/2/26;          ;0
10848;SHAW                ;D52       ;10-BR501                                          ;WS        ;CS                  ;;19/2/26;          ;10
10849;SHAW                ;D193      ;33-BR511                                          ;WS        ;CS                  ;;16/3/26;          ;0
10850;SHAW                ;B37       ;33-BR902                                          ;WS        ;CS                  ;;16/2/26;          ;0
10854;SHAW                ;D179      ;32-BR511                                          ;WS        ;CS                  ;;17/3/26;          ;0
10860;SHAW                ;D190      ;33-BR511                                          ;WS        ;CS                  ;;17/3/26;          ;0
10865;SHAW                ;D196      ;32-BR902                                          ;WS        ;CS                  ;;14/2/26;          ;0
10866;SHAW                ;D196      ;32-BR902                                          ;WS        ;CS                  ;;14/2/26;          ;0
10873;SHAW                ;D185      ;38-BR902                                          ;WS        ;CS                  ;;18/2/26;          ;0
10874;SHAW                ;B37       ;35-BR902                                          ;WS        ;CS                  ;;18/2/26;          ;0
10879;SHAW                ;D196      ;32-BR902                                          ;WS        ;CS                  ;;14/2/26;          ;0
10880;SHAW                ;D176      ;34-BR902                                          ;WS        ;CS                  ;;15/2/26;          ;0
10887;SHAW                ;D184      ;38-BR902                                          ;WS        ;CS                  ;;15/2/26;          ;0
10892;SHAW                ;D179      ;32-BR511                                          ;WS        ;CS                  ;;17/3/26;          ;0
10894;SHAW                ;D184      ;38-BR902                                          ;WS        ;CS                  ;;15/2/26;          ;0
10900;SHAW                ;D107      ;34-BR902                                          ;WS        ;CS                  ;;18/2/26;          ;0
10911;SHAW                ;D196      ;33-BR902                                          ;WS        ;CS                  ;;22/2/26;          ;0
10916;SHAW                ;D179      ;34-BR902                                          ;WS        ;CS                  ;;14/2/26;          ;0
10927;SHAW                ;D189      ;34-BR902                                          ;WS        ;CS                  ;;18/2/26;          ;0
10933;SHAW                ;D176      ;34-BR902                                          ;WS        ;CS                  ;;15/2/26;          ;0
10939;SHAW                ;D176      ;34-BR902                                          ;WS        ;CS                  ;;15/2/26;          ;0
10941;SHAW                ;B37       ;32-BR902                                          ;WS        ;CS                  ;;15/2/26;          ;0
10944;SHAW                ;D193      ;33-BR511                                          ;WS        ;CS                  ;;16/3/26;          ;0
10947;SHAW                ;D179      ;32-BR511                                          ;WS        ;CS                  ;;16/3/26;          ;0
10950;SHAW                ;D196      ;33-BR902                                          ;WS        ;CS                  ;;22/2/26;          ;0
10956;SHAW                ;D193      ;33-BR902                                          ;WS        ;CS                  ;;15/2/26;          ;0
10957;SHAW                ;D196      ;32-BR902                                          ;WS        ;CS                  ;;16/2/26;          ;0
10959;SHAW                ;D196      ;32-BR902                                          ;WS        ;CS                  ;;16/2/26;          ;0
10964;SHAW                ;D185      ;38-BR902                                          ;WS        ;CS                  ;;18/2/26;          ;0
10967;SHAW                ;D193      ;33-BR902                                          ;WS        ;CS                  ;;15/2/26;          ;0
10973;SHAW                ;D189      ;34-BR902                                          ;WS        ;CS                  ;;18/2/26;          ;0
10984;SHAW                ;D196      ;33-BR902                                          ;WS        ;CS                  ;;22/2/26;          ;0
10992;SHAW                ;D179      ;34-BR902                                          ;WS        ;CS                  ;;14/2/26;          ;0
10999;SHAW                ;D193      ;32-BR902                                          ;WS        ;CS                  ;;14/2/26;          ;0
11007;SHAW                ;D189      ;34-BR902                                          ;WS        ;CS                  ;;18/2/26;          ;0
11009;SHAW                ;B37       ;33-BR902                                          ;WS        ;CS                  ;;16/2/26;          ;0
11010;SHAW                ;D52       ;10-BR501                                          ;WS        ;CS                  ;;19/2/26;24/2/26;10
11021;SHAW                ;B37       ;33-BR902                                          ;WS        ;CS                  ;;16/2/26;          ;0
11032;SHAW                ;D176      ;34-BR902                                          ;WS        ;CS                  ;;15/2/26;          ;0
11036;SHAW                ;D193      ;32-BR902                                          ;WS        ;CS                  ;;14/2/26;          ;0
11044;SHAW                ;D107      ;34-BR902                                          ;WS        ;CS                  ;;18/2/26;          ;0
11046;SHAW                ;D179      ;32-BR511                                          ;WS        ;CS                  ;;17/3/26;          ;0
11048;SHAW                ;B37       ;35-BR902                                          ;WS        ;CS                  ;;18/2/26;          ;0
11058;SHAW                ;B37       ;33-BR902                                          ;WS        ;CS                  ;;16/2/26;          ;0
11062;SHAW                ;D193      ;33-BR511                                          ;WS        ;CS                  ;;16/3/26;          ;0
11065;SHAW                ;D179      ;33-BR902                                          ;WS        ;CS                  ;;15/2/26;          ;0
11068;SHAW                ;D196      ;32-BR902                                          ;WS        ;CS                  ;;14/2/26;          ;0
11071;SHAW                ;D179      ;33-BR902                                          ;WS        ;CS                  ;;15/2/26;          ;0
11079;SHAW                ;D52       ;10-BR501                                          ;WS        ;CS                  ;;19/2/26;          ;10
11092;SHAW                ;D193      ;33-BR902                                          ;WS        ;CS                  ;;15/2/26;          ;0
11096;SHAW                ;D184      ;38-BR902                                          ;WS        ;CS                  ;;15/2/26;          ;0
11097;SHAW                ;D189      ;34-BR902                                          ;WS        ;CS                  ;;18/2/26;          ;0
11102;SHAW                ;D176      ;35-BR902                                          ;WS        ;CS                  ;;17/2/26;          ;0
11106;SHAW                ;D193      ;32-BR902                                          ;WS        ;CS                  ;;14/2/26;          ;0
11108;SHAW                ;B37       ;33-BR902                                          ;WS        ;CS                  ;;16/2/26;          ;0
11119;SHAW                ;B37       ;31-BR003                                          ;WS        ;CS                  ;;29/3/26;          ;10
11177;SHAW                ;D177      ;41-BR501                                          ;WS        ;CS                  ;;10/3/26;14/3/26;10
11196;SHAW                ;D179      ;30-BR003                                          ;WS        ;CS                  ;;26/3/26;          ;10
11201;SHAW                ;B37       ;39-BR005                                          ;WS        ;CS                  ;;5/3/26;          ;10
11209;SHAW                ;B37       ;39-BR005                                          ;WS        ;CS                  ;;5/3/26;          ;10
11212;SHAW                ;D196      ;30-BR003                                          ;WS        ;CS                  ;;29/3/26;          ;10
11226;SHAW                ;D52       ;41-BR501                                          ;WS        ;CS                  ;;23/2/26;          ;10
11237;SHAW                ;D107      ;38-BR902                                          ;WS        ;CS                  ;;19/2/26;          ;0
11240;SHAW                ;D193      ;36-BR902                                          ;WS        ;CS                  ;;19/2/26;          ;0
11250;SHAW                ;D107      ;45-BR001                                          ;WS        ;CS                  ;;6/4/26;          ;0
11260;SHAW                ;D176      ;45-BR001                                          ;WS        ;CS                  ;;19/4/26;          ;0
11263;SHAW                ;D177      ;41-BR501                                          ;WS        ;CS                  ;;10/3/26;14/3/26;10
11265;SHAW                ;D196      ;85-BR001                                          ;WS        ;CS                  ;;12/2/26;          ;10
11280;SHAW                ;B37       ;10-BR501                                          ;WS        ;CS                  ;;12/2/26;          ;10
11290;SHAW                ;D52       ;41-BR501                                          ;WS        ;CS                  ;;23/2/26;9/3/26;10
11292;SHAW                ;D184      ;30-BR003                                          ;WS        ;CS                  ;;19/4/26;          ;0
11293;SHAW                ;B37       ;10-BR501                                          ;WS        ;CS                  ;;12/2/26;          ;10
11306;SHAW                ;D107      ;38-BR902                                          ;WS        ;CS                  ;;19/2/26;          ;0
11309;SHAW                ;D193      ;36-BR902                                          ;WS        ;CS                  ;;19/2/26;          ;0
11312;SHAW                ;D52       ;39-BR005                                          ;WS        ;CS                  ;;26/2/26;          ;10
11321;SHAW                ;D176      ;45-BR001                                          ;WS        ;CS                  ;;19/4/26;          ;0
11330;SHAW                ;D107      ;85-BR001                                          ;WS        ;CS                  ;;11/2/26;16/2/26;10
11349;SHAW                ;B30       ;39-BR005                                          ;WS        ;CS                  ;;26/2/26;9/3/26;10
11363;SHAW                ;D193      ;38-BR902                                          ;WS        ;CS                  ;;18/2/26;          ;0
11366;SHAW                ;D176      ;45-BR001                                          ;WS        ;CS                  ;;19/4/26;          ;0
11372;SHAW                ;D107      ;38-BR902                                          ;WS        ;CS                  ;;19/2/26;          ;0
11380;SHAW                ;D193      ;38-BR902                                          ;WS        ;CS                  ;;18/2/26;          ;0
11386;SHAW                ;B37       ;39-BR005                                          ;WS        ;CS                  ;;5/3/26;          ;10
11392;SHAW                ;D52       ;39-BR005                                          ;WS        ;CS                  ;;26/2/26;          ;10
11400;SHAW                ;D176      ;45-BR001                                          ;WS        ;CS                  ;;19/4/26;          ;0
11415;SHAW                ;B30       ;30-BR003                                          ;WS        ;CS                  ;;6/4/26;          ;0
11418;SHAW                ;B37       ;10-BR501                                          ;WS        ;CS                  ;;12/2/26;          ;10
11420;SHAW                ;D196      ;45-BR001                                          ;WS        ;CS                  ;;26/3/26;1/4/26;10
11426;SHAW                ;D52       ;45-BR001                                          ;WS        ;CS                  ;;26/3/26;1/4/26;10
11442;SHAW                ;B37       ;10-BR501                                          ;WS        ;CS                  ;;12/2/26;          ;10
11446;SHAW                ;D193      ;38-BR902                                          ;WS        ;CS                  ;;18/2/26;          ;0
11453;SHAW                ;D52       ;41-BR501                                          ;WS        ;CS                  ;;23/2/26;          ;10
11465;SHAW                ;B37       ;38-BR902                                          ;WS        ;CS                  ;;19/2/26;          ;0
11489;SHAW                ;D184      ;30-BR003                                          ;WS        ;CS                  ;;19/4/26;          ;0
11504;SHAW                ;D193      ;38-BR902                                          ;WS        ;CS                  ;;18/2/26;          ;0
11511;SHAW                ;D184      ;30-BR003                                          ;WS        ;CS                  ;;19/4/26;          ;0
11512;SHAW                ;D184      ;30-BR003                                          ;WS        ;CS                  ;;19/4/26;          ;0
11514;SHAW                ;B37       ;39-BR005                                          ;WS        ;CS                  ;;5/3/26;          ;10
11515;SHAW                ;D177      ;41-BR501                                          ;WS        ;CS                  ;;10/3/26;14/3/26;10
11562;SHAW                ;D184      ;32-BR512                                          ;WS        ;CS                  ;;15/4/26;          ;0
11572;SHAW                ;D184      ;33-BR512                                          ;WS        ;CS                  ;;19/4/26;          ;0
11574;SHAW                ;D52       ;34-BR901                                          ;WS        ;CS                  ;;25/2/26;          ;0
11575;SHAW                ;D62       ;38-BR003                                          ;WS        ;CS                  ;;18/3/26;          ;0
11576;SHAW                ;D179      ;38-BR004                                          ;WS        ;CS                  ;;24/2/26;          ;0
11583;SHAW                ;D184      ;38-BR004                                          ;WS        ;CS                  ;;23/2/26;          ;0
11584;SHAW                ;B14       ;32-BR512                                          ;WS        ;CS                  ;;5/3/26;          ;0
11585;SHAW                ;B14       ;38-BR003                                          ;WS        ;CS                  ;;24/2/26;          ;0
11589;SHAW                ;B14       ;38-BR003                                          ;WS        ;CS                  ;;23/2/26;          ;0
11590;SHAW                ;D190      ;38-BR004                                          ;WS        ;CS                  ;;23/2/26;          ;0
11591;SHAW                ;D62       ;38-BR003                                          ;WS        ;CS                  ;;18/3/26;          ;0
11599;SHAW                ;D190      ;87-BR401                                          ;WS        ;CS                  ;;19/4/26;          ;0
11601;SHAW                ;B14       ;38-BR003                                          ;WS        ;CS                  ;;18/3/26;          ;0
11603;SHAW                ;D176      ;35-BR512                                          ;WS        ;CS                  ;;15/4/26;          ;0
11608;SHAW                ;B14       ;38-BR003                                          ;WS        ;CS                  ;;18/3/26;          ;0
11609;SHAW                ;B14       ;32-BR512                                          ;WS        ;CS                  ;;5/3/26;          ;0
11614;SHAW                ;D185      ;38-BR004                                          ;WS        ;CS                  ;;23/2/26;          ;0
11616;SHAW                ;B14       ;38-BR003                                          ;WS        ;CS                  ;;23/2/26;          ;0
11625;SHAW                ;D184      ;38-BR003                                          ;WS        ;CS                  ;;23/2/26;          ;0
11626;SHAW                ;D193      ;34-BR001                                          ;WS        ;CS                  ;;19/2/26;          ;0
11631;SHAW                ;D196      ;32-BR902                                          ;WS        ;CS                  ;;23/2/26;          ;0
11632;SHAW                ;B37       ;38-BR901                                          ;WS        ;CS                  ;;23/2/26;          ;0
11635;SHAW                ;B14       ;38-BR003                                          ;WS        ;CS                  ;;18/3/26;          ;0
11637;SHAW                ;B37       ;35-BR901                                          ;WS        ;CS                  ;;23/2/26;          ;0
11638;SHAW                ;D184      ;35-BR512                                          ;WS        ;CS                  ;;19/4/26;          ;0
11639;SHAW                ;D184      ;38-BR003                                          ;WS        ;CS                  ;;23/2/26;          ;0
11641;SHAW                ;B14       ;38-BR003                                          ;WS        ;CS                  ;;18/3/26;          ;0
11642;SHAW                ;B14       ;38-BR003                                          ;WS        ;CS                  ;;18/3/26;          ;0
11643;SHAW                ;D179      ;38-BR003                                          ;WS        ;CS                  ;;23/2/26;          ;0
11644;SHAW                ;D184      ;38-BR003                                          ;WS        ;CS                  ;;23/2/26;          ;0
11645;SHAW                ;D176      ;38-BR502                                          ;WS        ;CS                  ;;15/4/26;          ;0
11648;SHAW                ;B14       ;33-BR512                                          ;WS        ;CS                  ;;5/3/26;          ;0
11656;SHAW                ;D193      ;34-BR001                                          ;WS        ;CS                  ;;18/2/26;          ;0
11662;SHAW                ;D179      ;34-BR005                                          ;WS        ;CS                  ;;19/2/26;          ;0
11664;SHAW                ;B30       ;41-BR402                                          ;WS        ;CS                  ;;19/4/26;          ;0
11666;SHAW                ;D196      ;32-BR902                                          ;WS        ;CS                  ;;23/2/26;          ;0
11667;SHAW                ;B37       ;36-BR901                                          ;WS        ;CS                  ;;23/2/26;          ;0
11668;SHAW                ;B14       ;38-BR003                                          ;WS        ;CS                  ;;18/3/26;          ;0
11672;SHAW                ;B37       ;34-BR005                                          ;WS        ;CS                  ;;18/2/26;          ;0
11673;SHAW                ;D176      ;33-BR512                                          ;WS        ;CS                  ;;19/4/26;          ;0
11684;SHAW                ;D52       ;38-BR502                                          ;WS        ;CS                  ;;19/3/26;          ;0
11689;SHAW                ;D52       ;32-BR902                                          ;WS        ;CS                  ;;23/2/26;          ;0
11697;SHAW                ;D184      ;38-BR003                                          ;WS        ;CS                  ;;24/2/26;          ;0
11699;SHAW                ;D176      ;35-BR512                                          ;WS        ;CS                  ;;20/4/26;          ;0
11700;SHAW                ;B14       ;38-BR003                                          ;WS        ;CS                  ;;23/2/26;          ;0
11701;SHAW                ;D184      ;32-BR512                                          ;WS        ;CS                  ;;15/4/26;          ;0
11703;SHAW                ;D52       ;38-BR502                                          ;WS        ;CS                  ;;19/3/26;          ;0
11704;SHAW                ;B30       ;41-BR402                                          ;WS        ;CS                  ;;19/4/26;          ;0
11711;SHAW                ;B37       ;34-BR901                                          ;WS        ;CS                  ;;23/2/26;          ;0
11713;SHAW                ;B30       ;41-BR402                                          ;WS        ;CS                  ;;19/4/26;          ;0
11715;SHAW                ;B37       ;34-BR001                                          ;WS        ;CS                  ;;19/2/26;          ;0
11721;SHAW                ;B14       ;38-BR502                                          ;WS        ;CS                  ;;5/3/26;          ;0
11723;SHAW                ;B37       ;41-BR402                                          ;WS        ;CS                  ;;26/2/26;          ;0
11726;SHAW                ;D196      ;41-BR402                                          ;WS        ;CS                  ;;4/3/26;          ;0
11727;SHAW                ;B37       ;36-BR901                                          ;WS        ;CS                  ;;23/2/26;          ;0
11729;SHAW                ;D107      ;34-BR001                                          ;WS        ;CS                  ;;22/2/26;          ;0
11733;SHAW                ;D176      ;33-BR512                                          ;WS        ;CS                  ;;19/4/26;          ;0
11734;SHAW                ;B14       ;38-BR003                                          ;WS        ;CS                  ;;18/3/26;          ;0
11735;SHAW                ;D176      ;38-BR502                                          ;WS        ;CS                  ;;14/4/26;          ;0
11736;SHAW                ;D107      ;34-BR001                                          ;WS        ;CS                  ;;22/2/26;          ;0
11737;SHAW                ;D179      ;38-BR004                                          ;WS        ;CS                  ;;23/2/26;          ;0
11738;SHAW                ;B30       ;41-BR402                                          ;WS        ;CS                  ;;19/4/26;          ;0
11739;SHAW                ;B37       ;35-BR901                                          ;WS        ;CS                  ;;23/2/26;          ;0
11746;SHAW                ;D185      ;38-BR004                                          ;WS        ;CS                  ;;23/2/26;          ;0
11753;SHAW                ;D196      ;32-BR902                                          ;WS        ;CS                  ;;22/2/26;          ;0
11754;SHAW                ;D190      ;38-BR004                                          ;WS        ;CS                  ;;23/2/26;          ;0
11755;SHAW                ;D176      ;35-BR512                                          ;WS        ;CS                  ;;15/4/26;          ;0
11758;SHAW                ;B14       ;38-BR003                                          ;WS        ;CS                  ;;18/3/26;          ;0
11762;SHAW                ;D184      ;34-BR005                                          ;WS        ;CS                  ;;19/2/26;          ;0
11763;SHAW                ;D107      ;34-BR001                                          ;WS        ;CS                  ;;22/2/26;          ;0
11767;SHAW                ;B37       ;41-BR402                                          ;WS        ;CS                  ;;26/2/26;          ;0
11768;SHAW                ;D107      ;34-BR001                                          ;WS        ;CS                  ;;19/2/26;          ;0
11771;SHAW                ;D185      ;38-BR004                                          ;WS        ;CS                  ;;23/2/26;          ;0
11773;SHAW                ;D179      ;34-BR005                                          ;WS        ;CS                  ;;22/2/26;          ;0
11784;SHAW                ;D107      ;38-BR004                                          ;WS        ;CS                  ;;24/2/26;          ;0
11785;SHAW                ;D184      ;38-BR003                                          ;WS        ;CS                  ;;24/2/26;          ;0
11788;SHAW                ;D176      ;35-BR512                                          ;WS        ;CS                  ;;20/4/26;          ;0
11795;SHAW                ;D193      ;34-BR001                                          ;WS        ;CS                  ;;19/2/26;          ;0
11796;SHAW                ;D190      ;38-BR004                                          ;WS        ;CS                  ;;23/2/26;          ;0
11798;SHAW                ;D185      ;34-BR001                                          ;WS        ;CS                  ;;19/2/26;          ;0
11799;SHAW                ;B14       ;32-BR512                                          ;WS        ;CS                  ;;5/3/26;          ;0
11801;SHAW                ;B14       ;38-BR502                                          ;WS        ;CS                  ;;5/3/26;          ;0
11802;SHAW                ;D185      ;38-BR004                                          ;WS        ;CS                  ;;23/2/26;          ;0
11803;SHAW                ;B14       ;33-BR512                                          ;WS        ;CS                  ;;5/3/26;          ;0
11808;SHAW                ;D52       ;32-BR902                                          ;WS        ;CS                  ;;23/2/26;          ;0
11812;SHAW                ;D52       ;33-BR512                                          ;WS        ;CS                  ;;16/4/26;          ;0
11813;SHAW                ;D176      ;38-BR502                                          ;WS        ;CS                  ;;14/4/26;          ;0
11814;SHAW                ;D176      ;35-BR512                                          ;WS        ;CS                  ;;15/4/26;          ;0
11815;SHAW                ;D184      ;32-BR902                                          ;WS        ;CS                  ;;23/2/26;          ;0
11816;SHAW                ;D190      ;87-BR401                                          ;WS        ;CS                  ;;19/4/26;          ;0
11819;SHAW                ;D185      ;38-BR004                                          ;WS        ;CS                  ;;23/2/26;          ;0
11821;SHAW                ;D176      ;35-BR512                                          ;WS        ;CS                  ;;20/4/26;          ;0
11823;SHAW                ;B14       ;38-BR003                                          ;WS        ;CS                  ;;24/2/26;          ;0
11824;SHAW                ;D176      ;38-BR502                                          ;WS        ;CS                  ;;15/3/26;          ;0
11825;SHAW                ;D107      ;34-BR005                                          ;WS        ;CS                  ;;19/2/26;          ;0
11826;SHAW                ;B37       ;33-BR901                                          ;WS        ;CS                  ;;23/2/26;          ;0
11827;SHAW                ;D179      ;38-BR004                                          ;WS        ;CS                  ;;24/2/26;          ;0
11833;SHAW                ;D62       ;38-BR003                                          ;WS        ;CS                  ;;18/3/26;          ;0
11839;SHAW                ;D179      ;38-BR004                                          ;WS        ;CS                  ;;23/2/26;          ;0
11840;SHAW                ;D176      ;38-BR003                                          ;WS        ;CS                  ;;20/4/26;          ;0
11841;SHAW                ;B14       ;38-BR003                                          ;WS        ;CS                  ;;18/3/26;          ;0
11843;SHAW                ;B14       ;38-BR003                                          ;WS        ;CS                  ;;24/2/26;          ;0
11844;SHAW                ;B37       ;35-BR901                                          ;WS        ;CS                  ;;23/2/26;          ;0
11845;SHAW                ;D52       ;32-BR902                                          ;WS        ;CS                  ;;23/2/26;          ;0
11846;SHAW                ;D185      ;32-BR512                                          ;WS        ;CS                  ;;14/4/26;          ;0
11847;SHAW                ;D184      ;38-BR004                                          ;WS        ;CS                  ;;23/2/26;          ;0
11849;SHAW                ;D179      ;38-BR003                                          ;WS        ;CS                  ;;24/2/26;          ;0
11851;SHAW                ;D179      ;34-BR001                                          ;WS        ;CS                  ;;19/2/26;          ;0
11852;SHAW                ;D184      ;38-BR901                                          ;WS        ;CS                  ;;24/2/26;          ;0
11853;SHAW                ;B37       ;34-BR001                                          ;WS        ;CS                  ;;19/2/26;          ;0
11854;SHAW                ;D193      ;34-BR001                                          ;WS        ;CS                  ;;19/2/26;          ;0
11855;SHAW                ;D184      ;34-BR005                                          ;WS        ;CS                  ;;19/2/26;          ;0
11856;SHAW                ;D196      ;32-BR902                                          ;WS        ;CS                  ;;22/2/26;          ;0
11860;SHAW                ;D176      ;35-BR512                                          ;WS        ;CS                  ;;15/4/26;          ;0
11862;SHAW                ;D176      ;38-BR502                                          ;WS        ;CS                  ;;14/4/26;          ;0
11866;SHAW                ;D107      ;34-BR001                                          ;WS        ;CS                  ;;19/2/26;          ;0
11867;SHAW                ;D184      ;34-BR005                                          ;WS        ;CS                  ;;19/2/26;          ;0
11868;SHAW                ;D62       ;38-BR003                                          ;WS        ;CS                  ;;18/3/26;          ;0
11869;SHAW                ;D196      ;41-BR402                                          ;WS        ;CS                  ;;4/3/26;          ;0
11874;SHAW                ;D196      ;32-BR902                                          ;WS        ;CS                  ;;23/2/26;          ;0
11875;SHAW                ;D184      ;38-BR004                                          ;WS        ;CS                  ;;23/2/26;          ;0
11877;SHAW                ;D184      ;32-BR902                                          ;WS        ;CS                  ;;23/2/26;          ;0
11879;SHAW                ;D196      ;32-BR902                                          ;WS        ;CS                  ;;22/2/26;          ;0
11880;SHAW                ;D176      ;35-BR512                                          ;WS        ;CS                  ;;20/4/26;          ;0
11881;SHAW                ;D179      ;34-BR005                                          ;WS        ;CS                  ;;23/2/26;          ;0
11886;SHAW                ;D179      ;38-BR004                                          ;WS        ;CS                  ;;23/2/26;          ;0
11889;SHAW                ;D179      ;38-BR003                                          ;WS        ;CS                  ;;24/2/26;          ;0
11891;SHAW                ;D176      ;38-BR003                                          ;WS        ;CS                  ;;18/3/26;          ;0
11892;SHAW                ;D176      ;33-BR512                                          ;WS        ;CS                  ;;19/4/26;          ;0
11893;SHAW                ;D184      ;34-BR005                                          ;WS        ;CS                  ;;19/2/26;          ;0
11898;SHAW                ;D107      ;34-BR005                                          ;WS        ;CS                  ;;19/2/26;          ;0
11903;SHAW                ;D179      ;34-BR005                                          ;WS        ;CS                  ;;22/2/26;          ;0
11905;SHAW                ;D179      ;34-BR005                                          ;WS        ;CS                  ;;22/2/26;          ;0
11911;SHAW                ;B37       ;32-BR901                                          ;WS        ;CS                  ;;23/2/26;          ;0
11916;SHAW                ;D179      ;34-BR005                                          ;WS        ;CS                  ;;19/2/26;          ;0
11918;SHAW                ;D185      ;32-BR512                                          ;WS        ;CS                  ;;15/4/26;          ;0
11922;SHAW                ;D184      ;34-BR005                                          ;WS        ;CS                  ;;19/2/26;          ;0
11923;SHAW                ;B37       ;36-BR901                                          ;WS        ;CS                  ;;23/2/26;          ;0
11926;SHAW                ;D107      ;38-BR004                                          ;WS        ;CS                  ;;24/2/26;          ;0
11934;SHAW                ;D52       ;33-BR512                                          ;WS        ;CS                  ;;16/4/26;          ;0
11936;SHAW                ;D184      ;38-BR003                                          ;WS        ;CS                  ;;24/2/26;          ;0
11943;SHAW                ;B37       ;33-BR901                                          ;WS        ;CS                  ;;23/2/26;          ;0
11944;SHAW                ;D179      ;38-BR003                                          ;WS        ;CS                  ;;23/2/26;          ;0
11946;SHAW                ;D107      ;34-BR001                                          ;WS        ;CS                  ;;19/2/26;          ;0
11947;SHAW                ;D52       ;33-BR512                                          ;WS        ;CS                  ;;16/4/26;          ;0
11948;SHAW                ;D185      ;32-BR512                                          ;WS        ;CS                  ;;14/4/26;          ;0
11949;SHAW                ;D179      ;38-BR004                                          ;WS        ;CS                  ;;23/2/26;          ;0
11950;SHAW                ;D196      ;41-BR402                                          ;WS        ;CS                  ;;4/3/26;          ;0
11954;SHAW                ;D190      ;87-BR401                                          ;WS        ;CS                  ;;19/4/26;          ;0
11959;SHAW                ;B37       ;32-BR901                                          ;WS        ;CS                  ;;23/2/26;          ;0
11964;SHAW                ;B30       ;35-BR512                                          ;WS        ;CS                  ;;19/4/26;          ;0
11966;SHAW                ;D176      ;35-BR512                                          ;WS        ;CS                  ;;15/4/26;          ;0
11973;SHAW                ;D107      ;34-BR005                                          ;WS        ;CS                  ;;19/2/26;          ;0
11974;SHAW                ;B14       ;38-BR003                                          ;WS        ;CS                  ;;18/3/26;          ;0
11975;SHAW                ;B37       ;35-BR901                                          ;WS        ;CS                  ;;23/2/26;          ;0
11977;SHAW                ;D184      ;34-BR005                                          ;WS        ;CS                  ;;19/2/26;          ;0
11985;SHAW                ;D185      ;32-BR512                                          ;WS        ;CS                  ;;14/4/26;          ;0
11986;SHAW                ;D176      ;35-BR512                                          ;WS        ;CS                  ;;20/4/26;          ;0
11989;SHAW                ;D52       ;33-BR512                                          ;WS        ;CS                  ;;16/4/26;          ;0
11990;SHAW                ;B37       ;36-BR901                                          ;WS        ;CS                  ;;23/2/26;          ;0
11993;SHAW                ;D196      ;32-BR902                                          ;WS        ;CS                  ;;23/2/26;          ;0
11994;SHAW                ;D179      ;38-BR004                                          ;WS        ;CS                  ;;24/2/26;          ;0
11998;SHAW                ;D176      ;38-BR003                                          ;WS        ;CS                  ;;20/4/26;          ;0
12000;SHAW                ;D52       ;38-BR502                                          ;WS        ;CS                  ;;19/3/26;          ;0
12004;SHAW                ;B14       ;32-BR512                                          ;WS        ;CS                  ;;5/3/26;          ;0
12008;SHAW                ;B37       ;34-BR001                                          ;WS        ;CS                  ;;19/2/26;          ;0
12009;SHAW                ;D62       ;38-BR003                                          ;WS        ;CS                  ;;18/3/26;          ;0
12011;SHAW                ;D184      ;32-BR902                                          ;WS        ;CS                  ;;23/2/26;          ;0
12012;SHAW                ;D176      ;35-BR512                                          ;WS        ;CS                  ;;20/4/26;          ;0
12014;SHAW                ;B37       ;41-BR402                                          ;WS        ;CS                  ;;26/2/26;          ;0
12019;SHAW                ;D107      ;34-BR001                                          ;WS        ;CS                  ;;22/2/26;          ;0
12020;SHAW                ;D52       ;32-BR902                                          ;WS        ;CS                  ;;23/2/26;          ;0
12023;SHAW                ;D179      ;38-BR004                                          ;WS        ;CS                  ;;23/2/26;          ;0
12024;SHAW                ;D176      ;33-BR512                                          ;WS        ;CS                  ;;19/4/26;          ;0
12026;SHAW                ;D176      ;38-BR502                                          ;WS        ;CS                  ;;15/3/26;          ;0
12030;SHAW                ;D190      ;87-BR401                                          ;WS        ;CS                  ;;19/4/26;          ;0
12031;SHAW                ;D107      ;38-BR004                                          ;WS        ;CS                  ;;24/2/26;          ;0
12033;SHAW                ;D176      ;33-BR512                                          ;WS        ;CS                  ;;19/4/26;          ;0
12038;SHAW                ;D184      ;32-BR902                                          ;WS        ;CS                  ;;23/2/26;          ;0
12039;SHAW                ;D176      ;38-BR003                                          ;WS        ;CS                  ;;18/3/26;          ;0
12081;SHAW                ;D107      ;11-BR003                                          ;WS        ;CS                  ;;9/3/26;          ;0
12086;SHAW                ;B37       ;11-BR003                                          ;WS        ;CS                  ;;10/3/26;          ;0
12091;SHAW                ;D184      ;30-BR003                                          ;WS        ;CS                  ;;19/4/26;          ;0
12094;SHAW                ;D62       ;38-BR003                                          ;WS        ;CS                  ;;18/3/26;          ;0
12096;SHAW                ;B14       ;11-BR003                                          ;WS        ;CS                  ;;9/3/26;          ;0
12097;SHAW                ;B14       ;11-BR003                                          ;WS        ;CS                  ;;10/3/26;          ;0
12098;SHAW                ;B37       ;38-BR003                                          ;WS        ;CS                  ;;17/3/26;          ;0
12102;SHAW                ;B37       ;11-BR003                                          ;WS        ;CS                  ;;10/3/26;          ;0
12103;SHAW                ;D62       ;38-BR003                                          ;WS        ;CS                  ;;18/3/26;          ;0
12104;SHAW                ;B30       ;11-BR003                                          ;WS        ;CS                  ;;9/3/26;          ;0
12111;SHAW                ;B30       ;11-BR003                                          ;WS        ;CS                  ;;9/3/26;          ;0
12118;SHAW                ;B37       ;11-BR003                                          ;WS        ;CS                  ;;10/3/26;          ;0
12125;SHAW                ;D184      ;30-BR003                                          ;WS        ;CS                  ;;19/4/26;          ;0
12131;SHAW                ;D107      ;11-BR003                                          ;WS        ;CS                  ;;9/3/26;          ;0
12132;SHAW                ;D107      ;11-BR003                                          ;WS        ;CS                  ;;8/3/26;          ;0
12134;SHAW                ;D107      ;38-BR003                                          ;WS        ;CS                  ;;17/3/26;          ;0
12138;SHAW                ;D184      ;40-BR402                                          ;WS        ;CS                  ;;19/4/26;          ;0
12141;SHAW                ;B37       ;38-BR003                                          ;WS        ;CS                  ;;17/3/26;          ;0
12147;SHAW                ;B14       ;11-BR003                                          ;WS        ;CS                  ;;9/3/26;          ;0
12148;SHAW                ;D62       ;30-BR003                                          ;WS        ;CS                  ;;29/3/26;          ;10
12154;SHAW                ;D184      ;40-BR402                                          ;WS        ;CS                  ;;19/4/26;          ;0
12155;SHAW                ;B30       ;11-BR003                                          ;WS        ;CS                  ;;9/3/26;          ;0
12161;SHAW                ;D107      ;11-BR003                                          ;WS        ;CS                  ;;8/3/26;          ;0
12162;SHAW                ;D107      ;11-BR003                                          ;WS        ;CS                  ;;9/3/26;          ;0
12164;SHAW                ;D107      ;11-BR003                                          ;WS        ;CS                  ;;9/3/26;          ;0
12172;SHAW                ;D107      ;11-BR003                                          ;WS        ;CS                  ;;8/3/26;          ;0
12182;SHAW                ;D107      ;11-BR003                                          ;WS        ;CS                  ;;9/3/26;          ;0
12185;SHAW                ;D179      ;11-BR003                                          ;WS        ;CS                  ;;9/3/26;          ;0
12186;SHAW                ;B37       ;11-BR003                                          ;WS        ;CS                  ;;10/3/26;          ;0
12187;SHAW                ;D179      ;11-BR003                                          ;WS        ;CS                  ;;9/3/26;          ;0
12202;SHAW                ;B30       ;30-BR003                                          ;WS        ;CS                  ;;6/4/26;          ;0
12208;SHAW                ;D107      ;11-BR003                                          ;WS        ;CS                  ;;9/3/26;          ;0
12212;SHAW                ;D184      ;11-BR003                                          ;WS        ;CS                  ;;9/3/26;          ;0
12215;SHAW                ;D52       ;38-BR003                                          ;WS        ;CS                  ;;1/4/26;          ;0
12216;SHAW                ;D107      ;11-BR003                                          ;WS        ;CS                  ;;9/3/26;          ;0
12217;SHAW                ;D62       ;38-BR003                                          ;WS        ;CS                  ;;17/3/26;          ;0
12222;SHAW                ;B30       ;11-BR003                                          ;WS        ;CS                  ;;9/3/26;          ;0
12235;SHAW                ;D184      ;11-BR003                                          ;WS        ;CS                  ;;9/3/26;          ;0
12236;SHAW                ;D184      ;30-BR003                                          ;WS        ;CS                  ;;19/4/26;          ;0
12242;SHAW                ;D184      ;40-BR402                                          ;WS        ;CS                  ;;19/4/26;          ;0
12243;SHAW                ;B37       ;38-BR003                                          ;WS        ;CS                  ;;17/3/26;          ;0
12256;SHAW                ;D184      ;40-BR402                                          ;WS        ;CS                  ;;19/4/26;          ;0
12265;SHAW                ;D184      ;40-BR402                                          ;WS        ;CS                  ;;19/4/26;          ;0
12266;SHAW                ;B14       ;11-BR003                                          ;WS        ;CS                  ;;10/3/26;          ;0
12271;SHAW                ;D107      ;11-BR003                                          ;WS        ;CS                  ;;8/3/26;          ;0
12287;SHAW                ;D176      ;38-BR003                                          ;WS        ;CS                  ;;18/3/26;          ;0
12292;SHAW                ;D184      ;30-BR003                                          ;WS        ;CS                  ;;19/4/26;          ;0
12298;SHAW                ;D62       ;38-BR003                                          ;WS        ;CS                  ;;18/3/26;          ;0
12300;SHAW                ;B37       ;30-BR003                                          ;WS        ;CS                  ;;26/3/26;          ;10
12303;SHAW                ;D179      ;11-BR003                                          ;WS        ;CS                  ;;9/3/26;          ;0
12309;SHAW                ;D184      ;11-BR003                                          ;WS        ;CS                  ;;9/3/26;          ;0
12310;SHAW                ;D176      ;38-BR003                                          ;WS        ;CS                  ;;18/3/26;          ;0
12316;SHAW                ;D179      ;11-BR003                                          ;WS        ;CS                  ;;9/3/26;          ;0
12318;SHAW                ;D184      ;40-BR402                                          ;WS        ;CS                  ;;19/4/26;          ;0
12328;SHAW                ;B30       ;11-BR003                                          ;WS        ;CS                  ;;9/3/26;          ;0
12329;SHAW                ;B37       ;38-BR003                                          ;WS        ;CS                  ;;17/3/26;          ;0
12330;SHAW                ;B37       ;11-BR003                                          ;WS        ;CS                  ;;10/3/26;          ;0
12335;SHAW                ;D184      ;11-BR003                                          ;WS        ;CS                  ;;9/3/26;          ;0
12337;SHAW                ;D107      ;11-BR003                                          ;WS        ;CS                  ;;9/3/26;          ;0
12338;SHAW                ;D179      ;11-BR003                                          ;WS        ;CS                  ;;9/3/26;          ;0
12355;SHAW                ;D179      ;11-BR003                                          ;WS        ;CS                  ;;9/3/26;          ;0
12380;SHAW                ;D107      ;32-BR515                                          ;WS        ;CS                  ;;8/3/26;          ;0
12382;SHAW                ;D179      ;36-BR512                                          ;WS        ;CS                  ;;9/3/26;          ;0
12384;SHAW                ;D52       ;36-BR512                                          ;WS        ;CS                  ;;12/4/26;          ;0
12387;SHAW                ;D179      ;36-BR512                                          ;WS        ;CS                  ;;10/3/26;          ;0
12389;SHAW                ;D185      ;33-BR515                                          ;WS        ;CS                  ;;16/3/26;          ;0
12391;SHAW                ;D179      ;33-BR515                                          ;WS        ;CS                  ;;12/3/26;          ;0
12392;SHAW                ;D52       ;35-BR515                                          ;WS        ;CS                  ;;8/3/26;          ;0
12393;SHAW                ;D176      ;36-BR515                                          ;WS        ;CS                  ;;15/3/26;          ;0
12394;SHAW                ;D185      ;35-BR515                                          ;WS        ;CS                  ;;15/3/26;          ;0
12395;SHAW                ;D52       ;41-BR402                                          ;WS        ;CS                  ;;19/4/26;          ;0
12400;SHAW                ;D179      ;36-BR512                                          ;WS        ;CS                  ;;9/3/26;          ;0
12401;SHAW                ;D185      ;33-BR515                                          ;WS        ;CS                  ;;16/3/26;          ;0
12402;SHAW                ;D193      ;33-BR515                                          ;WS        ;CS                  ;;8/3/26;          ;0
12410;SHAW                ;D52       ;41-BR402                                          ;WS        ;CS                  ;;19/4/26;          ;0
12414;SHAW                ;D107      ;36-BR515                                          ;WS        ;CS                  ;;12/3/26;          ;0
12416;SHAW                ;D107      ;35-BR515                                          ;WS        ;CS                  ;;8/3/26;          ;0
12421;SHAW                ;D107      ;35-BR515                                          ;WS        ;CS                  ;;17/3/26;          ;0
12423;SHAW                ;D185      ;33-BR515                                          ;WS        ;CS                  ;;16/3/26;          ;0
12424;SHAW                ;D179      ;36-BR512                                          ;WS        ;CS                  ;;9/3/26;          ;0
12426;SHAW                ;D179      ;36-BR512                                          ;WS        ;CS                  ;;9/3/26;          ;0
12431;SHAW                ;D107      ;33-BR515                                          ;WS        ;CS                  ;;8/3/26;          ;0
12432;SHAW                ;D179      ;36-BR512                                          ;WS        ;CS                  ;;10/3/26;          ;0
12437;SHAW                ;D52       ;41-BR402                                          ;WS        ;CS                  ;;19/4/26;          ;0
12438;SHAW                ;D107      ;36-BR515                                          ;WS        ;CS                  ;;17/3/26;          ;0
12439;SHAW                ;D184      ;33-BR515                                          ;WS        ;CS                  ;;17/3/26;          ;0
12443;SHAW                ;D193      ;33-BR515                                          ;WS        ;CS                  ;;8/3/26;          ;0
12452;SHAW                ;D107      ;33-BR515                                          ;WS        ;CS                  ;;8/3/26;          ;0
12454;SHAW                ;D190      ;41-BR401                                          ;WS        ;CS                  ;;20/4/26;          ;0
12455;SHAW                ;D193      ;33-BR515                                          ;WS        ;CS                  ;;8/3/26;          ;0
12461;SHAW                ;D107      ;35-BR515                                          ;WS        ;CS                  ;;8/3/26;          ;0
12462;SHAW                ;B14       ;41-BR402                                          ;WS        ;CS                  ;;26/2/26;          ;0
12465;SHAW                ;D190      ;41-BR401                                          ;WS        ;CS                  ;;20/4/26;          ;0
12466;SHAW                ;D107      ;36-BR515                                          ;WS        ;CS                  ;;17/3/26;          ;0
12469;SHAW                ;D52       ;41-BR402                                          ;WS        ;CS                  ;;19/4/26;          ;0
12470;SHAW                ;D190      ;41-BR401                                          ;WS        ;CS                  ;;16/4/26;          ;0
12471;SHAW                ;D179      ;33-BR515                                          ;WS        ;CS                  ;;12/3/26;          ;0
12476;SHAW                ;D179      ;32-BR515                                          ;WS        ;CS                  ;;18/3/26;          ;0
12484;SHAW                ;D179      ;36-BR512                                          ;WS        ;CS                  ;;9/3/26;          ;0
12488;SHAW                ;F18       ;32-BR515                                          ;WS        ;CS                  ;;5/3/26;          ;0
12490;SHAW                ;D52       ;35-BR515                                          ;WS        ;CS                  ;;8/3/26;          ;0
12492;SHAW                ;B37       ;35-BR515                                          ;WS        ;CS                  ;;16/3/26;          ;0
12495;SHAW                ;D196      ;41-BR401                                          ;WS        ;CS                  ;;4/3/26;          ;0
12500;SHAW                ;D193      ;36-BR515                                          ;WS        ;CS                  ;;8/3/26;          ;0
12503;SHAW                ;D193      ;36-BR515                                          ;WS        ;CS                  ;;8/3/26;          ;0
12504;SHAW                ;D179      ;36-BR512                                          ;WS        ;CS                  ;;9/3/26;          ;0
12505;SHAW                ;D193      ;32-BR515                                          ;WS        ;CS                  ;;8/3/26;          ;0
12511;SHAW                ;B37       ;35-BR515                                          ;WS        ;CS                  ;;16/3/26;          ;0
12512;SHAW                ;D107      ;33-BR515                                          ;WS        ;CS                  ;;8/3/26;          ;0
12514;SHAW                ;D176      ;85-BR701                                          ;WS        ;CS                  ;;26/2/26;          ;0
12518;SHAW                ;D107      ;35-BR515                                          ;WS        ;CS                  ;;17/3/26;          ;0
12519;SHAW                ;D107      ;32-BR515                                          ;WS        ;CS                  ;;17/3/26;          ;0
12522;SHAW                ;D179      ;36-BR512                                          ;WS        ;CS                  ;;9/3/26;          ;0
12529;SHAW                ;D176      ;36-BR515                                          ;WS        ;CS                  ;;17/3/26;          ;0
12531;SHAW                ;D107      ;35-BR515                                          ;WS        ;CS                  ;;17/3/26;          ;0
12535;SHAW                ;D179      ;36-BR512                                          ;WS        ;CS                  ;;10/3/26;          ;0
12536;SHAW                ;D179      ;36-BR512                                          ;WS        ;CS                  ;;9/3/26;          ;0
12537;SHAW                ;D176      ;36-BR515                                          ;WS        ;CS                  ;;17/3/26;          ;0
12538;SHAW                ;B30       ;36-BR512                                          ;WS        ;CS                  ;;9/3/26;          ;0
12539;SHAW                ;D107      ;32-BR515                                          ;WS        ;CS                  ;;17/3/26;          ;0
12541;SHAW                ;D179      ;35-BR515                                          ;WS        ;CS                  ;;12/3/26;          ;0
12543;SHAW                ;D176      ;85-BR701                                          ;WS        ;CS                  ;;26/2/26;          ;0
12549;SHAW                ;D52       ;36-BR512                                          ;WS        ;CS                  ;;12/4/26;          ;0
12554;SHAW                ;D52       ;32-BR515                                          ;WS        ;CS                  ;;8/3/26;          ;0
12559;SHAW                ;D107      ;32-BR515                                          ;WS        ;CS                  ;;8/3/26;          ;0
12562;SHAW                ;D193      ;36-BR515                                          ;WS        ;CS                  ;;8/3/26;          ;0
12574;SHAW                ;D107      ;36-BR515                                          ;WS        ;CS                  ;;8/3/26;          ;0
12575;SHAW                ;B37       ;41-BR401                                          ;WS        ;CS                  ;;26/2/26;          ;0
12576;SHAW                ;D107      ;36-BR515                                          ;WS        ;CS                  ;;8/3/26;          ;0
12577;SHAW                ;B37       ;41-BR401                                          ;WS        ;CS                  ;;26/2/26;          ;0
12582;SHAW                ;D52       ;41-BR402                                          ;WS        ;CS                  ;;19/4/26;          ;0
12583;SHAW                ;B37       ;33-BR515                                          ;WS        ;CS                  ;;12/3/26;          ;0
12584;SHAW                ;D196      ;41-BR401                                          ;WS        ;CS                  ;;4/3/26;          ;0
12587;SHAW                ;D107      ;36-BR515                                          ;WS        ;CS                  ;;17/3/26;          ;0
12588;SHAW                ;D196      ;41-BR401                                          ;WS        ;CS                  ;;4/3/26;          ;0
12591;SHAW                ;B37       ;33-BR515                                          ;WS        ;CS                  ;;12/3/26;          ;0
12593;SHAW                ;D107      ;32-BR515                                          ;WS        ;CS                  ;;8/3/26;          ;0
12595;SHAW                ;D107      ;36-BR515                                          ;WS        ;CS                  ;;8/3/26;          ;0
12597;SHAW                ;D193      ;32-BR515                                          ;WS        ;CS                  ;;8/3/26;          ;0
12599;SHAW                ;B37       ;35-BR515                                          ;WS        ;CS                  ;;16/3/26;          ;0
12601;SHAW                ;D176      ;36-BR515                                          ;WS        ;CS                  ;;15/3/26;          ;0
12613;SHAW                ;D176      ;36-BR515                                          ;WS        ;CS                  ;;17/3/26;          ;0
12616;SHAW                ;D179      ;32-BR515                                          ;WS        ;CS                  ;;18/3/26;          ;0
12618;SHAW                ;D184      ;33-BR515                                          ;WS        ;CS                  ;;17/3/26;          ;0
12619;SHAW                ;D107      ;36-BR515                                          ;WS        ;CS                  ;;12/3/26;          ;0
12620;SHAW                ;D179      ;36-BR512                                          ;WS        ;CS                  ;;10/3/26;          ;0
12622;SHAW                ;D193      ;36-BR515                                          ;WS        ;CS                  ;;8/3/26;          ;0
12623;SHAW                ;D193      ;32-BR515                                          ;WS        ;CS                  ;;8/3/26;          ;0
12628;SHAW                ;B37       ;33-BR515                                          ;WS        ;CS                  ;;12/3/26;          ;0
12629;SHAW                ;D193      ;36-BR515                                          ;WS        ;CS                  ;;8/3/26;          ;0
12631;SHAW                ;D107      ;36-BR515                                          ;WS        ;CS                  ;;17/3/26;          ;0
12632;SHAW                ;D185      ;35-BR515                                          ;WS        ;CS                  ;;15/3/26;          ;0
12637;SHAW                ;D52       ;36-BR512                                          ;WS        ;CS                  ;;12/4/26;          ;0
12638;SHAW                ;D190      ;41-BR401                                          ;WS        ;CS                  ;;20/4/26;          ;0
12650;SHAW                ;D179      ;36-BR512                                          ;WS        ;CS                  ;;10/3/26;          ;0
12653;SHAW                ;D185      ;33-BR515                                          ;WS        ;CS                  ;;16/3/26;          ;0
12659;SHAW                ;B37       ;35-BR515                                          ;WS        ;CS                  ;;16/3/26;          ;0
12662;SHAW                ;B14       ;41-BR402                                          ;WS        ;CS                  ;;26/2/26;          ;0
12664;SHAW                ;D107      ;33-BR515                                          ;WS        ;CS                  ;;8/3/26;          ;0
12665;SHAW                ;D190      ;41-BR401                                          ;WS        ;CS                  ;;16/4/26;          ;0
12667;SHAW                ;B37       ;41-BR401                                          ;WS        ;CS                  ;;26/2/26;          ;0
12671;SHAW                ;D193      ;32-BR515                                          ;WS        ;CS                  ;;8/3/26;          ;0
12672;SHAW                ;D52       ;32-BR515                                          ;WS        ;CS                  ;;8/3/26;          ;0
12675;SHAW                ;D179      ;36-BR512                                          ;WS        ;CS                  ;;10/3/26;          ;0
12677;SHAW                ;B30       ;36-BR512                                          ;WS        ;CS                  ;;9/3/26;          ;0
12683;SHAW                ;F18       ;32-BR515                                          ;WS        ;CS                  ;;5/3/26;          ;0
12684;SHAW                ;B30       ;36-BR512                                          ;WS        ;CS                  ;;9/3/26;          ;0
12686;SHAW                ;D179      ;36-BR512                                          ;WS        ;CS                  ;;10/3/26;          ;0
12689;SHAW                ;D179      ;36-BR512                                          ;WS        ;CS                  ;;10/3/26;          ;0
12690;SHAW                ;D179      ;36-BR512                                          ;WS        ;CS                  ;;9/3/26;          ;0
12692;SHAW                ;D193      ;32-BR515                                          ;WS        ;CS                  ;;8/3/26;          ;0
12693;SHAW                ;B37       ;35-BR515                                          ;WS        ;CS                  ;;16/3/26;          ;0
12698;SHAW                ;D179      ;35-BR515                                          ;WS        ;CS                  ;;12/3/26;          ;0
12700;SHAW                ;D52       ;36-BR512                                          ;WS        ;CS                  ;;12/4/26;          ;0
12708;SHAW                ;D107      ;33-BR515                                          ;WS        ;CS                  ;;8/3/26;          ;0
12712;SHAW                ;D176      ;36-BR515                                          ;WS        ;CS                  ;;17/3/26;          ;0
12716;SHAW                ;D184      ;33-BR515                                          ;WS        ;CS                  ;;17/3/26;          ;0
12718;SHAW                ;D107      ;36-BR515                                          ;WS        ;CS                  ;;12/3/26;          ;0
12719;SHAW                ;D184      ;33-BR515                                          ;WS        ;CS                  ;;17/3/26;          ;0
12720;SHAW                ;D176      ;36-BR515                                          ;WS        ;CS                  ;;17/3/26;          ;0
12721;SHAW                ;D179      ;36-BR512                                          ;WS        ;CS                  ;;10/3/26;          ;0
12723;SHAW                ;D52       ;41-BR402                                          ;WS        ;CS                  ;;19/4/26;          ;0
12724;SHAW                ;D193      ;33-BR515                                          ;WS        ;CS                  ;;8/3/26;          ;0
12725;SHAW                ;D185      ;35-BR515                                          ;WS        ;CS                  ;;15/3/26;          ;0
12726;SHAW                ;D179      ;36-BR512                                          ;WS        ;CS                  ;;10/3/26;          ;0
12728;SHAW                ;D193      ;32-BR515                                          ;WS        ;CS                  ;;8/3/26;          ;0
12731;SHAW                ;D179      ;33-BR515                                          ;WS        ;CS                  ;;12/3/26;          ;0
12735;SHAW                ;B30       ;36-BR512                                          ;WS        ;CS                  ;;9/3/26;          ;0
12737;SHAW                ;B30       ;36-BR512                                          ;WS        ;CS                  ;;9/3/26;          ;0
12738;SHAW                ;D185      ;35-BR515                                          ;WS        ;CS                  ;;15/3/26;          ;0
12740;SHAW                ;D190      ;41-BR401                                          ;WS        ;CS                  ;;16/4/26;          ;0
12743;SHAW                ;D179      ;32-BR515                                          ;WS        ;CS                  ;;18/3/26;          ;0
12749;SHAW                ;B14       ;41-BR402                                          ;WS        ;CS                  ;;26/2/26;          ;0
12751;SHAW                ;D52       ;35-BR515                                          ;WS        ;CS                  ;;8/3/26;          ;0
12752;SHAW                ;D52       ;35-BR515                                          ;WS        ;CS                  ;;8/3/26;          ;0
12753;SHAW                ;D179      ;32-BR515                                          ;WS        ;CS                  ;;18/3/26;          ;0
12757;SHAW                ;D107      ;33-BR515                                          ;WS        ;CS                  ;;8/3/26;          ;0
12760;SHAW                ;D193      ;32-BR515                                          ;WS        ;CS                  ;;8/3/26;          ;0
12761;SHAW                ;D179      ;35-BR515                                          ;WS        ;CS                  ;;12/3/26;          ;0
12767;SHAW                ;D184      ;33-BR515                                          ;WS        ;CS                  ;;17/3/26;          ;0
12771;SHAW                ;D193      ;36-BR515                                          ;WS        ;CS                  ;;8/3/26;          ;0
12776;SHAW                ;D179      ;32-BR515                                          ;WS        ;CS                  ;;18/3/26;          ;0
12781;SHAW                ;D190      ;41-BR401                                          ;WS        ;CS                  ;;16/4/26;          ;0
12783;SHAW                ;D52       ;35-BR515                                          ;WS        ;CS                  ;;8/3/26;          ;0
12785;SHAW                ;D107      ;36-BR515                                          ;WS        ;CS                  ;;12/3/26;          ;0
12789;SHAW                ;D193      ;32-BR515                                          ;WS        ;CS                  ;;8/3/26;          ;0
12793;SHAW                ;D107      ;32-BR515                                          ;WS        ;CS                  ;;17/3/26;          ;0
12794;SHAW                ;D179      ;33-BR515                                          ;WS        ;CS                  ;;12/3/26;          ;0
12798;SHAW                ;D107      ;32-BR515                                          ;WS        ;CS                  ;;8/3/26;          ;0
12801;SHAW                ;D179      ;33-BR515                                          ;WS        ;CS                  ;;12/3/26;          ;0
12802;SHAW                ;D107      ;32-BR515                                          ;WS        ;CS                  ;;17/3/26;          ;0
12808;SHAW                ;D107      ;36-BR515                                          ;WS        ;CS                  ;;12/3/26;          ;0
12811;SHAW                ;D179      ;35-BR515                                          ;WS        ;CS                  ;;12/3/26;          ;0
12812;SHAW                ;D52       ;35-BR515                                          ;WS        ;CS                  ;;8/3/26;          ;0
12813;SHAW                ;D185      ;33-BR515                                          ;WS        ;CS                  ;;16/3/26;          ;0
12817;SHAW                ;D179      ;33-BR515                                          ;WS        ;CS                  ;;12/3/26;          ;0
12820;SHAW                ;F18       ;32-BR515                                          ;WS        ;CS                  ;;5/3/26;          ;0
12821;SHAW                ;D107      ;35-BR515                                          ;WS        ;CS                  ;;17/3/26;          ;0
12822;SHAW                ;B14       ;41-BR402                                          ;WS        ;CS                  ;;26/2/26;          ;0
12829;SHAW                ;D107      ;36-BR515                                          ;WS        ;CS                  ;;12/3/26;          ;0
12848;SHAW                ;D179      ;33-BR515                                          ;WS        ;CS                  ;;12/3/26;          ;0
12850;SHAW                ;D179      ;35-BR515                                          ;WS        ;CS                  ;;12/3/26;          ;0
12851;SHAW                ;F18       ;32-BR515                                          ;WS        ;CS                  ;;5/3/26;          ;0
12853;SHAW                ;D107      ;36-BR515                                          ;WS        ;CS                  ;;8/3/26;          ;0
12859;SHAW                ;D107      ;36-BR515                                          ;WS        ;CS                  ;;17/3/26;          ;0
12865;SHAW                ;D52       ;35-BR515                                          ;WS        ;CS                  ;;8/3/26;          ;0
12876;SHAW                ;B14       ;41-BR402                                          ;WS        ;CS                  ;;26/2/26;          ;0
12880;SHAW                ;D190      ;41-BR401                                          ;WS        ;CS                  ;;20/4/26;          ;0
12881;SHAW                ;D52       ;35-BR515                                          ;WS        ;CS                  ;;8/3/26;          ;0
12885;SHAW                ;D107      ;32-BR515                                          ;WS        ;CS                  ;;17/3/26;          ;0
12886;SHAW                ;D176      ;36-BR515                                          ;WS        ;CS                  ;;15/3/26;          ;0
12891;SHAW                ;D107      ;36-BR515                                          ;WS        ;CS                  ;;12/3/26;          ;0
12892;SHAW                ;D179      ;35-BR515                                          ;WS        ;CS                  ;;12/3/26;          ;0
12901;SHAW                ;D179      ;36-BR512                                          ;WS        ;CS                  ;;9/3/26;          ;0
12904;SHAW                ;D107      ;32-BR515                                          ;WS        ;CS                  ;;8/3/26;          ;0
12910;SHAW                ;D107      ;32-BR515                                          ;WS        ;CS                  ;;8/3/26;          ;0
12911;SHAW                ;D176      ;85-BR701                                          ;WS        ;CS                  ;;26/2/26;          ;0
12912;SHAW                ;D179      ;36-BR512                                          ;WS        ;CS                  ;;9/3/26;          ;0
12913;SHAW                ;D107      ;35-BR515                                          ;WS        ;CS                  ;;17/3/26;          ;0
12925;SHAW                ;D196      ;39-BR001                                          ;WS        ;CS                  ;;5/3/26;          ;10
12927;SHAW                ;D185      ;39-BR001                                          ;WS        ;CS                  ;;9/3/26;          ;10
12934;SHAW                ;D196      ;39-BR001                                          ;WS        ;CS                  ;;5/3/26;          ;10
12937;SHAW                ;D196      ;39-BR005                                          ;WS        ;CS                  ;;9/3/26;          ;10
12941;SHAW                ;D185      ;39-BR001                                          ;WS        ;CS                  ;;8/3/26;18/3/26;10
12967;SHAW                ;D52       ;39-BR005                                          ;WS        ;CS                  ;;9/3/26;          ;10
12969;SHAW                ;D196      ;39-BR001                                          ;WS        ;CS                  ;;5/3/26;          ;10
12974;SHAW                ;D196      ;39-BR001                                          ;WS        ;CS                  ;;5/3/26;          ;10
12977;SHAW                ;D185      ;39-BR001                                          ;WS        ;CS                  ;;8/3/26;          ;10
12980;SHAW                ;D52       ;39-BR005                                          ;WS        ;CS                  ;;9/3/26;          ;10
12990;SHAW                ;D179      ;39-BR001                                          ;WS        ;CS                  ;;5/3/26;          ;10
12993;SHAW                ;D196      ;39-BR001                                          ;WS        ;CS                  ;;5/3/26;          ;10
12995;SHAW                ;D179      ;39-BR001                                          ;WS        ;CS                  ;;5/3/26;          ;10
12999;SHAW                ;D196      ;39-BR005                                          ;WS        ;CS                  ;;9/3/26;          ;10
13004;SHAW                ;D196      ;39-BR005                                          ;WS        ;CS                  ;;9/3/26;          ;10
13012;SHAW                ;D196      ;39-BR005                                          ;WS        ;CS                  ;;9/3/26;          ;10
13017;SHAW                ;D185      ;39-BR001                                          ;WS        ;CS                  ;;5/3/26;          ;10
13028;SHAW                ;D185      ;39-BR001                                          ;WS        ;CS                  ;;9/3/26;          ;10
13029;SHAW                ;D196      ;39-BR005                                          ;WS        ;CS                  ;;9/3/26;18/3/26;10
13032;SHAW                ;D185      ;39-BR001                                          ;WS        ;CS                  ;;5/3/26;          ;10
13041;SHAW                ;D185      ;39-BR001                                          ;WS        ;CS                  ;;8/3/26;          ;10
13043;SHAW                ;D107      ;70-BR001                                          ;WS        ;CS                  ;;12/3/26;          ;10
13077;SHAW                ;D190      ;97-BR002                                          ;WS        ;CS                  ;;12/4/26;          ;10
13078;SHAW                ;B30       ;97-BR002                                          ;WS        ;CS                  ;;9/4/26;          ;10
13083;SHAW                ;D52       ;97-BR002                                          ;WS        ;CS                  ;;15/4/26;          ;10
13084;SHAW                ;D190      ;97-BR002                                          ;WS        ;CS                  ;;16/4/26;          ;10
13228;SHAW                ;B37       ;12-BR905                                          ;WS        ;CS                  ;;20/4/26;          ;
13235;SHAW                ;D190      ;60-BR001                                          ;WS        ;CS                  ;;2/4/26;          ;10
13236;SHAW                ;D190      ;60-BR001                                          ;WS        ;CS                  ;;2/4/26;12/4/26;10
13272;SHAW                ;D185      ;46-BR901                                          ;WS        ;CS                  ;;6/4/26;          ;0
13279;SHAW                ;D185      ;49-BR901                                          ;WS        ;CS                  ;;6/4/26;          ;0
13280;SHAW                ;D185      ;49-BR901                                          ;WS        ;CS                  ;;6/4/26;          ;0
13287;SHAW                ;D185      ;50-BR901                                          ;WS        ;CS                  ;;6/4/26;          ;0
13288;SHAW                ;D185      ;50-BR901                                          ;WS        ;CS                  ;;6/4/26;          ;0
13295;SHAW                ;D185      ;51-BR901                                          ;WS        ;CS                  ;;6/4/26;          ;0
13296;SHAW                ;D184      ;10-BR402                                          ;WS        ;CS                  ;;15/4/26;          ;0
13298;SHAW                ;D184      ;10-BR402                                          ;WS        ;CS                  ;;15/4/26;          ;0
13323;SHAW                ;F20       ;11-BR001                                          ;WS        ;CS                  ;;1/4/26;          ;10
13324;SHAW                ;D19       ;11-BR001                                          ;WS        ;CS                  ;;31/3/26;7/4/26;10
13326;SHAW                ;B30       ;11-BR001                                          ;WS        ;CS                  ;;1/4/26;7/4/26;10
13327;SHAW                ;B30       ;11-BR001                                          ;WS        ;CS                  ;;1/4/26;          ;10
13328;SHAW                ;F20       ;11-BR001                                          ;WS        ;CS                  ;;1/4/26;7/4/26;10
13409;SHAW                ;F18       ;12-BR001                                          ;WS        ;CS                  ;;2/4/26;          ;10
13410;SHAW                ;D19       ;12-BR001                                          ;WS        ;CS                  ;;1/4/26;          ;10
13412;SHAW                ;D19       ;12-BR001                                          ;WS        ;CS                  ;;1/4/26;          ;10
13413;SHAW                ;D19       ;12-BR001                                          ;WS        ;CS                  ;;1/4/26;          ;10
13414;SHAW                ;D185      ;12-BR001                                          ;WS        ;CS                  ;;1/4/26;7/4/26;10
13764;SHAW                ;B37       ;38-BR011                                          ;WS        ;CS                  ;;5/4/26;          ;10
13765;SHAW                ;B37       ;38-BR011                                          ;WS        ;CS                  ;;6/4/26;          ;0
13767;SHAW                ;B37       ;38-BR011                                          ;WS        ;CS                  ;;5/4/26;          ;10
13901;SHAW                ;D185      ;32-BR512                                          ;WS        ;CS                  ;;14/4/26;          ;0
13902;SHAW                ;D185      ;32-BR512                                          ;WS        ;CS                  ;;14/4/26;          ;0
13916;SHAW                ;D52       ;33-BR512                                          ;WS        ;CS                  ;;16/4/26;          ;0
13917;SHAW                ;D52       ;33-BR512                                          ;WS        ;CS                  ;;16/4/26;          ;0
13920;SHAW                ;D184      ;35-BR512                                          ;WS        ;CS                  ;;19/4/26;          ;0
13923;SHAW                ;D52       ;36-BR512                                          ;WS        ;CS                  ;;12/4/26;          ;0
13924;SHAW                ;D52       ;36-BR512                                          ;WS        ;CS                  ;;12/4/26;          ;0
13926;SHAW                ;D176      ;38-BR502                                          ;WS        ;CS                  ;;14/4/26;          ;0
13927;SHAW                ;D176      ;38-BR502                                          ;WS        ;CS                  ;;14/4/26;          ;0
13979;SHAW                ;D184      ;32-BR512                                          ;WS        ;CS                  ;;15/4/26;          ;0
13980;SHAW                ;D184      ;32-BR512                                          ;WS        ;CS                  ;;15/4/26;          ;0
13981;SHAW                ;D184      ;33-BR512                                          ;WS        ;CS                  ;;19/4/26;          ;0
13983;SHAW                ;B30       ;35-BR512                                          ;WS        ;CS                  ;;19/4/26;          ;0
14251;SHAW                ;D176      ;35-BR905                                          ;WS        ;CS                  ;;6/4/26;          ;0
14253;SHAW                ;D52       ;35-BR915                                          ;WS        ;CS                  ;;7/4/26;          ;0
14255;SHAW                ;D52       ;36-BR915                                          ;WS        ;CS                  ;;7/4/26;          ;0
14256;SHAW                ;D52       ;36-BR915                                          ;WS        ;CS                  ;;7/4/26;          ;0
14259;SHAW                ;D52       ;36-BR925                                          ;WS        ;CS                  ;;8/4/26;          ;0
14260;SHAW                ;D52       ;36-BR925                                          ;WS        ;CS                  ;;8/4/26;          ;0
14263;SHAW                ;D52       ;36-BR935                                          ;WS        ;CS                  ;;7/4/26;          ;0
14264;SHAW                ;D52       ;36-BR935                                          ;WS        ;CS                  ;;7/4/26;          ;0
14267;SHAW                ;D179      ;36-BR945                                          ;WS        ;CS                  ;;7/4/26;          ;0
14268;SHAW                ;D179      ;36-BR945                                          ;WS        ;CS                  ;;7/4/26;          ;0
14271;SHAW                ;D196      ;37-BR915                                          ;WS        ;CS                  ;;8/4/26;          ;0
14272;SHAW                ;D196      ;37-BR915                                          ;WS        ;CS                  ;;8/4/26;          ;0
14275;SHAW                ;D185      ;37-BR925                                          ;WS        ;CS                  ;;8/4/26;          ;0
14276;SHAW                ;D185      ;37-BR925                                          ;WS        ;CS                  ;;8/4/26;          ;0
14365;SHAW                ;D176      ;32-BR915                                          ;WS        ;CS                  ;;6/4/26;          ;0
14366;SHAW                ;D176      ;32-BR915                                          ;WS        ;CS                  ;;6/4/26;          ;0
14370;SHAW                ;D176      ;32-BR925                                          ;WS        ;CS                  ;;6/4/26;          ;0
14371;SHAW                ;D176      ;32-BR925                                          ;WS        ;CS                  ;;6/4/26;          ;0
14375;SHAW                ;D176      ;32-BR935                                          ;WS        ;CS                  ;;6/4/26;          ;0
14376;SHAW                ;D176      ;32-BR935                                          ;WS        ;CS                  ;;6/4/26;          ;0
14380;SHAW                ;D52       ;32-BR945                                          ;WS        ;CS                  ;;7/4/26;          ;0
14381;SHAW                ;D52       ;32-BR945                                          ;WS        ;CS                  ;;7/4/26;          ;0
14385;SHAW                ;B37       ;33-BR901                                          ;WS        ;CS                  ;;8/4/26;          ;0
14387;SHAW                ;D52       ;33-BR903                                          ;WS        ;CS                  ;;7/4/26;          ;0
14389;SHAW                ;D52       ;34-BR901                                          ;WS        ;CS                  ;;7/4/26;          ;0
14390;SHAW                ;D52       ;34-BR901                                          ;WS        ;CS                  ;;6/4/26;          ;0
14394;SHAW                ;D185      ;34-BR903                                          ;WS        ;CS                  ;;7/4/26;          ;0
14395;SHAW                ;D185      ;34-BR903                                          ;WS        ;CS                  ;;7/4/26;          ;0
14399;SHAW                ;D185      ;62-BR001                                          ;WS        ;CS                  ;;5/4/26;          ;10
14401;SHAW                ;B37       ;62-BR001                                          ;WS        ;CS                  ;;5/4/26;          ;10
14402;SHAW                ;B37       ;62-BR001                                          ;WS        ;CS                  ;;5/4/26;          ;10
14403;SHAW                ;B37       ;62-BR001                                          ;WS        ;CS                  ;;5/4/26;12/4/26;10
14407;SHAW                ;D176      ;42-BR901                                          ;WS        ;CS                  ;;8/4/26;          ;0
14409;SHAW                ;D190      ;46-BR004                                          ;WS        ;CS                  ;;8/4/26;          ;0
14410;SHAW                ;D190      ;46-BR004                                          ;WS        ;CS                  ;;8/4/26;          ;0
14411;SHAW                ;D190      ;46-BR004                                          ;WS        ;CS                  ;;8/4/26;          ;0
14412;SHAW                ;D190      ;46-BR004                                          ;WS        ;CS                  ;;8/4/26;          ;0
14413;SHAW                ;D190      ;46-BR004                                          ;WS        ;CS                  ;;8/4/26;          ;0
14414;SHAW                ;D190      ;46-BR004                                          ;WS        ;CS                  ;;9/4/26;          ;0
14416;SHAW                ;D179      ;46-BR004                                          ;WS        ;CS                  ;;8/4/26;          ;0
14417;SHAW                ;D179      ;46-BR004                                          ;WS        ;CS                  ;;8/4/26;          ;0
14418;SHAW                ;D179      ;46-BR004                                          ;WS        ;CS                  ;;8/4/26;          ;0
14420;SHAW                ;D179      ;46-BR004                                          ;WS        ;CS                  ;;8/4/26;          ;0
14421;SHAW                ;D179      ;46-BR004                                          ;WS        ;CS                  ;;8/4/26;          ;0
14422;SHAW                ;D179      ;46-BR004                                          ;WS        ;CS                  ;;8/4/26;          ;0
14424;SHAW                ;F12       ;46-BR004                                          ;WS        ;CS                  ;;8/4/26;          ;0
14426;SHAW                ;B30       ;46-BR004                                          ;WS        ;CS                  ;;8/4/26;          ;0
14427;SHAW                ;B30       ;46-BR004                                          ;WS        ;CS                  ;;8/4/26;          ;0
14428;SHAW                ;B30       ;46-BR004                                          ;WS        ;CS                  ;;8/4/26;          ;0
14430;SHAW                ;F12       ;46-BR004                                          ;WS        ;CS                  ;;8/4/26;          ;0
14431;SHAW                ;F12       ;46-BR004                                          ;WS        ;CS                  ;;8/4/26;          ;0
14432;SHAW                ;F12       ;46-BR004                                          ;WS        ;CS                  ;;8/4/26;          ;0
14434;SHAW                ;D190      ;46-BR004                                          ;WS        ;CS                  ;;8/4/26;          ;0
14435;SHAW                ;D190      ;46-BR004                                          ;WS        ;CS                  ;;8/4/26;          ;0
14436;SHAW                ;D190      ;46-BR004                                          ;WS        ;CS                  ;;8/4/26;          ;0
14438;SHAW                ;D179      ;46-BR004                                          ;WS        ;CS                  ;;8/4/26;          ;0
14439;SHAW                ;D179      ;46-BR004                                          ;WS        ;CS                  ;;8/4/26;          ;0
14478;SHAW                ;D190      ;48-BR901                                          ;WS        ;CS                  ;;7/4/26;          ;0
14479;SHAW                ;D190      ;48-BR901                                          ;WS        ;CS                  ;;7/4/26;          ;0
14482;SHAW                ;D184      ;10-BR402                                          ;WS        ;CS                  ;;15/4/26;          ;0
14490;SHAW                ;B30       ;01-BR003                                          ;WS        ;CS                  ;;19/4/26;          ;0
14492;SHAW                ;D176      ;01-BR003                                          ;WS        ;CS                  ;;20/4/26;          ;0
14493;SHAW                ;D176      ;01-BR003                                          ;WS        ;CS                  ;;20/4/26;          ;0
14494;SHAW                ;B30       ;01-BR003                                          ;WS        ;CS                  ;;19/4/26;          ;10
14496;SHAW                ;D185      ;01-BR003                                          ;WS        ;CS                  ;;5/4/26;          ;10
14497;SHAW                ;D185      ;01-BR003                                          ;WS        ;CS                  ;;6/4/26;          ;10
14823;SHAW                ;D184      ;01-BR003                                          ;WS        ;CS                  ;;20/4/26;          ;10
14979;SHAW                ;D190      ;41-BR402                                          ;WS        ;CS                  ;;20/4/26;          ;0
14980;SHAW                ;D190      ;41-BR402                                          ;WS        ;CS                  ;;20/4/26;          ;0
14981;SHAW                ;D190      ;41-BR402                                          ;WS        ;CS                  ;;20/4/26;          ;0
14982;SHAW                ;D190      ;41-BR402                                          ;WS        ;CS                  ;;20/4/26;          ;0
15118;SHAW                ;D184      ;45-BR001                                          ;WS        ;CS                  ;;14/4/26;          ;0
15359;SHAW                ;D196      ;51-BR001                                          ;WS        ;CS                  ;;11/3/26;          ;0
15360;SHAW                ;D107      ;56-BR001                                          ;WS        ;CS                  ;;17/3/26;          ;0
15361;SHAW                ;D193      ;56-BR001                                          ;WS        ;CS                  ;;11/3/26;          ;0
15368;SHAW                ;D184      ;51-BR001                                          ;WS        ;CS                  ;;14/4/26;          ;0
15369;SHAW                ;D185      ;51-BR001                                          ;WS        ;CS                  ;;17/3/26;          ;0
15370;SHAW                ;B14       ;71-BR001                                          ;WS        ;CS                  ;;17/3/26;          ;0
15371;SHAW                ;D176      ;51-BR001                                          ;WS        ;CS                  ;;19/4/26;          ;0
15372;SHAW                ;D193      ;56-BR001                                          ;WS        ;CS                  ;;11/3/26;          ;0
15373;SHAW                ;D193      ;56-BR001                                          ;WS        ;CS                  ;;11/3/26;          ;0
15380;SHAW                ;D193      ;56-BR001                                          ;WS        ;CS                  ;;11/3/26;          ;0
15382;SHAW                ;B30       ;71-BR001                                          ;WS        ;CS                  ;;15/4/26;          ;0
15383;SHAW                ;D184      ;51-BR001                                          ;WS        ;CS                  ;;9/3/26;          ;10
15384;SHAW                ;B14       ;51-BR001                                          ;WS        ;CS                  ;;17/3/26;          ;0
15385;SHAW                ;D185      ;52-BR001                                          ;WS        ;CS                  ;;15/4/26;          ;0
15386;SHAW                ;D52       ;40-BR703                                          ;WS        ;CS                  ;;26/3/26;          ;0
15387;SHAW                ;D176      ;71-BR001                                          ;WS        ;CS                  ;;10/3/26;          ;0
15388;SHAW                ;D52       ;71-BR001                                          ;WS        ;CS                  ;;10/3/26;          ;0
15389;SHAW                ;D176      ;28-BR101                                          ;WS        ;CS                  ;;19/2/26;          ;0
15390;SHAW                ;D176      ;51-BR001                                          ;WS        ;CS                  ;;17/3/26;          ;0
15391;SHAW                ;D184      ;51-BR001                                          ;WS        ;CS                  ;;9/3/26;          ;0
15392;SHAW                ;D176      ;28-BR101                                          ;WS        ;CS                  ;;19/2/26;          ;0
15393;SHAW                ;B30       ;56-BR001                                          ;WS        ;CS                  ;;15/4/26;          ;0
15395;SHAW                ;D176      ;28-BR101                                          ;WS        ;CS                  ;;19/2/26;          ;0
15396;SHAW                ;B37       ;51-BR001                                          ;WS        ;CS                  ;;9/3/26;          ;0
15397;SHAW                ;D179      ;51-BR001                                          ;WS        ;CS                  ;;11/3/26;          ;0
15403;SHAW                ;B37       ;51-BR001                                          ;WS        ;CS                  ;;17/3/26;          ;0
15407;SHAW                ;D196      ;51-BR001                                          ;WS        ;CS                  ;;11/3/26;          ;0
15408;SHAW                ;D176      ;71-BR001                                          ;WS        ;CS                  ;;10/3/26;          ;0
15414;SHAW                ;D179      ;51-BR001                                          ;WS        ;CS                  ;;11/3/26;          ;0
15415;SHAW                ;D176      ;71-BR001                                          ;WS        ;CS                  ;;9/3/26;          ;10
15416;SHAW                ;D52       ;52-BR001                                          ;WS        ;CS                  ;;17/3/26;          ;0
15417;SHAW                ;B14       ;56-BR001                                          ;WS        ;CS                  ;;17/3/26;          ;0
15418;SHAW                ;D107      ;56-BR001                                          ;WS        ;CS                  ;;17/3/26;          ;0
15419;SHAW                ;D52       ;52-BR001                                          ;WS        ;CS                  ;;17/3/26;          ;0
15420;SHAW                ;B14       ;51-BR001                                          ;WS        ;CS                  ;;17/3/26;          ;0
15421;SHAW                ;D193      ;52-BR001                                          ;WS        ;CS                  ;;12/3/26;          ;0
15422;SHAW                ;D52       ;40-BR702                                          ;WS        ;CS                  ;;29/3/26;          ;0
15426;SHAW                ;B14       ;51-BR001                                          ;WS        ;CS                  ;;17/3/26;          ;0
15434;SHAW                ;D176      ;28-BR101                                          ;WS        ;CS                  ;;19/2/26;          ;0
15435;SHAW                ;D196      ;71-BR001                                          ;WS        ;CS                  ;;18/3/26;          ;0
15436;SHAW                ;D185      ;51-BR001                                          ;WS        ;CS                  ;;17/3/26;          ;0
15437;SHAW                ;D193      ;52-BR001                                          ;WS        ;CS                  ;;12/3/26;          ;0
15440;SHAW                ;B30       ;71-BR001                                          ;WS        ;CS                  ;;8/3/26;          ;10
15441;SHAW                ;D176      ;71-BR001                                          ;WS        ;CS                  ;;10/3/26;          ;0
15447;SHAW                ;D179      ;51-BR001                                          ;WS        ;CS                  ;;11/3/26;          ;0
15452;SHAW                ;D176      ;52-BR001                                          ;WS        ;CS                  ;;17/3/26;          ;0
15453;SHAW                ;D62       ;56-BR001                                          ;WS        ;CS                  ;;18/3/26;          ;0
15454;SHAW                ;D193      ;52-BR001                                          ;WS        ;CS                  ;;12/3/26;          ;0
15457;SHAW                ;D193      ;56-BR001                                          ;WS        ;CS                  ;;11/3/26;          ;0
15460;SHAW                ;B14       ;51-BR001                                          ;WS        ;CS                  ;;17/3/26;          ;0
15462;SHAW                ;D52       ;52-BR001                                          ;WS        ;CS                  ;;17/3/26;          ;0
15467;SHAW                ;D176      ;51-BR001                                          ;WS        ;CS                  ;;17/3/26;          ;0
15473;SHAW                ;D176      ;52-BR001                                          ;WS        ;CS                  ;;17/3/26;          ;0
15475;SHAW                ;D196      ;71-BR001                                          ;WS        ;CS                  ;;18/3/26;          ;0
15481;SHAW                ;D52       ;52-BR001                                          ;WS        ;CS                  ;;17/3/26;          ;0
15483;SHAW                ;D62       ;56-BR001                                          ;WS        ;CS                  ;;18/3/26;          ;0
15486;SHAW                ;D176      ;71-BR001                                          ;WS        ;CS                  ;;10/3/26;          ;0
15487;SHAW                ;D184      ;51-BR001                                          ;WS        ;CS                  ;;14/4/26;          ;0
15488;SHAW                ;D179      ;56-BR001                                          ;WS        ;CS                  ;;17/3/26;          ;0
15489;SHAW                ;D193      ;52-BR001                                          ;WS        ;CS                  ;;12/3/26;          ;0
15490;SHAW                ;D185      ;51-BR001                                          ;WS        ;CS                  ;;17/3/26;          ;0
15491;SHAW                ;D176      ;51-BR001                                          ;WS        ;CS                  ;;19/4/26;          ;0
15495;SHAW                ;B14       ;71-BR001                                          ;WS        ;CS                  ;;17/3/26;          ;0
15497;SHAW                ;D196      ;40-BR704                                          ;WS        ;CS                  ;;29/3/26;          ;0
15500;SHAW                ;D52       ;40-BR703                                          ;WS        ;CS                  ;;26/3/26;          ;0
15502;SHAW                ;D52       ;71-BR001                                          ;WS        ;CS                  ;;17/3/26;          ;0
15503;SHAW                ;D52       ;71-BR001                                          ;WS        ;CS                  ;;10/3/26;          ;0
15504;SHAW                ;D52       ;71-BR001                                          ;WS        ;CS                  ;;17/3/26;          ;0
15508;SHAW                ;D193      ;52-BR001                                          ;WS        ;CS                  ;;12/3/26;          ;0
15509;SHAW                ;B30       ;56-BR001                                          ;WS        ;CS                  ;;9/3/26;          ;10
15511;SHAW                ;D196      ;40-BR704                                          ;WS        ;CS                  ;;29/3/26;          ;0
15516;SHAW                ;B37       ;51-BR001                                          ;WS        ;CS                  ;;17/3/26;          ;0
15518;SHAW                ;D176      ;71-BR001                                          ;WS        ;CS                  ;;10/3/26;          ;0
15520;SHAW                ;D52       ;51-BR001                                          ;WS        ;CS                  ;;17/3/26;          ;0
15523;SHAW                ;B14       ;71-BR001                                          ;WS        ;CS                  ;;17/3/26;          ;0
15524;SHAW                ;D196      ;71-BR001                                          ;WS        ;CS                  ;;18/3/26;          ;0
15526;SHAW                ;D176      ;28-BR101                                          ;WS        ;CS                  ;;19/2/26;          ;0
15527;SHAW                ;B37       ;51-BR001                                          ;WS        ;CS                  ;;9/3/26;          ;10
15529;SHAW                ;D176      ;51-BR001                                          ;WS        ;CS                  ;;17/3/26;          ;0
15530;SHAW                ;D196      ;51-BR001                                          ;WS        ;CS                  ;;11/3/26;          ;0
15531;SHAW                ;B30       ;56-BR001                                          ;WS        ;CS                  ;;15/4/26;          ;0
15532;SHAW                ;D179      ;51-BR001                                          ;WS        ;CS                  ;;11/3/26;          ;0
15536;SHAW                ;D176      ;71-BR001                                          ;WS        ;CS                  ;;18/3/26;          ;0
15539;SHAW                ;D185      ;51-BR001                                          ;WS        ;CS                  ;;17/3/26;          ;0
15540;SHAW                ;B14       ;56-BR001                                          ;WS        ;CS                  ;;17/3/26;          ;0
15546;SHAW                ;D196      ;71-BR001                                          ;WS        ;CS                  ;;18/3/26;          ;0
15551;SHAW                ;D176      ;71-BR001                                          ;WS        ;CS                  ;;9/3/26;          ;0
15552;SHAW                ;D52       ;51-BR001                                          ;WS        ;CS                  ;;17/3/26;          ;0
15553;SHAW                ;D176      ;71-BR001                                          ;WS        ;CS                  ;;19/4/26;          ;0
15555;SHAW                ;D52       ;52-BR001                                          ;WS        ;CS                  ;;17/3/26;          ;0
15556;SHAW                ;D52       ;40-BR702                                          ;WS        ;CS                  ;;29/3/26;          ;0
15557;SHAW                ;D196      ;71-BR001                                          ;WS        ;CS                  ;;18/3/26;          ;0
15558;SHAW                ;D176      ;28-BR101                                          ;WS        ;CS                  ;;19/2/26;          ;0
15559;SHAW                ;B14       ;71-BR001                                          ;WS        ;CS                  ;;17/3/26;          ;0
15560;SHAW                ;B30       ;71-BR001                                          ;WS        ;CS                  ;;15/4/26;          ;0
15561;SHAW                ;D179      ;56-BR001                                          ;WS        ;CS                  ;;17/3/26;          ;0
15564;SHAW                ;D196      ;71-BR001                                          ;WS        ;CS                  ;;18/3/26;          ;0
15565;SHAW                ;D176      ;52-BR001                                          ;WS        ;CS                  ;;10/3/26;          ;0
15566;SHAW                ;D196      ;51-BR001                                          ;WS        ;CS                  ;;11/3/26;          ;0
15567;SHAW                ;D190      ;71-BR001                                          ;WS        ;CS                  ;;18/3/26;          ;0
15571;SHAW                ;D52       ;71-BR001                                          ;WS        ;CS                  ;;10/3/26;          ;0
15572;SHAW                ;D179      ;51-BR001                                          ;WS        ;CS                  ;;11/3/26;          ;0
15573;SHAW                ;D176      ;52-BR001                                          ;WS        ;CS                  ;;10/3/26;18/3/26;10
15578;SHAW                ;D52       ;71-BR001                                          ;WS        ;CS                  ;;10/3/26;          ;0
15579;SHAW                ;D196      ;51-BR001                                          ;WS        ;CS                  ;;11/3/26;          ;0
15580;SHAW                ;D176      ;51-BR001                                          ;WS        ;CS                  ;;17/3/26;          ;0
15581;SHAW                ;B30       ;56-BR001                                          ;WS        ;CS                  ;;9/3/26;          ;0
15583;SHAW                ;B30       ;71-BR001                                          ;WS        ;CS                  ;;9/3/26;          ;0
15584;SHAW                ;D176      ;71-BR001                                          ;WS        ;CS                  ;;19/4/26;          ;0
15585;SHAW                ;D185      ;52-BR001                                          ;WS        ;CS                  ;;15/4/26;          ;0
15590;SHAW                ;D176      ;71-BR001                                          ;WS        ;CS                  ;;18/3/26;          ;0
15591;SHAW                ;D52       ;52-BR001                                          ;WS        ;CS                  ;;17/3/26;          ;0
15593;SHAW                ;D190      ;71-BR001                                          ;WS        ;CS                  ;;18/3/26;          ;0
15594;SHAW                ;D52       ;71-BR001                                          ;WS        ;CS                  ;;10/3/26;          ;0
15610;SHAW                ;D185      ;11-BR001                                          ;WS        ;CS                  ;;9/2/26;10/2/26;10
15611;SHAW                ;B37       ;09-BR001                                          ;WS        ;CS                  ;;12/3/26;          ;0
15612;SHAW                ;D193      ;11-BR001                                          ;WS        ;CS                  ;;8/2/26;10/2/26;10
15620;SHAW                ;D196      ;40-BR705                                          ;WS        ;CS                  ;;17/3/26;          ;0
15621;SHAW                ;D196      ;40-BR705                                          ;WS        ;CS                  ;;17/3/26;          ;0
15622;SHAW                ;D196      ;40-BR705                                          ;WS        ;CS                  ;;17/3/26;          ;0
15623;SHAW                ;D196      ;40-BR705                                          ;WS        ;CS                  ;;17/3/26;          ;0
15625;SHAW                ;D196      ;40-BR705                                          ;WS        ;CS                  ;;17/3/26;          ;0
15626;SHAW                ;D196      ;40-BR705                                          ;WS        ;CS                  ;;17/3/26;          ;0
15627;SHAW                ;D184      ;09-BR001                                          ;WS        ;CS                  ;;4/3/26;18/3/26;10
15628;SHAW                ;D190      ;11-BR001                                          ;WS        ;CS                  ;;14/2/26;          ;10
15630;SHAW                ;B37       ;09-BR001                                          ;WS        ;CS                  ;;11/3/26;          ;0
15633;SHAW                ;B37       ;09-BR001                                          ;WS        ;CS                  ;;12/3/26;          ;0
15635;SHAW                ;D196      ;40-BR705                                          ;WS        ;CS                  ;;17/3/26;          ;0
15637;SHAW                ;D196      ;40-BR705                                          ;WS        ;CS                  ;;17/3/26;          ;0
15639;SHAW                ;D193      ;11-BR001                                          ;WS        ;CS                  ;;8/2/26;10/2/26;10
15641;SHAW                ;B14       ;40-BR701                                          ;WS        ;CS                  ;;25/3/26;          ;0
15642;SHAW                ;D196      ;40-BR705                                          ;WS        ;CS                  ;;17/3/26;          ;0
15647;SHAW                ;B37       ;09-BR001                                          ;WS        ;CS                  ;;10/3/26;          ;0
15652;SHAW                ;D196      ;40-BR705                                          ;WS        ;CS                  ;;17/3/26;          ;0
15721;SHAW                ;F12       ;11-BR001                                          ;WS        ;CS                  ;;10/2/26;12/2/26;10
15722;SHAW                ;D185      ;11-BR502                                          ;WS        ;CS                  ;;18/2/26;          ;0
15723;SHAW                ;B14       ;11-BR001                                          ;WS        ;CS                  ;;9/2/26;10/2/26;10
15724;SHAW                ;B30       ;40-BR001                                          ;WS        ;CS                  ;;26/3/26;1/4/26;100
15726;SHAW                ;F12       ;11-BR001                                          ;WS        ;CS                  ;;10/2/26;12/2/26;10
15727;SHAW                ;D193      ;84-BR101                                          ;WS        ;CS                  ;;19/2/26;          ;0
15728;SHAW                ;D190      ;40-BR001                                          ;WS        ;CS                  ;;26/3/26;1/4/26;100
15730;SHAW                ;F12       ;11-BR001                                          ;WS        ;CS                  ;;10/2/26;12/2/26;10
15731;SHAW                ;D189      ;11-BR502                                          ;WS        ;CS                  ;;18/2/26;          ;0
15732;SHAW                ;D196      ;60-BR102                                          ;WS        ;CS                  ;;11/2/26;          ;10
15734;SHAW                ;D179      ;11-BR502                                          ;WS        ;CS                  ;;18/2/26;          ;0
15735;SHAW                ;D193      ;84-BR101                                          ;WS        ;CS                  ;;19/2/26;          ;0
15736;SHAW                ;D193      ;84-BR101                                          ;WS        ;CS                  ;;19/2/26;          ;0
15738;SHAW                ;D185      ;11-BR502                                          ;WS        ;CS                  ;;18/2/26;          ;0
15739;SHAW                ;D179      ;11-BR001                                          ;WS        ;CS                  ;;10/2/26;12/2/26;10
15740;SHAW                ;D193      ;84-BR101                                          ;WS        ;CS                  ;;19/2/26;          ;0
15741;SHAW                ;D189      ;11-BR502                                          ;WS        ;CS                  ;;18/2/26;          ;0
15742;SHAW                ;D189      ;11-BR502                                          ;WS        ;CS                  ;;18/2/26;          ;0
15744;SHAW                ;D196      ;40-BR001                                          ;WS        ;CS                  ;;25/3/26;1/4/26;100
15747;SHAW                ;D190      ;40-BR001                                          ;WS        ;CS                  ;;26/3/26;1/4/26;100
15750;SHAW                ;F12       ;11-BR001                                          ;WS        ;CS                  ;;10/2/26;12/2/26;10
15751;SHAW                ;D190      ;40-BR001                                          ;WS        ;CS                  ;;26/3/26;1/4/26;100
15752;SHAW                ;D179      ;11-BR502                                          ;WS        ;CS                  ;;18/2/26;          ;0
15753;SHAW                ;B14       ;70-BR701                                          ;WS        ;CS                  ;;25/3/26;          ;0
15761;SHAW                ;B30       ;40-BR001                                          ;WS        ;CS                  ;;25/3/26;1/4/26;100
15766;SHAW                ;B30       ;40-BR001                                          ;WS        ;CS                  ;;26/3/26;6/4/26;100
15767;SHAW                ;D185      ;11-BR502                                          ;WS        ;CS                  ;;18/2/26;          ;0
15769;SHAW                ;D196      ;40-BR001                                          ;WS        ;CS                  ;;25/3/26;1/4/26;100
15771;SHAW                ;D193      ;84-BR101                                          ;WS        ;CS                  ;;19/2/26;          ;0
15773;SHAW                ;D185      ;11-BR502                                          ;WS        ;CS                  ;;18/2/26;          ;0
15777;SHAW                ;D196      ;60-BR102                                          ;WS        ;CS                  ;;11/2/26;          ;10
15778;SHAW                ;B30       ;40-BR001                                          ;WS        ;CS                  ;;26/3/26;1/4/26;100
15779;SHAW                ;B30       ;40-BR001                                          ;WS        ;CS                  ;;26/3/26;6/4/26;100
15780;SHAW                ;D193      ;84-BR101                                          ;WS        ;CS                  ;;19/2/26;          ;0
15781;SHAW                ;D189      ;11-BR502                                          ;WS        ;CS                  ;;18/2/26;          ;0
15792;SHAW                ;D189      ;11-BR001                                          ;WS        ;CS                  ;;10/2/26;          ;10
15830;SHAW                ;D185      ;60-BR101                                          ;WS        ;CS                  ;;2/4/26;          ;10
15867;SHAW                ;B37       ;13-BR502                                          ;WS        ;CS                  ;;15/2/26;          ;0
15871;SHAW                ;D184      ;13-BR502                                          ;WS        ;CS                  ;;15/2/26;          ;0
15874;SHAW                ;B37       ;13-BR502                                          ;WS        ;CS                  ;;15/2/26;          ;0
15950;SHAW                ;D184      ;11-BR401                                          ;WS        ;CS                  ;;26/2/26;          ;0
15952;SHAW                ;D184      ;11-BR401                                          ;WS        ;CS                  ;;26/2/26;          ;0
15960;SHAW                ;D184      ;11-BR401                                          ;WS        ;CS                  ;;26/2/26;          ;0
15963;SHAW                ;D184      ;11-BR401                                          ;WS        ;CS                  ;;26/2/26;          ;0
15968;SHAW                ;D184      ;11-BR401                                          ;WS        ;CS                  ;;26/2/26;          ;0
15973;SHAW                ;D184      ;11-BR401                                          ;WS        ;CS                  ;;26/2/26;          ;0
15978;SHAW                ;D185      ;11-BR401                                          ;WS        ;CS                  ;;26/2/26;          ;0
15991;SHAW                ;D184      ;11-BR401                                          ;WS        ;CS                  ;;26/2/26;          ;0
15992;SHAW                ;D185      ;11-BR401                                          ;WS        ;CS                  ;;26/2/26;          ;0
15995;SHAW                ;D185      ;11-BR401                                          ;WS        ;CS                  ;;26/2/26;          ;0
16007;SHAW                ;D185      ;11-BR401                                          ;WS        ;CS                  ;;26/2/26;          ;0
16008;SHAW                ;D185      ;11-BR401                                          ;WS        ;CS                  ;;26/2/26;          ;0
16009;SHAW                ;D185      ;11-BR401                                          ;WS        ;CS                  ;;26/2/26;          ;0
16100;SHAW                ;D52       ;30-BR406                                          ;WS        ;CS                  ;;31/3/26;          ;0
16102;SHAW                ;B30       ;30-BR406                                          ;WS        ;CS                  ;;8/4/26;          ;0
16104;SHAW                ;B30       ;30-BR406                                          ;WS        ;CS                  ;;5/4/26;          ;0
16106;SHAW                ;D52       ;30-BR406                                          ;WS        ;CS                  ;;31/3/26;          ;0
16108;SHAW                ;D52       ;30-BR406                                          ;WS        ;CS                  ;;31/3/26;          ;0
16110;SHAW                ;D52       ;30-BR406                                          ;WS        ;CS                  ;;31/3/26;          ;0
16112;SHAW                ;B30       ;30-BR406                                          ;WS        ;CS                  ;;5/4/26;          ;0
16114;SHAW                ;B30       ;30-BR406                                          ;WS        ;CS                  ;;5/4/26;          ;0
16115;SHAW                ;B30       ;30-BR406                                          ;WS        ;CS                  ;;5/4/26;          ;0
16117;SHAW                ;D190      ;30-BR406                                          ;WS        ;CS                  ;;31/3/26;          ;0
16118;SHAW                ;D190      ;30-BR406                                          ;WS        ;CS                  ;;31/3/26;          ;0
16119;SHAW                ;D190      ;30-BR406                                          ;WS        ;CS                  ;;31/3/26;          ;0
16121;SHAW                ;D52       ;30-BR406                                          ;WS        ;CS                  ;;2/4/26;          ;0
16122;SHAW                ;D52       ;30-BR406                                          ;WS        ;CS                  ;;2/4/26;          ;0
16123;SHAW                ;D52       ;30-BR406                                          ;WS        ;CS                  ;;2/4/26;          ;0
16125;SHAW                ;F12       ;30-BR406                                          ;WS        ;CS                  ;;1/4/26;          ;0
16126;SHAW                ;F12       ;30-BR406                                          ;WS        ;CS                  ;;1/4/26;          ;0
16127;SHAW                ;F12       ;30-BR406                                          ;WS        ;CS                  ;;1/4/26;          ;0
16129;SHAW                ;D52       ;30-BR406                                          ;WS        ;CS                  ;;2/4/26;          ;0
16130;SHAW                ;D52       ;30-BR406                                          ;WS        ;CS                  ;;2/4/26;          ;0
16131;SHAW                ;D52       ;30-BR406                                          ;WS        ;CS                  ;;2/4/26;          ;0
16132;SHAW                ;D52       ;30-BR406                                          ;WS        ;CS                  ;;2/4/26;          ;0
16135;SHAW                ;B30       ;40-BR402                                          ;WS        ;CS                  ;;1/4/26;          ;0
16136;SHAW                ;B30       ;40-BR402                                          ;WS        ;CS                  ;;1/4/26;          ;0
16138;SHAW                ;D190      ;40-BR403                                          ;WS        ;CS                  ;;2/4/26;          ;0
16139;SHAW                ;D190      ;40-BR403                                          ;WS        ;CS                  ;;2/4/26;          ;0
16140;SHAW                ;D190      ;40-BR403                                          ;WS        ;CS                  ;;2/4/26;          ;0
16141;SHAW                ;D190      ;40-BR403                                          ;WS        ;CS                  ;;2/4/26;          ;0
16142;SHAW                ;D190      ;40-BR403                                          ;WS        ;CS                  ;;2/4/26;          ;0
16144;SHAW                ;D19       ;40-BR403                                          ;WS        ;CS                  ;;1/4/26;          ;0
16145;SHAW                ;D19       ;40-BR403                                          ;WS        ;CS                  ;;1/4/26;          ;0
16183;SHAW                ;D179      ;40-BR403                                          ;WS        ;CS                  ;;5/4/26;          ;0
16184;SHAW                ;D179      ;40-BR403                                          ;WS        ;CS                  ;;5/4/26;          ;0
16185;SHAW                ;D179      ;40-BR403                                          ;WS        ;CS                  ;;5/4/26;          ;0
16186;SHAW                ;D179      ;40-BR403                                          ;WS        ;CS                  ;;5/4/26;          ;0
16187;SHAW                ;D179      ;40-BR403                                          ;WS        ;CS                  ;;5/4/26;          ;0
16188;SHAW                ;D179      ;40-BR403                                          ;WS        ;CS                  ;;5/4/26;          ;0
16192;SHAW                ;F12       ;70-BR402                                          ;WS        ;CS                  ;;6/4/26;          ;0
16193;SHAW                ;F12       ;70-BR402                                          ;WS        ;CS                  ;;6/4/26;          ;0
16194;SHAW                ;F12       ;70-BR402                                          ;WS        ;CS                  ;;6/4/26;          ;0
16195;SHAW                ;F12       ;70-BR402                                          ;WS        ;CS                  ;;6/4/26;          ;0
16197;SHAW                ;F12       ;70-BR402                                          ;WS        ;CS                  ;;7/4/26;          ;0
16199;SHAW                ;D179      ;70-BR402                                          ;WS        ;CS                  ;;6/4/26;          ;0
16201;SHAW                ;F12       ;70-BR402                                          ;WS        ;CS                  ;;7/4/26;          ;0
16217;SHAW                ;D190      ;11-BR401                                          ;WS        ;CS                  ;;6/4/26;          ;0
16218;SHAW                ;D190      ;11-BR401                                          ;WS        ;CS                  ;;6/4/26;          ;0
16219;SHAW                ;D190      ;11-BR401                                          ;WS        ;CS                  ;;6/4/26;          ;0
16221;SHAW                ;D184      ;11-BR401                                          ;WS        ;CS                  ;;19/4/26;          ;0
16222;SHAW                ;D184      ;11-BR401                                          ;WS        ;CS                  ;;19/4/26;          ;0
16223;SHAW                ;D184      ;11-BR401                                          ;WS        ;CS                  ;;19/4/26;          ;0
16224;SHAW                ;D184      ;11-BR401                                          ;WS        ;CS                  ;;19/4/26;          ;0
16225;SHAW                ;D190      ;11-BR401                                          ;WS        ;CS                  ;;6/4/26;          ;0
16226;SHAW                ;D190      ;11-BR401                                          ;WS        ;CS                  ;;6/4/26;          ;0
16227;SHAW                ;D190      ;11-BR401                                          ;WS        ;CS                  ;;6/4/26;          ;0
16228;SHAW                ;D190      ;11-BR401                                          ;WS        ;CS                  ;;6/4/26;          ;0
16230;SHAW                ;D190      ;11-BR401                                          ;WS        ;CS                  ;;1/4/26;          ;0
16231;SHAW                ;D190      ;11-BR401                                          ;WS        ;CS                  ;;1/4/26;          ;0
16232;SHAW                ;D190      ;11-BR401                                          ;WS        ;CS                  ;;1/4/26;          ;0
16233;SHAW                ;D190      ;11-BR401                                          ;WS        ;CS                  ;;1/4/26;          ;0
16234;SHAW                ;D190      ;11-BR401                                          ;WS        ;CS                  ;;1/4/26;          ;0
16237;SHAW                ;F12       ;11-BR401                                          ;WS        ;CS                  ;;5/4/26;          ;0
16238;SHAW                ;F12       ;11-BR401                                          ;WS        ;CS                  ;;5/4/26;          ;0
16239;SHAW                ;F12       ;11-BR401                                          ;WS        ;CS                  ;;5/4/26;          ;0
16245;SHAW                ;F12       ;11-BR401                                          ;WS        ;CS                  ;;5/4/26;          ;0
16246;SHAW                ;F12       ;11-BR401                                          ;WS        ;CS                  ;;5/4/26;          ;0
16247;SHAW                ;F12       ;11-BR401                                          ;WS        ;CS                  ;;5/4/26;          ;0
16248;SHAW                ;F12       ;11-BR401                                          ;WS        ;CS                  ;;5/4/26;          ;0
16250;SHAW                ;F20       ;11-BR401                                          ;WS        ;CS                  ;;2/4/26;          ;0
16251;SHAW                ;F20       ;11-BR401                                          ;WS        ;CS                  ;;2/4/26;          ;0
16252;SHAW                ;F20       ;11-BR401                                          ;WS        ;CS                  ;;2/4/26;          ;0
16253;SHAW                ;F20       ;11-BR401                                          ;WS        ;CS                  ;;2/4/26;          ;0
16254;SHAW                ;F20       ;11-BR401                                          ;WS        ;CS                  ;;2/4/26;          ;0
16322;SHAW                ;D190      ;55-BR002                                          ;WS        ;CS                  ;;5/4/26;          ;0
16323;SHAW                ;D190      ;55-BR002                                          ;WS        ;CS                  ;;5/4/26;          ;0
16324;SHAW                ;D190      ;55-BR002                                          ;WS        ;CS                  ;;5/4/26;          ;0
16325;SHAW                ;D190      ;55-BR002                                          ;WS        ;CS                  ;;5/4/26;          ;0
16326;SHAW                ;D190      ;55-BR002                                          ;WS        ;CS                  ;;5/4/26;          ;0
16327;SHAW                ;D190      ;55-BR002                                          ;WS        ;CS                  ;;5/4/26;          ;0
16338;SHAW                ;B30       ;55-BR002                                          ;WS        ;CS                  ;;6/4/26;          ;0
16339;SHAW                ;B30       ;55-BR002                                          ;WS        ;CS                  ;;6/4/26;          ;0
16340;SHAW                ;B30       ;55-BR002                                          ;WS        ;CS                  ;;6/4/26;          ;0
16343;SHAW                ;D179      ;56-BR002                                          ;WS        ;CS                  ;;5/4/26;          ;0
16344;SHAW                ;D179      ;56-BR002                                          ;WS        ;CS                  ;;5/4/26;          ;0
16345;SHAW                ;D179      ;56-BR002                                          ;WS        ;CS                  ;;5/4/26;          ;0
16346;SHAW                ;D179      ;56-BR002                                          ;WS        ;CS                  ;;5/4/26;          ;0
16347;SHAW                ;D179      ;56-BR002                                          ;WS        ;CS                  ;;5/4/26;          ;0
16348;SHAW                ;D179      ;56-BR002                                          ;WS        ;CS                  ;;5/4/26;          ;0
16360;SHAW                ;B30       ;56-BR002                                          ;WS        ;CS                  ;;5/4/26;          ;0
16361;SHAW                ;B30       ;56-BR002                                          ;WS        ;CS                  ;;5/4/26;          ;0
16374;SHAW                ;D176      ;40-BR402                                          ;WS        ;CS                  ;;9/4/26;          ;0
16375;SHAW                ;D176      ;40-BR402                                          ;WS        ;CS                  ;;9/4/26;          ;0
16377;SHAW                ;D184      ;40-BR402                                          ;WS        ;CS                  ;;12/4/26;          ;0
16378;SHAW                ;D184      ;40-BR402                                          ;WS        ;CS                  ;;12/4/26;          ;0
16379;SHAW                ;D184      ;40-BR402                                          ;WS        ;CS                  ;;12/4/26;          ;0
16405;SHAW                ;F12       ;70-BR403                                          ;WS        ;CS                  ;;2/4/26;          ;0
16406;SHAW                ;F12       ;70-BR403                                          ;WS        ;CS                  ;;2/4/26;          ;0
16407;SHAW                ;F12       ;70-BR403                                          ;WS        ;CS                  ;;2/4/26;          ;0
16408;SHAW                ;F12       ;70-BR403                                          ;WS        ;CS                  ;;2/4/26;          ;0
16410;SHAW                ;B30       ;70-BR403                                          ;WS        ;CS                  ;;6/4/26;          ;0
16412;SHAW                ;B30       ;70-BR403                                          ;WS        ;CS                  ;;5/4/26;          ;0
16414;SHAW                ;B30       ;70-BR403                                          ;WS        ;CS                  ;;5/4/26;          ;0
16415;SHAW                ;B30       ;70-BR403                                          ;WS        ;CS                  ;;5/4/26;          ;0
16417;SHAW                ;F12       ;70-BR403                                          ;WS        ;CS                  ;;2/4/26;          ;0
16418;SHAW                ;F12       ;70-BR403                                          ;WS        ;CS                  ;;2/4/26;          ;0
16419;SHAW                ;F12       ;70-BR403                                          ;WS        ;CS                  ;;2/4/26;          ;0
16420;SHAW                ;F12       ;70-BR403                                          ;WS        ;CS                  ;;2/4/26;          ;0
16422;SHAW                ;D184      ;70-BR403                                          ;WS        ;CS                  ;;6/4/26;          ;0
16435;SHAW                ;D176      ;11-BR401                                          ;WS        ;CS                  ;;7/4/26;          ;0
16436;SHAW                ;D176      ;11-BR401                                          ;WS        ;CS                  ;;7/4/26;          ;0
16437;SHAW                ;D176      ;11-BR401                                          ;WS        ;CS                  ;;7/4/26;          ;0
16438;SHAW                ;D176      ;11-BR401                                          ;WS        ;CS                  ;;7/4/26;          ;0
16439;SHAW                ;D176      ;11-BR401                                          ;WS        ;CS                  ;;7/4/26;          ;0
16442;SHAW                ;D176      ;11-BR901                                          ;WS        ;CS                  ;;5/4/26;12/4/26;10
16453;SHAW                ;D52       ;12-BR401                                          ;WS        ;CS                  ;;7/4/26;          ;0
16454;SHAW                ;D52       ;12-BR401                                          ;WS        ;CS                  ;;7/4/26;          ;0
16455;SHAW                ;D52       ;12-BR401                                          ;WS        ;CS                  ;;7/4/26;          ;0
16456;SHAW                ;D52       ;12-BR401                                          ;WS        ;CS                  ;;7/4/26;          ;0
16457;SHAW                ;D52       ;12-BR401                                          ;WS        ;CS                  ;;7/4/26;          ;0
16483;SHAW                ;D176      ;12-BR901                                          ;WS        ;CS                  ;;5/4/26;          ;10
16494;SHAW                ;D52       ;13-BR401                                          ;WS        ;CS                  ;;8/4/26;          ;0
16495;SHAW                ;D52       ;13-BR401                                          ;WS        ;CS                  ;;8/4/26;          ;0
16496;SHAW                ;D52       ;13-BR401                                          ;WS        ;CS                  ;;8/4/26;          ;0
16497;SHAW                ;D52       ;13-BR401                                          ;WS        ;CS                  ;;8/4/26;          ;0
16498;SHAW                ;D52       ;13-BR401                                          ;WS        ;CS                  ;;8/4/26;          ;0
16524;SHAW                ;D185      ;13-BR901                                          ;WS        ;CS                  ;;5/4/26;12/4/26;10
16595;SHAW                ;D196      ;11-BR401                                          ;WS        ;CS                  ;;8/4/26;          ;0
16596;SHAW                ;D196      ;11-BR401                                          ;WS        ;CS                  ;;8/4/26;          ;0
16597;SHAW                ;D196      ;11-BR401                                          ;WS        ;CS                  ;;8/4/26;          ;0
16598;SHAW                ;D196      ;11-BR401                                          ;WS        ;CS                  ;;8/4/26;          ;0
16599;SHAW                ;D196      ;11-BR401                                          ;WS        ;CS                  ;;8/4/26;          ;0
16630;SHAW                ;D52       ;12-BR401                                          ;WS        ;CS                  ;;8/4/26;          ;0
16631;SHAW                ;D52       ;12-BR401                                          ;WS        ;CS                  ;;8/4/26;          ;0
16632;SHAW                ;D52       ;12-BR401                                          ;WS        ;CS                  ;;8/4/26;          ;0
16633;SHAW                ;D52       ;12-BR401                                          ;WS        ;CS                  ;;8/4/26;          ;0
16634;SHAW                ;D52       ;12-BR401                                          ;WS        ;CS                  ;;8/4/26;          ;0
16661;SHAW                ;F12       ;13-BR401                                          ;WS        ;CS                  ;;7/4/26;          ;0
16662;SHAW                ;F12       ;13-BR401                                          ;WS        ;CS                  ;;7/4/26;          ;0
16663;SHAW                ;F12       ;13-BR401                                          ;WS        ;CS                  ;;7/4/26;          ;0
16664;SHAW                ;F12       ;13-BR401                                          ;WS        ;CS                  ;;7/4/26;          ;0
16665;SHAW                ;F12       ;13-BR401                                          ;WS        ;CS                  ;;7/4/26;          ;0
17353;SHAW                ;D176      ;11-BR001                                          ;WS        ;CS                  ;;20/4/26;          ;10
17355;SHAW                ;D184      ;11-BR001                                          ;WS        ;CS                  ;;20/4/26;          ;10
17487;SHAW                ;D185      ;15-BR001                                          ;WS        ;CS                  ;;14/2/26;          ;10
17488;SHAW                ;D179      ;15-BR001                                          ;WS        ;CS                  ;;12/2/26;          ;10
17489;SHAW                ;D29       ;15-BR001                                          ;WS        ;CS                  ;;11/2/26;          ;10
17495;SHAW                ;D185      ;15-BR001                                          ;WS        ;CS                  ;;10/2/26;16/2/26;10
17497;SHAW                ;D176      ;15-BR001                                          ;WS        ;CS                  ;;11/2/26;          ;10
17498;SHAW                ;D176      ;15-BR001                                          ;WS        ;CS                  ;;11/2/26;          ;10
17505;SHAW                ;B30       ;15-BR001                                          ;WS        ;CS                  ;;11/2/26;          ;10
17506;SHAW                ;B30       ;15-BR001                                          ;WS        ;CS                  ;;14/2/26;20/2/26;10
17507;SHAW                ;D185      ;15-BR001                                          ;WS        ;CS                  ;;12/2/26;          ;10
17508;SHAW                ;B30       ;15-BR001                                          ;WS        ;CS                  ;;11/2/26;          ;10
17518;SHAW                ;B37       ;15-BR001                                          ;WS        ;CS                  ;;19/2/26;          ;10
17519;SHAW                ;B37       ;15-BR001                                          ;WS        ;CS                  ;;19/2/26;          ;10
17521;SHAW                ;D107      ;15-BR001                                          ;WS        ;CS                  ;;19/2/26;          ;10
17539;SHAW                ;B30       ;15-BR001                                          ;WS        ;CS                  ;;11/2/26;          ;10
17541;SHAW                ;D191      ;15-BR001                                          ;WS        ;CS                  ;;11/2/26;          ;10
17543;SHAW                ;D184      ;15-BR001                                          ;WS        ;CS                  ;;10/2/26;          ;10
17579;SHAW                ;D176      ;15-BR001                                          ;WS        ;CS                  ;;22/2/26;          ;10
17581;SHAW                ;D176      ;15-BR001                                          ;WS        ;CS                  ;;23/2/26;          ;10
17582;SHAW                ;D176      ;15-BR001                                          ;WS        ;CS                  ;;23/2/26;9/3/26;10
17585;SHAW                ;D196      ;15-BR001                                          ;WS        ;CS                  ;;19/2/26;          ;10
17588;SHAW                ;D185      ;15-BR001                                          ;WS        ;CS                  ;;19/2/26;          ;10
17589;SHAW                ;D185      ;15-BR001                                          ;WS        ;CS                  ;;19/2/26;          ;10
17598;SHAW                ;D196      ;15-BR802                                          ;WS        ;CS                  ;;16/2/26;20/2/26;10
17600;SHAW                ;D196      ;15-BR802                                          ;WS        ;CS                  ;;11/2/26;          ;10
17604;SHAW                ;D185      ;15-BR803                                          ;WS        ;CS                  ;;11/2/26;          ;10
17770;SHAW                ;D52       ;15-BR002                                          ;WS        ;CS                  ;;12/2/26;          ;10
17772;SHAW                ;D196      ;15-BR002                                          ;WS        ;CS                  ;;11/2/26;          ;10
17773;SHAW                ;F18       ;15-BR002                                          ;WS        ;CS                  ;;11/2/26;          ;10
17774;SHAW                ;D196      ;15-BR002                                          ;WS        ;CS                  ;;10/2/26;          ;10
17776;SHAW                ;D52       ;15-BR002                                          ;WS        ;CS                  ;;11/2/26;          ;10
17778;SHAW                ;B37       ;15-BR002                                          ;WS        ;CS                  ;;11/2/26;          ;10
17809;SHAW                ;D189      ;15-BR002                                          ;WS        ;CS                  ;;11/2/26;          ;10
17810;SHAW                ;D189      ;15-BR002                                          ;WS        ;CS                  ;;11/2/26;          ;10
17812;SHAW                ;D189      ;15-BR002                                          ;WS        ;CS                  ;;11/2/26;          ;10
17826;SHAW                ;B30       ;15-BR002                                          ;WS        ;CS                  ;;11/2/26;          ;10
17828;SHAW                ;D179      ;15-BR002                                          ;WS        ;CS                  ;;12/2/26;          ;10
17829;SHAW                ;B37       ;15-BR002                                          ;WS        ;CS                  ;;12/2/26;          ;10
17867;SHAW                ;D179      ;15-BR002                                          ;WS        ;CS                  ;;10/2/26;23/2/26;10
17914;SHAW                ;B30       ;15-BR002                                          ;WS        ;CS                  ;;12/2/26;          ;10
17922;SHAW                ;D196      ;15-BR002                                          ;WS        ;CS                  ;;12/2/26;16/2/26;10
17923;SHAW                ;B30       ;15-BR002                                          ;WS        ;CS                  ;;12/2/26;          ;10
17926;SHAW                ;D52       ;15-BR002                                          ;WS        ;CS                  ;;15/2/26;          ;10
17927;SHAW                ;D176      ;15-BR002                                          ;WS        ;CS                  ;;12/2/26;16/2/26;10
17931;SHAW                ;D52       ;15-BR002                                          ;WS        ;CS                  ;;15/2/26;25/2/26;10
17937;SHAW                ;B30       ;15-BR002                                          ;WS        ;CS                  ;;12/2/26;          ;10
17941;SHAW                ;B30       ;15-BR002                                          ;WS        ;CS                  ;;12/2/26;          ;10
17944;SHAW                ;D196      ;15-BR002                                          ;WS        ;CS                  ;;12/2/26;          ;10
17945;SHAW                ;B37       ;15-BR002                                          ;WS        ;CS                  ;;11/2/26;16/2/26;10
17947;SHAW                ;D52       ;15-BR002                                          ;WS        ;CS                  ;;15/2/26;          ;10
17953;SHAW                ;D196      ;15-BR002                                          ;WS        ;CS                  ;;12/2/26;          ;10
17984;SHAW                ;B30       ;10-BR001                                          ;WS        ;CS                  ;;11/2/26;          ;10
17995;SHAW                ;B30       ;10-BR001                                          ;WS        ;CS                  ;;11/2/26;          ;10
18050;SHAW                ;D184      ;10-BR001                                          ;WS        ;CS                  ;;14/2/26;          ;10
18075;SHAW                ;D179      ;15-BR803                                          ;WS        ;CS                  ;;14/2/26;          ;10
18092;SHAW                ;D176      ;15-BR001                                          ;WS        ;CS                  ;;12/2/26;          ;10
18095;SHAW                ;D107      ;15-BR802                                          ;WS        ;CS                  ;;12/2/26;          ;10
18101;SHAW                ;D177      ;40-BR802                                          ;WS        ;CS                  ;;31/3/26;6/4/26;10
18112;SHAW                ;B30       ;15-BR001                                          ;WS        ;CS                  ;;11/2/26;          ;10
18121;SHAW                ;B30       ;15-BR001                                          ;WS        ;CS                  ;;11/2/26;          ;10
18126;SHAW                ;D196      ;15-BR001                                          ;WS        ;CS                  ;;11/2/26;          ;10
18131;SHAW                ;D179      ;40-BR004                                          ;WS        ;CS                  ;;19/2/26;          ;0
18133;SHAW                ;D184      ;70-BR001                                          ;WS        ;CS                  ;;10/2/26;          ;10
18135;SHAW                ;D197      ;70-BR001                                          ;WS        ;CS                  ;;9/2/26;10/2/26;10
18155;SHAW                ;D179      ;40-BR004                                          ;WS        ;CS                  ;;19/2/26;          ;0
18156;SHAW                ;D179      ;70-BR001                                          ;WS        ;CS                  ;;8/2/26;12/2/26;10
18157;SHAW                ;D179      ;40-BR004                                          ;WS        ;CS                  ;;19/2/26;          ;0
18158;SHAW                ;D189      ;70-BR001                                          ;WS        ;CS                  ;;12/2/26;          ;10
18165;SHAW                ;D176      ;70-BR001                                          ;WS        ;CS                  ;;10/2/26;12/2/26;10
18172;SHAW                ;D107      ;70-BR001                                          ;WS        ;CS                  ;;8/2/26;10/2/26;10
18173;SHAW                ;F12       ;70-BR001                                          ;WS        ;CS                  ;;10/2/26;12/2/26;10
18179;SHAW                ;D184      ;70-BR001                                          ;WS        ;CS                  ;;10/2/26;          ;10
18181;SHAW                ;D197      ;70-BR001                                          ;WS        ;CS                  ;;9/2/26;10/2/26;10
18186;SHAW                ;D189      ;70-BR001                                          ;WS        ;CS                  ;;12/2/26;          ;10
18187;SHAW                ;D179      ;40-BR004                                          ;WS        ;CS                  ;;19/2/26;          ;0
18190;SHAW                ;D176      ;70-BR001                                          ;WS        ;CS                  ;;11/2/26;          ;10
18195;SHAW                ;D196      ;70-BR001                                          ;WS        ;CS                  ;;11/2/26;12/2/26;10
18202;SHAW                ;D179      ;70-BR001                                          ;WS        ;CS                  ;;8/2/26;10/2/26;10
18203;SHAW                ;D179      ;40-BR004                                          ;WS        ;CS                  ;;19/2/26;          ;0
18207;SHAW                ;D179      ;70-BR001                                          ;WS        ;CS                  ;;8/2/26;10/2/26;10
18208;SHAW                ;D189      ;70-BR001                                          ;WS        ;CS                  ;;12/2/26;          ;10
18213;SHAW                ;D184      ;70-BR001                                          ;WS        ;CS                  ;;10/2/26;          ;10
18249;SHAW                ;D52       ;15-BR802                                          ;WS        ;CS                  ;;31/3/26;          ;10
18287;SHAW                ;D193      ;67-BR101                                          ;WS        ;CS                  ;;25/2/26;          ;0
18289;SHAW                ;D185      ;10-BR001                                          ;WS        ;CS                  ;;10/2/26;          ;10
18290;SHAW                ;D185      ;10-BR001                                          ;WS        ;CS                  ;;8/2/26;10/2/26;10
18291;SHAW                ;D196      ;10-BR001                                          ;WS        ;CS                  ;;11/2/26;          ;10
18292;SHAW                ;D193      ;67-BR101                                          ;WS        ;CS                  ;;25/2/26;          ;0
18294;SHAW                ;B37       ;10-BR001                                          ;WS        ;CS                  ;;8/2/26;10/2/26;10
18296;SHAW                ;D185      ;10-BR001                                          ;WS        ;CS                  ;;10/2/26;          ;10
18297;SHAW                ;D196      ;10-BR001                                          ;WS        ;CS                  ;;11/2/26;          ;10
18298;SHAW                ;B37       ;10-BR001                                          ;WS        ;CS                  ;;8/2/26;10/2/26;10
18299;SHAW                ;D185      ;10-BR001                                          ;WS        ;CS                  ;;11/2/26;          ;10
18300;SHAW                ;D179      ;10-BR001                                          ;WS        ;CS                  ;;12/2/26;          ;10
18301;SHAW                ;D185      ;10-BR001                                          ;WS        ;CS                  ;;10/2/26;          ;10
18302;SHAW                ;D189      ;10-BR001                                          ;WS        ;CS                  ;;8/2/26;10/2/26;10
18303;SHAW                ;D193      ;67-BR101                                          ;WS        ;CS                  ;;25/2/26;          ;0
18304;SHAW                ;D196      ;10-BR001                                          ;WS        ;CS                  ;;10/2/26;          ;10
18305;SHAW                ;D196      ;10-BR001                                          ;WS        ;CS                  ;;10/2/26;          ;10
18306;SHAW                ;D189      ;10-BR001                                          ;WS        ;CS                  ;;8/2/26;10/2/26;10
18307;SHAW                ;D184      ;10-BR001                                          ;WS        ;CS                  ;;12/2/26;16/2/26;10
18308;SHAW                ;D193      ;67-BR101                                          ;WS        ;CS                  ;;25/2/26;          ;0
18310;SHAW                ;D189      ;10-BR001                                          ;WS        ;CS                  ;;5/2/26;10/2/26;10
18324;SHAW                ;D179      ;70-BR001                                          ;WS        ;CS                  ;;19/2/26;          ;0
18325;SHAW                ;B37       ;10-BR001                                          ;WS        ;CS                  ;;8/2/26;10/2/26;10
18328;SHAW                ;D185      ;10-BR001                                          ;WS        ;CS                  ;;8/2/26;10/2/26;10
18362;SHAW                ;D185      ;70-BR001                                          ;WS        ;CS                  ;;15/3/26;          ;0
18366;SHAW                ;D185      ;70-BR001                                          ;WS        ;CS                  ;;15/3/26;          ;0
18371;SHAW                ;B37       ;70-BR001                                          ;WS        ;CS                  ;;15/3/26;          ;0
18373;SHAW                ;D184      ;10-BR001                                          ;WS        ;CS                  ;;12/2/26;          ;10
18375;SHAW                ;D193      ;67-BR101                                          ;WS        ;CS                  ;;25/2/26;          ;0
18385;SHAW                ;D107      ;70-BR001                                          ;WS        ;CS                  ;;16/3/26;          ;0
18386;SHAW                ;D184      ;70-BR001                                          ;WS        ;CS                  ;;19/2/26;          ;0
18390;SHAW                ;D189      ;10-BR001                                          ;WS        ;CS                  ;;8/2/26;10/2/26;10
18404;SHAW                ;D185      ;70-BR001                                          ;WS        ;CS                  ;;15/3/26;          ;0
18411;SHAW                ;D193      ;67-BR101                                          ;WS        ;CS                  ;;25/2/26;          ;0
18452;SHAW                ;D107      ;70-BR001                                          ;WS        ;CS                  ;;16/3/26;          ;0
18468;SHAW                ;D193      ;70-BR001                                          ;WS        ;CS                  ;;22/2/26;          ;0
18490;SHAW                ;D185      ;70-BR001                                          ;WS        ;CS                  ;;15/3/26;          ;0
18507;SHAW                ;D185      ;70-BR001                                          ;WS        ;CS                  ;;22/2/26;          ;0
18508;SHAW                ;D185      ;70-BR001                                          ;WS        ;CS                  ;;22/2/26;          ;0
18517;SHAW                ;D185      ;70-BR001                                          ;WS        ;CS                  ;;15/3/26;          ;0
18522;SHAW                ;D193      ;70-BR001                                          ;WS        ;CS                  ;;22/2/26;          ;0
18541;SHAW                ;D185      ;70-BR001                                          ;WS        ;CS                  ;;22/2/26;          ;0
18549;SHAW                ;B37       ;70-BR001                                          ;WS        ;CS                  ;;15/3/26;          ;0
18583;SHAW                ;D185      ;70-BR001                                          ;WS        ;CS                  ;;22/2/26;          ;0
18595;SHAW                ;D193      ;10-BR001                                          ;WS        ;CS                  ;;15/2/26;          ;10
18598;SHAW                ;D189      ;10-BR001                                          ;WS        ;CS                  ;;16/2/26;          ;10
18602;SHAW                ;D107      ;10-BR001                                          ;WS        ;CS                  ;;16/2/26;          ;10
18603;SHAW                ;D184      ;10-BR001                                          ;WS        ;CS                  ;;16/2/26;          ;10
18605;SHAW                ;D193      ;10-BR001                                          ;WS        ;CS                  ;;16/2/26;          ;10
18606;SHAW                ;D107      ;10-BR001                                          ;WS        ;CS                  ;;16/2/26;          ;10
18609;SHAW                ;D179      ;10-BR001                                          ;WS        ;CS                  ;;15/2/26;          ;10
18610;SHAW                ;D185      ;10-BR001                                          ;WS        ;CS                  ;;15/2/26;          ;10
18614;SHAW                ;D107      ;10-BR001                                          ;WS        ;CS                  ;;16/2/26;20/2/26;10
18618;SHAW                ;D189      ;10-BR001                                          ;WS        ;CS                  ;;16/2/26;          ;10
18620;SHAW                ;D184      ;10-BR001                                          ;WS        ;CS                  ;;16/2/26;20/2/26;10
18623;SHAW                ;D107      ;10-BR001                                          ;WS        ;CS                  ;;16/2/26;          ;10
18625;SHAW                ;D52       ;10-BR001                                          ;WS        ;CS                  ;;19/2/26;          ;10
18630;SHAW                ;D184      ;10-BR001                                          ;WS        ;CS                  ;;16/2/26;          ;10
18644;SHAW                ;D189      ;10-BR001                                          ;WS        ;CS                  ;;16/2/26;          ;10
18645;SHAW                ;D179      ;10-BR001                                          ;WS        ;CS                  ;;15/2/26;25/2/26;10
18657;SHAW                ;D52       ;10-BR003                                          ;WS        ;CS                  ;;14/2/26;          ;10
18675;SHAW                ;D189      ;10-BR001                                          ;WS        ;CS                  ;;14/2/26;20/2/26;10
18680;SHAW                ;D189      ;10-BR001                                          ;WS        ;CS                  ;;14/2/26;          ;10
18683;SHAW                ;D185      ;10-BR002                                          ;WS        ;CS                  ;;12/2/26;          ;10
18686;SHAW                ;D179      ;10-BR001                                          ;WS        ;CS                  ;;12/2/26;          ;10
18687;SHAW                ;D52       ;10-BR002                                          ;WS        ;CS                  ;;12/2/26;          ;10
18691;SHAW                ;D189      ;10-BR001                                          ;WS        ;CS                  ;;14/2/26;          ;10
18696;SHAW                ;B30       ;10-BR002                                          ;WS        ;CS                  ;;12/2/26;16/2/26;10
18699;SHAW                ;D52       ;10-BR003                                          ;WS        ;CS                  ;;14/2/26;          ;10
18706;SHAW                ;D176      ;10-BR002                                          ;WS        ;CS                  ;;16/2/26;          ;10
18710;SHAW                ;D189      ;10-BR001                                          ;WS        ;CS                  ;;14/2/26;          ;10
18712;SHAW                ;D189      ;10-BR001                                          ;WS        ;CS                  ;;14/2/26;          ;10
18714;SHAW                ;D179      ;10-BR001                                          ;WS        ;CS                  ;;14/2/26;          ;10
18722;SHAW                ;B37       ;10-BR002                                          ;WS        ;CS                  ;;12/2/26;          ;10
18725;SHAW                ;D176      ;10-BR002                                          ;WS        ;CS                  ;;16/2/26;          ;10
18726;SHAW                ;D185      ;12-BR001                                          ;WS        ;CS                  ;;16/2/26;          ;10
18728;SHAW                ;D179      ;10-BR001                                          ;WS        ;CS                  ;;12/2/26;          ;10
18731;SHAW                ;B30       ;10-BR002                                          ;WS        ;CS                  ;;12/2/26;          ;10
18736;SHAW                ;D179      ;10-BR001                                          ;WS        ;CS                  ;;12/2/26;          ;10
18737;SHAW                ;B37       ;10-BR002                                          ;WS        ;CS                  ;;12/2/26;          ;10
18739;SHAW                ;D189      ;10-BR001                                          ;WS        ;CS                  ;;12/2/26;          ;10
18740;SHAW                ;D185      ;12-BR001                                          ;WS        ;CS                  ;;16/2/26;          ;10
18741;SHAW                ;D185      ;12-BR001                                          ;WS        ;CS                  ;;17/2/26;          ;10
18742;SHAW                ;D176      ;10-BR002                                          ;WS        ;CS                  ;;15/2/26;20/2/26;10
18752;SHAW                ;D185      ;12-BR001                                          ;WS        ;CS                  ;;16/2/26;          ;10
18755;SHAW                ;D189      ;10-BR001                                          ;WS        ;CS                  ;;14/2/26;          ;10
18760;SHAW                ;D189      ;10-BR001                                          ;WS        ;CS                  ;;12/2/26;20/2/26;10
18762;SHAW                ;D52       ;10-BR002                                          ;WS        ;CS                  ;;18/2/26;          ;10
18764;SHAW                ;D184      ;10-BR001                                          ;WS        ;CS                  ;;12/2/26;          ;10
18768;SHAW                ;D52       ;10-BR002                                          ;WS        ;CS                  ;;12/2/26;          ;10
18771;SHAW                ;D52       ;10-BR002                                          ;WS        ;CS                  ;;12/2/26;20/2/26;10
18772;SHAW                ;D179      ;10-BR001                                          ;WS        ;CS                  ;;12/2/26;          ;10
18773;SHAW                ;D185      ;12-BR001                                          ;WS        ;CS                  ;;17/2/26;          ;10
18775;SHAW                ;D107      ;10-BR001                                          ;WS        ;CS                  ;;12/2/26;          ;10
18781;SHAW                ;D176      ;10-BR002                                          ;WS        ;CS                  ;;16/2/26;          ;10
18782;SHAW                ;D107      ;10-BR001                                          ;WS        ;CS                  ;;22/2/26;          ;10
18785;SHAW                ;D189      ;10-BR001                                          ;WS        ;CS                  ;;12/2/26;          ;10
18813;SHAW                ;B37       ;11-BR702                                          ;WS        ;CS                  ;;16/3/26;          ;0
18820;SHAW                ;B37       ;11-BR702                                          ;WS        ;CS                  ;;16/3/26;          ;0
18823;SHAW                ;D179      ;70-BR001                                          ;WS        ;CS                  ;;22/2/26;          ;0
18827;SHAW                ;B37       ;11-BR701                                          ;WS        ;CS                  ;;16/3/26;          ;0
18832;SHAW                ;B37       ;11-BR701                                          ;WS        ;CS                  ;;16/3/26;          ;0
18834;SHAW                ;F18       ;70-BR001                                          ;WS        ;CS                  ;;22/2/26;          ;0
18839;SHAW                ;B37       ;11-BR701                                          ;WS        ;CS                  ;;16/3/26;          ;0
18844;SHAW                ;D179      ;70-BR001                                          ;WS        ;CS                  ;;22/2/26;          ;0
18849;SHAW                ;B37       ;11-BR702                                          ;WS        ;CS                  ;;16/3/26;          ;0
18852;SHAW                ;D179      ;70-BR001                                          ;WS        ;CS                  ;;22/2/26;          ;0
18855;SHAW                ;B37       ;11-BR702                                          ;WS        ;CS                  ;;16/3/26;          ;0
18869;SHAW                ;B37       ;11-BR701                                          ;WS        ;CS                  ;;16/3/26;          ;0
18873;SHAW                ;D176      ;70-BR001                                          ;WS        ;CS                  ;;23/2/26;          ;0
18875;SHAW                ;D196      ;10-BR001                                          ;WS        ;CS                  ;;19/2/26;          ;10
18880;SHAW                ;F18       ;70-BR001                                          ;WS        ;CS                  ;;22/2/26;          ;0
18890;SHAW                ;F18       ;70-BR001                                          ;WS        ;CS                  ;;22/2/26;          ;0
18911;SHAW                ;D185      ;10-BR002                                          ;WS        ;CS                  ;;19/2/26;          ;10
18921;SHAW                ;D196      ;70-BR001                                          ;WS        ;CS                  ;;15/3/26;          ;0
18925;SHAW                ;D196      ;70-BR001                                          ;WS        ;CS                  ;;15/3/26;          ;0
18936;SHAW                ;D196      ;15-BR002                                          ;WS        ;CS                  ;;25/2/26;          ;10
18941;SHAW                ;D196      ;15-BR002                                          ;WS        ;CS                  ;;25/2/26;          ;10
18945;SHAW                ;D196      ;70-BR001                                          ;WS        ;CS                  ;;15/3/26;          ;0
18960;SHAW                ;D176      ;15-BR002                                          ;WS        ;CS                  ;;25/2/26;          ;10
18966;SHAW                ;D184      ;15-BR002                                          ;WS        ;CS                  ;;25/2/26;          ;10
18968;SHAW                ;D193      ;70-BR001                                          ;WS        ;CS                  ;;16/3/26;          ;0
18981;SHAW                ;D185      ;10-BR002                                          ;WS        ;CS                  ;;16/2/26;20/2/26;10
19184;SHAW                ;D196      ;10-BR002                                          ;WS        ;CS                  ;;26/3/26;1/4/26;10
19212;SHAW                ;D179      ;20-BR003                                          ;WS        ;CS                  ;;9/4/26;          ;10
19215;SHAW                ;D196      ;20-BR004                                          ;WS        ;CS                  ;;30/3/26;          ;10
19216;SHAW                ;D196      ;20-BR004                                          ;WS        ;CS                  ;;30/3/26;          ;10
19217;SHAW                ;D196      ;20-BR004                                          ;WS        ;CS                  ;;30/3/26;6/4/26;10
19222;SHAW                ;D62       ;20-BR004                                          ;WS        ;CS                  ;;29/3/26;7/4/26;10
19226;SHAW                ;D179      ;20-BR004                                          ;WS        ;CS                  ;;12/4/26;          ;10
19462;SHAW                ;D52       ;10-BR001                                          ;WS        ;CS                  ;;30/3/26;          ;10
19500;SHAW                ;D190      ;20-BR003                                          ;WS        ;CS                  ;;30/3/26;6/4/26;10
19504;SHAW                ;B37       ;20-BR004                                          ;WS        ;CS                  ;;31/3/26;          ;10
19505;SHAW                ;B37       ;20-BR004                                          ;WS        ;CS                  ;;31/3/26;          ;10
19506;SHAW                ;B37       ;20-BR004                                          ;WS        ;CS                  ;;31/3/26;6/4/26;10
19512;SHAW                ;B30       ;20-BR004                                          ;WS        ;CS                  ;;30/3/26;          ;10
19515;SHAW                ;D196      ;20-BR004                                          ;WS        ;CS                  ;;12/4/26;          ;10
19519;SHAW                ;D176      ;62-BR002                                          ;WS        ;CS                  ;;6/4/26;          ;0
19520;SHAW                ;D176      ;62-BR002                                          ;WS        ;CS                  ;;6/4/26;          ;0
19523;SHAW                ;D179      ;65-BR002                                          ;WS        ;CS                  ;;5/4/26;          ;0
19524;SHAW                ;D179      ;65-BR002                                          ;WS        ;CS                  ;;5/4/26;          ;0
19525;SHAW                ;D179      ;65-BR002                                          ;WS        ;CS                  ;;5/4/26;          ;0
19526;SHAW                ;D179      ;65-BR002                                          ;WS        ;CS                  ;;5/4/26;          ;0
19527;SHAW                ;D179      ;65-BR002                                          ;WS        ;CS                  ;;5/4/26;          ;0
19528;SHAW                ;D179      ;65-BR002                                          ;WS        ;CS                  ;;5/4/26;          ;0
19636;SHAW                ;D196      ;75-BR002                                          ;WS        ;CS                  ;;31/3/26;          ;10
19637;SHAW                ;D196      ;75-BR002                                          ;WS        ;CS                  ;;31/3/26;          ;10
19638;SHAW                ;D196      ;75-BR002                                          ;WS        ;CS                  ;;31/3/26;          ;10
19640;SHAW                ;D184      ;75-BR002                                          ;WS        ;CS                  ;;30/3/26;          ;10
19642;SHAW                ;D184      ;75-BR002                                          ;WS        ;CS                  ;;1/4/26;6/4/26;10
19849;SHAW                ;D184      ;15-BR002                                          ;WS        ;CS                  ;;6/4/26;12/4/26;10
19851;SHAW                ;D52       ;15-BR002                                          ;WS        ;CS                  ;;1/4/26;          ;10
19852;SHAW                ;D52       ;15-BR002                                          ;WS        ;CS                  ;;1/4/26;          ;10
19853;SHAW                ;F20       ;15-BR002                                          ;WS        ;CS                  ;;1/4/26;          ;10
20226;SHAW                ;F12       ;75-BR002                                          ;WS        ;CS                  ;;2/4/26;          ;10
20228;SHAW                ;D196      ;75-BR002                                          ;WS        ;CS                  ;;2/4/26;9/4/26;10
20425;SHAW                ;F12       ;30-BR002                                          ;WS        ;CS                  ;;5/4/26;          ;0
20426;SHAW                ;F12       ;30-BR002                                          ;WS        ;CS                  ;;5/4/26;          ;0
20427;SHAW                ;F12       ;30-BR002                                          ;WS        ;CS                  ;;5/4/26;          ;0
20875;SHAW                ;D196      ;20-BR003                                          ;WS        ;CS                  ;;20/4/26;          ;10
20876;SHAW                ;D196      ;20-BR003                                          ;WS        ;CS                  ;;20/4/26;          ;10
21066;SHAW                ;D29       ;10-BR002                                          ;WS        ;SS                  ;;1/4/26;          ;10
21067;SHAW                ;D29       ;10-BR002                                          ;WS        ;SS                  ;;1/4/26;          ;10
21068;SHAW                ;D29       ;10-BR002                                          ;WS        ;SS                  ;;1/4/26;          ;10
21069;SHAW                ;D29       ;10-BR002                                          ;WS        ;SS                  ;;1/4/26;          ;10
21071;SHAW                ;D191      ;11-BR001                                          ;WS        ;SS                  ;;26/3/26;          ;10
21072;SHAW                ;D191      ;11-BR001                                          ;WS        ;SS                  ;;26/3/26;          ;10
21141;SHAW                ;F20       ;13-BR001                                          ;WS        ;SS                  ;;26/3/26;          ;10
21142;SHAW                ;F20       ;13-BR001                                          ;WS        ;SS                  ;;26/3/26;          ;10
21178;SHAW                ;D29       ;14-BR001                                          ;WS        ;SS                  ;;7/4/26;          ;10
21179;SHAW                ;D29       ;14-BR001                                          ;WS        ;SS                  ;;7/4/26;          ;10
21180;SHAW                ;D29       ;14-BR001                                          ;WS        ;SS                  ;;7/4/26;          ;10
21184;SHAW                ;F20       ;30-BR001                                          ;WS        ;SS                  ;;23/2/26;          ;10
21186;SHAW                ;D191      ;30-BR001                                          ;WS        ;SS                  ;;23/2/26;8/3/26;10
21187;SHAW                ;D191      ;30-BR001                                          ;WS        ;SS                  ;;23/2/26;          ;10
21189;SHAW                ;D191      ;30-BR001                                          ;WS        ;SS                  ;;26/2/26;          ;0
21195;SHAW                ;D19       ;30-BR001                                          ;WS        ;SS                  ;;11/3/26;          ;0
21196;POWERCHINA          ;SHP-P002  ;30-BR001                                          ;FW        ;SS                  ;;15/4/26;          ;10
21197;POWERCHINA          ;SHP-P002  ;30-BR001                                          ;FW        ;SS                  ;;13/4/26;          ;10
21198;POWERCHINA          ;SHP-P002  ;30-BR001                                          ;FW        ;SS                  ;;13/4/26;          ;10
21200;SHAW                ;D29       ;30-BR001                                          ;WS        ;SS                  ;;8/3/26;          ;10
21202;SHAW                ;D191      ;30-BR001                                          ;WS        ;SS                  ;;11/3/26;          ;0
21205;SHAW                ;D191      ;30-BR001                                          ;WS        ;SS                  ;;9/3/26;          ;10
21235;SHAW                ;F20       ;70-BR002                                          ;WS        ;SS                  ;;5/3/26;          ;10
21236;SHAW                ;F20       ;70-BR002                                          ;WS        ;SS                  ;;8/3/26;          ;10
21237;SHAW                ;F20       ;70-BR002                                          ;WS        ;SS                  ;;8/3/26;14/3/26;10
21238;SHAW                ;F20       ;70-BR002                                          ;WS        ;SS                  ;;8/3/26;          ;10
21240;SHAW                ;D190      ;71-BR001                                          ;WS        ;SS                  ;;1/2/26;2/2/26;10
21241;SHAW                ;B30       ;71-BR001                                          ;WS        ;SS                  ;;4/2/26;          ;10
21242;SHAW                ;B30       ;71-BR001                                          ;WS        ;SS                  ;;4/2/26;          ;10
21243;SHAW                ;D190      ;71-BR001                                          ;WS        ;SS                  ;;1/2/26;2/2/26;10
21301;SHAW                ;F20       ;73-BR001                                          ;WS        ;SS                  ;;1/2/26;2/2/26;10
21302;SHAW                ;D29       ;73-BR001                                          ;WS        ;SS                  ;;4/2/26;          ;10
21303;SHAW                ;D29       ;73-BR001                                          ;WS        ;SS                  ;;4/2/26;          ;10
21304;SHAW                ;D29       ;73-BR001                                          ;WS        ;SS                  ;;4/2/26;          ;10
21338;SHAW                ;D29       ;74-BR001                                          ;WS        ;SS                  ;;13/4/26;          ;10
21339;SHAW                ;D29       ;74-BR001                                          ;WS        ;SS                  ;;13/4/26;          ;10
21340;SHAW                ;D29       ;74-BR001                                          ;WS        ;SS                  ;;13/4/26;          ;10
21346;SHAW                ;D191      ;80-BR001                                          ;WS        ;SS                  ;;15/4/26;          ;10
21352;SHAW                ;D191      ;80-BR001                                          ;WS        ;SS                  ;;26/3/26;          ;0
21358;SHAW                ;B30       ;80-BR001                                          ;WS        ;SS                  ;;1/2/26;2/2/26;10
21359;SHAW                ;D183      ;80-BR001                                          ;WS        ;SS                  ;;4/2/26;          ;10
21360;SHAW                ;D183      ;80-BR001                                          ;WS        ;SS                  ;;29/1/26;2/2/26;10
21364;SHAW                ;D29       ;80-BR001                                          ;WS        ;SS                  ;;30/3/26;          ;0
21367;SHAW                ;D29       ;80-BR001                                          ;WS        ;SS                  ;;8/4/26;          ;0
21386;SHAW                ;D29       ;80-BR001                                          ;WS        ;SS                  ;;30/3/26;          ;0
21388;SHAW                ;D183      ;80-BR001                                          ;WS        ;SS                  ;;4/2/26;          ;10
21389;SHAW                ;D183      ;80-BR001                                          ;WS        ;SS                  ;;4/2/26;          ;10
21390;SHAW                ;D183      ;80-BR001                                          ;WS        ;SS                  ;;4/2/26;20/2/26;10
21398;SHAW                ;D191      ;80-BR001                                          ;WS        ;SS                  ;;30/3/26;          ;0
21404;SHAW                ;B30       ;80-BR001                                          ;WS        ;SS                  ;;5/2/26;          ;10
21406;SHAW                ;F20       ;80-BR001                                          ;WS        ;SS                  ;;2/2/26;3/2/26;10
21408;SHAW                ;D190      ;80-BR001                                          ;WS        ;SS                  ;;2/2/26;3/2/26;10
21409;POWERCHINA          ;SHP-P004  ;80-BR001                                          ;FW        ;SS                  ;;19/4/26;          ;10
21410;POWERCHINA          ;SHP-P004  ;80-BR001                                          ;FW        ;SS                  ;;15/4/26;          ;10
21412;POWERCHINA          ;SHP-P004  ;80-BR001                                          ;FW        ;SS                  ;;16/4/26;          ;10
21413;POWERCHINA          ;SHP-P004  ;80-BR001                                          ;FW        ;SS                  ;;16/4/26;          ;10
21422;POWERCHINA          ;SHP-P002  ;80-BR001                                          ;FW        ;SS                  ;;15/4/26;          ;10
21423;POWERCHINA          ;SHP-P004  ;80-BR001                                          ;FW        ;SS                  ;;13/4/26;          ;10
21428;POWERCHINA          ;SHP-P004  ;30-BR802                                          ;FW        ;SS                  ;;16/4/26;          ;10
21431;SHAW                ;F18       ;30-BR802                                          ;WS        ;SS                  ;;2/2/26;3/2/26;10
21432;SHAW                ;D183      ;30-BR802                                          ;WS        ;SS                  ;;4/2/26;          ;10
21434;SHAW                ;D190      ;30-BR802                                          ;WS        ;SS                  ;;1/2/26;2/2/26;10
21442;SHAW                ;D191      ;30-BR802                                          ;WS        ;SS                  ;;29/3/26;          ;0
21447;SHAW                ;D191      ;30-BR802                                          ;WS        ;SS                  ;;26/3/26;          ;0
21449;SHAW                ;D190      ;30-BR802                                          ;WS        ;SS                  ;;1/2/26;2/2/26;10
21450;SHAW                ;B30       ;30-BR802                                          ;WS        ;SS                  ;;3/2/26;          ;10
21451;SHAW                ;F18       ;30-BR802                                          ;WS        ;SS                  ;;1/2/26;2/2/26;10
21458;SHAW                ;D191      ;30-BR802                                          ;WS        ;SS                  ;;26/3/26;          ;0
21462;SHAW                ;B30       ;30-BR802                                          ;WS        ;SS                  ;;2/2/26;3/2/26;10
21463;SHAW                ;D191      ;30-BR802                                          ;WS        ;SS                  ;;4/2/26;          ;10
21464;SHAW                ;D191      ;30-BR802                                          ;WS        ;SS                  ;;4/2/26;          ;10
21469;SHAW                ;D29       ;30-BR802                                          ;WS        ;SS                  ;;2/4/26;          ;0
21471;SHAW                ;D29       ;30-BR802                                          ;WS        ;SS                  ;;2/2/26;3/2/26;10
21473;SHAW                ;F18       ;30-BR802                                          ;WS        ;SS                  ;;2/2/26;3/2/26;10
21479;SHAW                ;D191      ;30-BR802                                          ;WS        ;SS                  ;;29/3/26;          ;0
21480;SHAW                ;F20       ;30-BR802                                          ;WS        ;SS                  ;;1/2/26;2/2/26;10
21481;SHAW                ;D183      ;30-BR802                                          ;WS        ;SS                  ;;5/2/26;          ;10
21482;SHAW                ;B30       ;30-BR802                                          ;WS        ;SS                  ;;1/2/26;2/2/26;10
21488;SHAW                ;D191      ;30-BR802                                          ;WS        ;SS                  ;;29/3/26;          ;0
21496;SHAW                ;D191      ;10-BR001                                          ;WS        ;SS                  ;;12/4/26;          ;10
21497;SHAW                ;B30       ;10-BR001                                          ;WS        ;SS                  ;;13/4/26;          ;10
21498;SHAW                ;B30       ;10-BR001                                          ;WS        ;SS                  ;;13/4/26;          ;10
21514;SHAW                ;D29       ;20-BR001                                          ;WS        ;SS                  ;;12/4/26;          ;10
21515;SHAW                ;D29       ;20-BR001                                          ;WS        ;SS                  ;;12/4/26;          ;10
21542;POWERCHINA          ;SHP-P002  ;30-BR802                                          ;FW        ;SS                  ;;13/4/26;          ;10
21543;POWERCHINA          ;SHP-P002  ;30-BR802                                          ;FW        ;SS                  ;;13/4/26;          ;10
21548;SHAW                ;D191      ;30-BR802                                          ;WS        ;SS                  ;;25/3/26;          ;0
21549;POWERCHINA          ;SHP-P004  ;30-BR802                                          ;FW        ;SS                  ;;19/4/26;          ;10
21550;POWERCHINA          ;SHP-P004  ;30-BR802                                          ;FW        ;SS                  ;;16/4/26;          ;10
21552;POWERCHINA          ;SHP-P004  ;30-BR802                                          ;FW        ;SS                  ;;16/4/26;          ;10
21553;POWERCHINA          ;SHP-P004  ;30-BR802                                          ;FW        ;SS                  ;;15/4/26;          ;10
21600;SHAW                ;D29       ;30-BR802                                          ;WS        ;SS                  ;;11/2/26;          ;10
21601;SHAW                ;D29       ;30-BR802                                          ;WS        ;SS                  ;;11/2/26;          ;10
21603;SHAW                ;D29       ;30-BR802                                          ;WS        ;SS                  ;;10/2/26;16/2/26;10
21631;SHAW                ;F20       ;60-BR001                                          ;WS        ;SS                  ;;9/3/26;          ;10
21632;SHAW                ;F20       ;60-BR001                                          ;WS        ;SS                  ;;9/3/26;          ;10
21633;SHAW                ;F20       ;60-BR001                                          ;WS        ;SS                  ;;9/3/26;          ;10
21637;SHAW                ;F20       ;60-BR001                                          ;WS        ;SS                  ;;25/3/26;          ;0
21639;SHAW                ;F20       ;60-BR001                                          ;WS        ;SS                  ;;19/4/26;          ;0
21640;SHAW                ;F20       ;60-BR001                                          ;WS        ;SS                  ;;19/4/26;          ;0
21641;SHAW                ;F20       ;60-BR001                                          ;WS        ;SS                  ;;19/4/26;          ;0
21642;SHAW                ;F20       ;60-BR001                                          ;WS        ;SS                  ;;19/4/26;          ;0
21643;SHAW                ;D29       ;60-BR001                                          ;WS        ;SS                  ;;26/3/26;          ;10
21706;POWERCHINA          ;SHP-P004  ;30-BR001                                          ;FW        ;SS                  ;;19/4/26;          ;10
21708;POWERCHINA          ;SHP-P002  ;30-BR001                                          ;FW        ;SS                  ;;15/4/26;          ;10
21748;SHAW                ;D19       ;10-BR001                                          ;WS        ;SS                  ;;12/4/26;          ;10
21751;SHAW                ;D19       ;10-BR001                                          ;WS        ;SS                  ;;13/4/26;          ;10
21752;SHAW                ;D19       ;10-BR001                                          ;WS        ;SS                  ;;13/4/26;          ;10
21759;SHAW                ;D191      ;30-BR802                                          ;WS        ;SS                  ;;29/3/26;          ;0
21765;SHAW                ;B30       ;30-BR802                                          ;WS        ;SS                  ;;2/2/26;3/2/26;10
21766;SHAW                ;F20       ;30-BR802                                          ;WS        ;SS                  ;;4/2/26;          ;10
21767;SHAW                ;F20       ;30-BR802                                          ;WS        ;SS                  ;;2/2/26;3/2/26;10
21812;SHAW                ;F20       ;11-BR001                                          ;WS        ;SS                  ;;25/3/26;          ;10
21852;SHAW                ;D29       ;13-BR001                                          ;WS        ;SS                  ;;26/3/26;1/4/26;10
21854;SHAW                ;D29       ;13-BR001                                          ;WS        ;SS                  ;;25/3/26;          ;10
21862;SHAW                ;D19       ;30-BR001                                          ;WS        ;SS                  ;;12/2/26;          ;10
21864;SHAW                ;D19       ;30-BR001                                          ;WS        ;SS                  ;;12/2/26;          ;10
21865;SHAW                ;D19       ;30-BR001                                          ;WS        ;SS                  ;;12/2/26;          ;10
21904;SHAW                ;D191      ;30-BR001                                          ;WS        ;SS                  ;;11/2/26;          ;10
21906;SHAW                ;D191      ;30-BR001                                          ;WS        ;SS                  ;;11/2/26;16/2/26;10
21907;SHAW                ;D191      ;30-BR001                                          ;WS        ;SS                  ;;11/2/26;          ;10
21935;SHAW                ;B30       ;30-BR001                                          ;WS        ;SS                  ;;14/4/26;          ;10
21936;SHAW                ;D19       ;30-BR001                                          ;WS        ;SS                  ;;14/4/26;          ;0
21950;SHAW                ;D29       ;30-BR001                                          ;WS        ;SS                  ;;15/4/26;          ;10
21962;SHAW                ;B30       ;30-BR001                                          ;WS        ;SS                  ;;14/4/26;          ;10
21967;SHAW                ;D29       ;30-BR001                                          ;WS        ;SS                  ;;14/4/26;          ;0
22001;SHAW                ;D19       ;30-BR001                                          ;WS        ;SS                  ;;11/2/26;          ;10
22003;SHAW                ;D19       ;30-BR001                                          ;WS        ;SS                  ;;11/2/26;          ;10
22004;SHAW                ;D191      ;30-BR001                                          ;WS        ;SS                  ;;11/2/26;          ;10
22005;SHAW                ;D19       ;30-BR001                                          ;WS        ;SS                  ;;11/2/26;          ;10
22011;SHAW                ;D191      ;30-BR001                                          ;WS        ;SS                  ;;31/3/26;          ;10
22013;SHAW                ;D29       ;30-BR001                                          ;WS        ;SS                  ;;31/3/26;          ;0
22014;SHAW                ;D191      ;30-BR001                                          ;WS        ;SS                  ;;1/4/26;9/4/26;10
22018;SHAW                ;D191      ;30-BR001                                          ;WS        ;SS                  ;;25/2/26;          ;0
22019;SHAW                ;D29       ;30-BR001                                          ;WS        ;SS                  ;;26/2/26;          ;10
22021;SHAW                ;D29       ;30-BR001                                          ;WS        ;SS                  ;;26/2/26;          ;0
22032;SHAW                ;D191      ;50-BR001                                          ;WS        ;SS                  ;;20/4/26;          ;10
22034;SHAW                ;D191      ;50-BR001                                          ;WS        ;SS                  ;;19/4/26;          ;10
22035;SHAW                ;D191      ;50-BR001                                          ;WS        ;SS                  ;;19/4/26;          ;10
22073;SHAW                ;B30       ;52-BR001                                          ;WS        ;SS                  ;;25/2/26;          ;10
22074;SHAW                ;F20       ;52-BR001                                          ;WS        ;SS                  ;;13/4/26;          ;0
22140;SHAW                ;D191      ;60-BR001                                          ;WS        ;SS                  ;;26/2/26;          ;10
22141;SHAW                ;D19       ;60-BR001                                          ;WS        ;SS                  ;;9/4/26;          ;0
22144;SHAW                ;D191      ;60-BR001                                          ;WS        ;SS                  ;;26/2/26;          ;10
22145;SHAW                ;D19       ;60-BR001                                          ;WS        ;SS                  ;;15/4/26;          ;0
22157;SHAW                ;D191      ;60-BR001                                          ;WS        ;SS                  ;;16/2/26;          ;10
22158;SHAW                ;D191      ;60-BR001                                          ;WS        ;SS                  ;;16/2/26;24/2/26;10
22159;SHAW                ;D19       ;60-BR001                                          ;WS        ;SS                  ;;15/2/26;          ;10
22160;SHAW                ;D19       ;60-BR001                                          ;WS        ;SS                  ;;19/2/26;          ;10
22191;SHAW                ;D19       ;60-BR001                                          ;WS        ;SS                  ;;14/2/26;          ;10
22192;SHAW                ;D19       ;60-BR001                                          ;WS        ;SS                  ;;14/2/26;          ;10
22193;SHAW                ;D19       ;60-BR001                                          ;WS        ;SS                  ;;14/2/26;          ;10
22208;SHAW                ;D19       ;60-BR001                                          ;WS        ;SS                  ;;17/2/26;          ;10
22210;SHAW                ;D19       ;60-BR001                                          ;WS        ;SS                  ;;19/2/26;25/2/26;10
22211;SHAW                ;D19       ;60-BR001                                          ;WS        ;SS                  ;;17/2/26;          ;10
22225;SHAW                ;D19       ;60-BR001                                          ;WS        ;SS                  ;;12/2/26;          ;10
22227;SHAW                ;D191      ;60-BR001                                          ;WS        ;SS                  ;;16/2/26;20/2/26;10
22250;SHAW                ;D19       ;60-BR001                                          ;WS        ;SS                  ;;12/2/26;          ;10
22285;SHAW                ;F20       ;60-BR001                                          ;WS        ;SS                  ;;23/2/26;8/3/26;10
22290;SHAW                ;D29       ;20-BR902                                          ;WS        ;SS                  ;;9/3/26;          ;0
22291;SHAW                ;D29       ;20-BR902                                          ;WS        ;SS                  ;;9/3/26;          ;0
22473;SHAW                ;D29       ;25-BR001                                          ;WS        ;SS                  ;;2/4/26;9/4/26;10
22474;SHAW                ;F20       ;25-BR001                                          ;WS        ;SS                  ;;14/4/26;          ;10
22628;SHAW                ;D19       ;10-BR002                                          ;WS        ;SS                  ;;23/2/26;          ;10
22630;SHAW                ;D191      ;60-BR001                                          ;WS        ;SS                  ;;15/2/26;          ;10
22645;SHAW                ;D19       ;10-BR002                                          ;WS        ;SS                  ;;23/2/26;          ;10
22648;SHAW                ;D191      ;30-BR001                                          ;WS        ;SS                  ;;17/2/26;          ;10
22652;SHAW                ;F20       ;10-BR902                                          ;WS        ;SS                  ;;19/2/26;          ;0
22654;SHAW                ;D191      ;30-BR001                                          ;WS        ;SS                  ;;17/2/26;24/2/26;10
22659;SHAW                ;D191      ;60-BR001                                          ;WS        ;SS                  ;;12/2/26;          ;10
22663;SHAW                ;D19       ;60-BR001                                          ;WS        ;SS                  ;;17/2/26;          ;10
22671;SHAW                ;D19       ;10-BR002                                          ;WS        ;SS                  ;;16/2/26;          ;10
22693;SHAW                ;D191      ;30-BR001                                          ;WS        ;SS                  ;;18/2/26;25/2/26;10
22741;SHAW                ;D19       ;10-BR002                                          ;WS        ;SS                  ;;23/2/26;          ;10
22759;SHAW                ;D19       ;10-BR002                                          ;WS        ;SS                  ;;16/2/26;          ;10
22768;SHAW                ;D191      ;60-BR001                                          ;WS        ;SS                  ;;15/2/26;          ;10
22821;SHAW                ;D191      ;60-BR001                                          ;WS        ;SS                  ;;16/2/26;          ;10
22830;SHAW                ;D191      ;30-BR001                                          ;WS        ;SS                  ;;17/2/26;          ;10
22834;SHAW                ;B30       ;60-BR001                                          ;WS        ;SS                  ;;15/2/26;          ;10
22875;SHAW                ;D19       ;10-BR901                                          ;WS        ;SS                  ;;24/2/26;          ;0
22899;SHAW                ;F20       ;10-BR902                                          ;WS        ;SS                  ;;19/2/26;          ;0
22910;SHAW                ;D191      ;60-BR001                                          ;WS        ;SS                  ;;12/2/26;          ;10
22914;SHAW                ;D183      ;25-BR002                                          ;WS        ;SS                  ;;28/1/26;2/2/26;10
22923;SHAW                ;D191      ;25-BR002                                          ;WS        ;SS                  ;;28/1/26;2/2/26;10
22952;SHAW                ;F20       ;10-BR902                                          ;WS        ;SS                  ;;19/2/26;          ;0
22969;SHAW                ;F20       ;10-BR002                                          ;WS        ;SS                  ;;19/2/26;          ;10
22989;SHAW                ;D19       ;10-BR002                                          ;WS        ;SS                  ;;17/2/26;24/2/26;10
23001;SHAW                ;F20       ;10-BR902                                          ;WS        ;SS                  ;;19/2/26;          ;0
23022;SHAW                ;F20       ;10-BR002                                          ;WS        ;SS                  ;;19/2/26;          ;10
23055;SHAW                ;D191      ;60-BR001                                          ;WS        ;SS                  ;;12/2/26;          ;10
23062;SHAW                ;D191      ;60-BR001                                          ;WS        ;SS                  ;;12/2/26;          ;10
23089;SHAW                ;D29       ;20-BR901                                          ;WS        ;SS                  ;;8/3/26;          ;0
23103;SHAW                ;F20       ;10-BR002                                          ;WS        ;SS                  ;;19/2/26;          ;10
23104;SHAW                ;D19       ;60-BR001                                          ;WS        ;SS                  ;;22/2/26;          ;10
23106;SHAW                ;D29       ;20-BR901                                          ;WS        ;SS                  ;;8/3/26;          ;0
23135;SHAW                ;D191      ;60-BR001                                          ;WS        ;SS                  ;;15/2/26;          ;10
23138;SHAW                ;D191      ;60-BR001                                          ;WS        ;SS                  ;;22/2/26;          ;10
23164;SHAW                ;D19       ;60-BR001                                          ;WS        ;SS                  ;;17/2/26;          ;10
23186;POWERCHINA          ;SHP-P004  ;30-BR801                                          ;FW        ;SS                  ;;20/4/26;          ;10
23194;POWERCHINA          ;SHP-P004  ;60-BR001                                          ;FW        ;SS                  ;;13/4/26;          ;10
23205;SHAW                ;F20       ;30-BR802                                          ;WS        ;SS                  ;;4/2/26;          ;10
23242;POWERCHINA          ;SHP-P004  ;60-BR001                                          ;FW        ;SS                  ;;16/4/26;          ;10
23251;SHAW                ;D191      ;60-BR001                                          ;WS        ;SS                  ;;14/2/26;          ;10
23265;SHAW                ;D191      ;60-BR001                                          ;WS        ;SS                  ;;10/2/26;16/2/26;10
23279;SHAW                ;D191      ;60-BR001                                          ;WS        ;SS                  ;;9/2/26;          ;10
23299;SHAW                ;D19       ;60-BR001                                          ;WS        ;SS                  ;;10/2/26;          ;10
23320;SHAW                ;D191      ;10-BR003                                          ;WS        ;SS                  ;;15/4/26;          ;0
23332;SHAW                ;D19       ;60-BR001                                          ;WS        ;SS                  ;;9/3/26;          ;0
23372;POWERCHINA          ;SHP-P004  ;30-BR801                                          ;FW        ;SS                  ;;20/4/26;          ;10
23373;SHAW                ;F20       ;52-BR001                                          ;WS        ;SS                  ;;14/4/26;          ;0
23384;SHAW                ;F20       ;80-BR001                                          ;WS        ;SS                  ;;5/2/26;          ;10
23389;SHAW                ;D29       ;80-BR001                                          ;WS        ;SS                  ;;1/2/26;2/2/26;10
23443;POWERCHINA          ;SHP-P004  ;60-BR001                                          ;FW        ;SS                  ;;15/4/26;          ;10
23445;SHAW                ;D191      ;60-BR001                                          ;WS        ;SS                  ;;7/4/26;          ;0
23458;SHAW                ;F18       ;80-BR001                                          ;WS        ;SS                  ;;1/2/26;2/2/26;10
23459;SHAW                ;D19       ;60-BR001                                          ;WS        ;SS                  ;;9/2/26;          ;10
23492;SHAW                ;D19       ;60-BR001                                          ;WS        ;SS                  ;;9/2/26;          ;10
23498;SHAW                ;D191      ;60-BR001                                          ;WS        ;SS                  ;;10/2/26;          ;10
23512;SHAW                ;D19       ;60-BR001                                          ;WS        ;SS                  ;;9/2/26;          ;10
23513;SHAW                ;F20       ;80-BR001                                          ;WS        ;SS                  ;;5/2/26;          ;10
23518;POWERCHINA          ;SHP-P004  ;60-BR001                                          ;FW        ;SS                  ;;9/4/26;          ;10
23529;SHAW                ;D191      ;52-BR001                                          ;WS        ;SS                  ;;14/2/26;          ;10
23532;SHAW                ;D19       ;60-BR001                                          ;WS        ;SS                  ;;8/3/26;          ;0
23538;SHAW                ;D19       ;60-BR001                                          ;WS        ;SS                  ;;10/2/26;          ;10
23550;SHAW                ;D19       ;60-BR001                                          ;WS        ;SS                  ;;10/2/26;          ;10
23579;SHAW                ;D19       ;60-BR001                                          ;WS        ;SS                  ;;8/3/26;          ;0
23585;SHAW                ;F18       ;30-BR001                                          ;WS        ;SS                  ;;5/2/26;          ;10
23607;SHAW                ;F18       ;30-BR001                                          ;WS        ;SS                  ;;5/2/26;          ;10
23608;SHAW                ;F18       ;30-BR001                                          ;WS        ;SS                  ;;5/2/26;          ;10
23615;SHAW                ;D19       ;10-BR001                                          ;WS        ;SS                  ;;23/2/26;          ;10
23621;SHAW                ;D19       ;30-BR001                                          ;WS        ;SS                  ;;9/3/26;          ;0
23626;SHAW                ;B30       ;30-BR001                                          ;WS        ;SS                  ;;4/2/26;          ;10
23645;SHAW                ;D191      ;60-BR001                                          ;WS        ;SS                  ;;25/3/26;          ;10
23646;SHAW                ;D19       ;30-BR001                                          ;WS        ;SS                  ;;12/4/26;          ;0
23656;SHAW                ;D29       ;12-BR001                                          ;WS        ;SS                  ;;22/2/26;          ;0
23660;SHAW                ;D191      ;60-BR001                                          ;WS        ;SS                  ;;12/3/26;          ;10
23662;SHAW                ;D183      ;30-BR802                                          ;WS        ;SS                  ;;4/2/26;          ;10
23665;SHAW                ;F20       ;60-BR001                                          ;WS        ;SS                  ;;20/4/26;          ;0
23667;SHAW                ;F20       ;60-BR001                                          ;WS        ;SS                  ;;17/3/26;          ;10
23678;SHAW                ;D19       ;30-BR801                                          ;WS        ;SS                  ;;1/2/26;2/2/26;10
23683;SHAW                ;D29       ;10-BR401                                          ;WS        ;SS                  ;;16/3/26;          ;0
23685;SHAW                ;F20       ;60-BR001                                          ;WS        ;SS                  ;;20/4/26;          ;0
23688;SHAW                ;D29       ;30-BR802                                          ;WS        ;SS                  ;;2/2/26;3/2/26;10
23701;SHAW                ;D191      ;10-BR401                                          ;WS        ;SS                  ;;16/3/26;          ;0
23703;SHAW                ;D191      ;60-BR001                                          ;WS        ;SS                  ;;17/3/26;1/4/26;10
23706;POWERCHINA          ;SHP-P004  ;30-BR001                                          ;FW        ;SS                  ;;16/4/26;          ;10
23709;SHAW                ;D29       ;12-BR001                                          ;WS        ;SS                  ;;22/2/26;          ;0
23710;SHAW                ;D29       ;10-BR401                                          ;WS        ;SS                  ;;16/3/26;          ;0
23715;SHAW                ;B30       ;30-BR001                                          ;WS        ;SS                  ;;25/2/26;          ;0
23717;SHAW                ;D19       ;30-BR001                                          ;WS        ;SS                  ;;12/4/26;          ;0
23722;SHAW                ;F20       ;12-BR001                                          ;WS        ;SS                  ;;22/2/26;          ;0
23724;SHAW                ;F20       ;60-BR001                                          ;WS        ;SS                  ;;20/4/26;          ;0
23727;SHAW                ;D183      ;30-BR001                                          ;WS        ;SS                  ;;27/1/26;2/2/26;10
23728;SHAW                ;F20       ;12-BR001                                          ;WS        ;SS                  ;;22/2/26;          ;0
23733;SHAW                ;D29       ;30-BR802                                          ;WS        ;SS                  ;;3/2/26;          ;10
23737;SHAW                ;D191      ;60-BR001                                          ;WS        ;SS                  ;;17/3/26;          ;10
23739;SHAW                ;D19       ;60-BR001                                          ;WS        ;SS                  ;;19/3/26;          ;10
23740;SHAW                ;B30       ;30-BR001                                          ;WS        ;SS                  ;;14/4/26;          ;0
23741;SHAW                ;F20       ;60-BR001                                          ;WS        ;SS                  ;;19/3/26;          ;0
23750;SHAW                ;D191      ;10-BR401                                          ;WS        ;SS                  ;;16/3/26;          ;0
23752;SHAW                ;D191      ;30-BR803                                          ;WS        ;SS                  ;;25/3/26;          ;0
23756;SHAW                ;D191      ;30-BR801                                          ;WS        ;SS                  ;;29/1/26;2/2/26;10
23763;SHAW                ;D191      ;60-BR001                                          ;WS        ;SS                  ;;18/3/26;          ;10
23769;SHAW                ;D29       ;60-BR001                                          ;WS        ;SS                  ;;18/3/26;          ;10
23770;SHAW                ;D191      ;10-BR401                                          ;WS        ;SS                  ;;16/3/26;          ;0
23778;SHAW                ;D183      ;30-BR001                                          ;WS        ;SS                  ;;27/1/26;2/2/26;10
23779;SHAW                ;D29       ;60-BR001                                          ;WS        ;SS                  ;;17/3/26;          ;10
23782;SHAW                ;D19       ;30-BR801                                          ;WS        ;SS                  ;;5/2/26;          ;10
23783;SHAW                ;D191      ;30-BR002                                          ;WS        ;SS                  ;;19/3/26;          ;0
23784;SHAW                ;D191      ;30-BR002                                          ;WS        ;SS                  ;;19/3/26;          ;10
23789;SHAW                ;D29       ;60-BR001                                          ;WS        ;SS                  ;;18/3/26;          ;10
23793;SHAW                ;B30       ;60-BR001                                          ;WS        ;SS                  ;;12/3/26;          ;10
23795;SHAW                ;D191      ;30-BR802                                          ;WS        ;SS                  ;;5/2/26;          ;10
23796;SHAW                ;D19       ;60-BR001                                          ;WS        ;SS                  ;;17/3/26;          ;10
23799;SHAW                ;D19       ;30-BR802                                          ;WS        ;SS                  ;;2/2/26;3/2/26;10
23801;POWERCHINA          ;SHP-P004  ;30-BR802                                          ;FW        ;SS                  ;;19/4/26;          ;10
23809;SHAW                ;D191      ;10-BR401                                          ;WS        ;SS                  ;;16/3/26;          ;0
23813;SHAW                ;D29       ;10-BR401                                          ;WS        ;SS                  ;;16/3/26;          ;0
23815;SHAW                ;D29       ;30-BR801                                          ;WS        ;SS                  ;;1/2/26;2/2/26;10
23817;SHAW                ;D29       ;60-BR001                                          ;WS        ;SS                  ;;25/3/26;          ;10
23820;SHAW                ;D29       ;30-BR802                                          ;WS        ;SS                  ;;3/2/26;16/2/26;10
23822;SHAW                ;F20       ;12-BR001                                          ;WS        ;SS                  ;;22/2/26;          ;0
23826;SHAW                ;D29       ;10-BR401                                          ;WS        ;SS                  ;;16/3/26;          ;0
23830;SHAW                ;D19       ;30-BR001                                          ;WS        ;SS                  ;;12/3/26;          ;0
23834;SHAW                ;D190      ;30-BR801                                          ;WS        ;SS                  ;;2/2/26;3/2/26;10
23837;SHAW                ;D29       ;10-BR401                                          ;WS        ;SS                  ;;16/3/26;          ;0
23839;SHAW                ;B30       ;30-BR802                                          ;WS        ;SS                  ;;3/2/26;          ;10
23840;SHAW                ;B30       ;30-BR801                                          ;WS        ;SS                  ;;1/2/26;2/2/26;10
23841;SHAW                ;D29       ;12-BR001                                          ;WS        ;SS                  ;;22/2/26;          ;0
23846;SHAW                ;D190      ;30-BR802                                          ;WS        ;SS                  ;;3/2/26;4/2/26;10
23852;SHAW                ;D19       ;60-BR001                                          ;WS        ;SS                  ;;18/3/26;1/4/26;10
23853;SHAW                ;D191      ;30-BR002                                          ;WS        ;SS                  ;;19/3/26;          ;10
23854;SHAW                ;D19       ;30-BR801                                          ;WS        ;SS                  ;;5/2/26;          ;10
23856;SHAW                ;D191      ;30-BR001                                          ;WS        ;SS                  ;;27/1/26;2/2/26;10
23861;SHAW                ;D29       ;60-BR001                                          ;WS        ;SS                  ;;17/3/26;          ;10
23863;SHAW                ;D191      ;60-BR001                                          ;WS        ;SS                  ;;17/3/26;          ;10
23866;SHAW                ;F20       ;90-BR001                                          ;WS        ;SS                  ;;4/2/26;          ;10
23867;SHAW                ;D29       ;60-BR001                                          ;WS        ;SS                  ;;18/3/26;          ;10
23871;SHAW                ;D191      ;30-BR802                                          ;WS        ;SS                  ;;5/2/26;          ;10
23872;SHAW                ;D191      ;30-BR802                                          ;WS        ;SS                  ;;5/2/26;          ;10
23876;SHAW                ;D191      ;30-BR001                                          ;WS        ;SS                  ;;27/1/26;2/2/26;10
23877;SHAW                ;D191      ;30-BR001                                          ;WS        ;SS                  ;;27/1/26;2/2/26;10
23880;SHAW                ;F20       ;12-BR001                                          ;WS        ;SS                  ;;22/2/26;          ;0
23884;SHAW                ;D29       ;60-BR001                                          ;WS        ;SS                  ;;19/3/26;          ;0
23885;SHAW                ;F20       ;30-BR802                                          ;WS        ;SS                  ;;4/2/26;          ;10
23887;SHAW                ;D191      ;30-BR802                                          ;WS        ;SS                  ;;3/2/26;16/2/26;10
23889;SHAW                ;F20       ;60-BR001                                          ;WS        ;SS                  ;;20/4/26;          ;0
23890;SHAW                ;D191      ;30-BR801                                          ;WS        ;SS                  ;;4/2/26;          ;10
23891;SHAW                ;D191      ;30-BR801                                          ;WS        ;SS                  ;;4/2/26;          ;10
23893;SHAW                ;D29       ;12-BR001                                          ;WS        ;SS                  ;;22/2/26;          ;0
23894;SHAW                ;D29       ;10-BR401                                          ;WS        ;SS                  ;;16/3/26;          ;0
23895;SHAW                ;D29       ;30-BR802                                          ;WS        ;SS                  ;;1/2/26;2/2/26;10
23896;SHAW                ;D191      ;60-BR001                                          ;WS        ;SS                  ;;12/3/26;          ;10
23899;SHAW                ;D190      ;30-BR802                                          ;WS        ;SS                  ;;3/2/26;3/2/26;10
23904;SHAW                ;D29       ;30-BR802                                          ;WS        ;SS                  ;;3/2/26;          ;10
23905;SHAW                ;F20       ;12-BR001                                          ;WS        ;SS                  ;;22/2/26;          ;0
23912;SHAW                ;D19       ;30-BR001                                          ;WS        ;SS                  ;;25/2/26;          ;0
23913;SHAW                ;D19       ;30-BR001                                          ;WS        ;SS                  ;;25/2/26;          ;0
23917;SHAW                ;D19       ;60-BR001                                          ;WS        ;SS                  ;;18/3/26;          ;0
23919;SHAW                ;F20       ;30-BR802                                          ;WS        ;SS                  ;;2/2/26;3/2/26;10
23924;SHAW                ;D19       ;30-BR802                                          ;WS        ;SS                  ;;1/2/26;2/2/26;10
23925;SHAW                ;B30       ;30-BR802                                          ;WS        ;SS                  ;;3/2/26;16/2/26;10
23926;SHAW                ;D29       ;12-BR001                                          ;WS        ;SS                  ;;22/2/26;          ;0
23928;SHAW                ;D19       ;30-BR801                                          ;WS        ;SS                  ;;2/2/26;3/2/26;10
23929;SHAW                ;F18       ;30-BR802                                          ;WS        ;SS                  ;;2/2/26;3/2/26;10
23938;SHAW                ;D183      ;30-BR001                                          ;WS        ;SS                  ;;28/1/26;2/2/26;10
23940;SHAW                ;D19       ;30-BR001                                          ;WS        ;SS                  ;;9/4/26;          ;10
23946;SHAW                ;F20       ;12-BR001                                          ;WS        ;SS                  ;;22/2/26;          ;0
23951;SHAW                ;F20       ;33-BR102                                          ;WS        ;SS                  ;;15/2/26;          ;0
23952;SHAW                ;F20       ;33-BR102                                          ;WS        ;SS                  ;;15/2/26;          ;0
23953;SHAW                ;D29       ;20-BR902                                          ;WS        ;SS                  ;;9/3/26;          ;0
23954;SHAW                ;D29       ;20-BR902                                          ;WS        ;SS                  ;;9/3/26;          ;0
23963;SHAW                ;D29       ;27-BR001                                          ;WS        ;SS                  ;;19/2/26;          ;10
23966;SHAW                ;D19       ;35-BR001                                          ;WS        ;SS                  ;;10/3/26;          ;0
23974;SHAW                ;D19       ;35-BR007                                          ;WS        ;SS                  ;;19/4/26;          ;
23977;SHAW                ;F20       ;14-BR002                                          ;WS        ;SS                  ;;18/2/26;          ;0
23978;SHAW                ;F20       ;15-BR401                                          ;WS        ;SS                  ;;12/3/26;          ;0
23979;SHAW                ;D29       ;27-BR001                                          ;WS        ;SS                  ;;19/2/26;          ;10
23982;SHAW                ;F20       ;10-BR401                                          ;WS        ;SS                  ;;16/3/26;          ;0
23983;SHAW                ;D191      ;13-BR002                                          ;WS        ;SS                  ;;10/2/26;          ;10
23988;SHAW                ;F20       ;30-BR002                                          ;WS        ;SS                  ;;2/4/26;          ;10
23991;SHAW                ;D29       ;30-BR801                                          ;WS        ;SS                  ;;9/2/26;          ;10
23996;SHAW                ;D29       ;14-BR003                                          ;WS        ;SS                  ;;19/4/26;          ;
23997;SHAW                ;D191      ;10-BR501                                          ;WS        ;SS                  ;;19/2/26;          ;10
24000;SHAW                ;D191      ;60-BR001                                          ;WS        ;SS                  ;;2/4/26;          ;10
24001;SHAW                ;D191      ;60-BR001                                          ;WS        ;SS                  ;;6/4/26;          ;10
24002;SHAW                ;D29       ;33-BR004                                          ;WS        ;SS                  ;;11/3/26;          ;0
24003;SHAW                ;D29       ;30-BR801                                          ;WS        ;SS                  ;;9/2/26;          ;10
24008;SHAW                ;F20       ;30-BR002                                          ;WS        ;SS                  ;;2/4/26;          ;10
24010;SHAW                ;B30       ;26-BR001                                          ;WS        ;SS                  ;;22/2/26;          ;10
24014;SHAW                ;D29       ;60-BR001                                          ;WS        ;SS                  ;;2/4/26;          ;10
24015;SHAW                ;F20       ;10-BR401                                          ;WS        ;SS                  ;;16/3/26;          ;0
24016;SHAW                ;D29       ;10-BR501                                          ;WS        ;SS                  ;;14/2/26;          ;10
24022;SHAW                ;B30       ;30-BR801                                          ;WS        ;SS                  ;;9/2/26;          ;10
24038;SHAW                ;D191      ;60-BR001                                          ;WS        ;SS                  ;;2/4/26;          ;10
24039;SHAW                ;B30       ;30-BR801                                          ;WS        ;SS                  ;;9/2/26;16/2/26;10
24042;SHAW                ;D29       ;70-BR004                                          ;WS        ;SS                  ;;11/3/26;          ;0
24043;SHAW                ;F20       ;32-BR032                                          ;WS        ;SS                  ;;11/3/26;          ;0
24049;SHAW                ;D29       ;60-BR001                                          ;WS        ;SS                  ;;5/4/26;12/4/26;10
24051;SHAW                ;D191      ;60-BR902                                          ;WS        ;SS                  ;;14/2/26;          ;10
24053;SHAW                ;D191      ;33-BR004                                          ;WS        ;SS                  ;;11/3/26;          ;0
24055;SHAW                ;D29       ;10-BR501                                          ;WS        ;SS                  ;;14/2/26;          ;10
24060;SHAW                ;F20       ;32-BR032                                          ;WS        ;SS                  ;;11/3/26;          ;0
24061;SHAW                ;D191      ;31-BR001                                          ;WS        ;SS                  ;;3/2/26;          ;10
24064;SHAW                ;D191      ;26-BR001                                          ;WS        ;SS                  ;;19/2/26;          ;10
24073;SHAW                ;D29       ;33-BR004                                          ;WS        ;SS                  ;;11/3/26;          ;0
24077;SHAW                ;F20       ;32-BR032                                          ;WS        ;SS                  ;;11/3/26;          ;0
24080;SHAW                ;D191      ;60-BR001                                          ;WS        ;SS                  ;;2/4/26;          ;10
24085;SHAW                ;D191      ;13-BR003                                          ;WS        ;SS                  ;;11/2/26;          ;10
24091;SHAW                ;D29       ;10-BR902                                          ;WS        ;SS                  ;;10/3/26;          ;10
24092;SHAW                ;D191      ;10-BR401                                          ;WS        ;SS                  ;;8/3/26;          ;0
24096;SHAW                ;F20       ;32-BR902                                          ;WS        ;SS                  ;;12/4/26;          ;0
24097;SHAW                ;F20       ;32-BR902                                          ;WS        ;SS                  ;;12/4/26;          ;10
24100;SHAW                ;D29       ;10-BR501                                          ;WS        ;SS                  ;;14/2/26;          ;10
24104;SHAW                ;D29       ;10-BR501                                          ;WS        ;SS                  ;;14/2/26;          ;10
24111;SHAW                ;D191      ;35-BR001                                          ;WS        ;SS                  ;;5/3/26;          ;10
24112;SHAW                ;F20       ;15-BR401                                          ;WS        ;SS                  ;;12/3/26;          ;0
24114;SHAW                ;D191      ;60-BR001                                          ;WS        ;SS                  ;;5/4/26;          ;10
24118;SHAW                ;D29       ;60-BR001                                          ;WS        ;SS                  ;;9/4/26;          ;10
24126;SHAW                ;D191      ;10-BR401                                          ;WS        ;SS                  ;;8/3/26;          ;0
24139;SHAW                ;D191      ;35-BR006                                          ;WS        ;SS                  ;;16/4/26;          ;
24148;SHAW                ;D29       ;10-BR501                                          ;WS        ;SS                  ;;14/2/26;          ;10
24149;SHAW                ;D29       ;33-BR004                                          ;WS        ;SS                  ;;11/3/26;          ;0
24153;SHAW                ;F20       ;10-BR401                                          ;WS        ;SS                  ;;16/3/26;          ;0
24158;SHAW                ;D191      ;33-BR004                                          ;WS        ;SS                  ;;11/3/26;          ;0
24159;SHAW                ;F20       ;14-BR002                                          ;WS        ;SS                  ;;17/2/26;          ;0
24162;SHAW                ;D29       ;35-BR006                                          ;WS        ;SS                  ;;16/4/26;          ;
24164;SHAW                ;D29       ;60-BR001                                          ;WS        ;SS                  ;;8/4/26;          ;0
24167;SHAW                ;D191      ;35-BR001                                          ;WS        ;SS                  ;;5/3/26;          ;10
24178;SHAW                ;B30       ;60-BR001                                          ;WS        ;SS                  ;;14/4/26;          ;0
24181;SHAW                ;D191      ;26-BR001                                          ;WS        ;SS                  ;;19/2/26;          ;10
24183;SHAW                ;F20       ;14-BR002                                          ;WS        ;SS                  ;;17/2/26;          ;0
24191;SHAW                ;F20       ;32-BR032                                          ;WS        ;SS                  ;;11/3/26;          ;0
24196;SHAW                ;F20       ;30-BR002                                          ;WS        ;SS                  ;;7/4/26;          ;10
24200;SHAW                ;F20       ;32-BR902                                          ;WS        ;SS                  ;;12/4/26;          ;10
24202;SHAW                ;D191      ;32-BR902                                          ;WS        ;SS                  ;;5/3/26;          ;10
24206;SHAW                ;D29       ;10-BR902                                          ;WS        ;SS                  ;;10/3/26;          ;10
24208;SHAW                ;D191      ;35-BR006                                          ;WS        ;SS                  ;;15/4/26;          ;
24217;SHAW                ;D29       ;33-BR004                                          ;WS        ;SS                  ;;11/3/26;          ;0
24219;SHAW                ;D29       ;70-BR004                                          ;WS        ;SS                  ;;25/3/26;          ;0
24221;SHAW                ;F20       ;10-BR401                                          ;WS        ;SS                  ;;16/3/26;          ;0
24222;SHAW                ;D191      ;33-BR004                                          ;WS        ;SS                  ;;11/3/26;          ;0
24226;SHAW                ;D29       ;10-BR501                                          ;WS        ;SS                  ;;10/2/26;          ;10
24228;SHAW                ;D191      ;13-BR002                                          ;WS        ;SS                  ;;10/2/26;          ;10
24239;SHAW                ;D191      ;10-BR401                                          ;WS        ;SS                  ;;8/3/26;          ;0
24240;SHAW                ;D29       ;10-BR501                                          ;WS        ;SS                  ;;10/2/26;          ;10
24242;SHAW                ;D29       ;60-BR001                                          ;WS        ;SS                  ;;5/4/26;          ;10
24244;SHAW                ;D29       ;10-BR501                                          ;WS        ;SS                  ;;10/2/26;          ;10
24246;SHAW                ;D19       ;32-BR902                                          ;WS        ;SS                  ;;11/2/26;          ;10
24254;SHAW                ;D191      ;35-BR006                                          ;WS        ;SS                  ;;19/4/26;          ;
24255;SHAW                ;D191      ;13-BR002                                          ;WS        ;SS                  ;;10/2/26;          ;10
24258;SHAW                ;F20       ;60-BR001                                          ;WS        ;SS                  ;;8/4/26;          ;10
24261;SHAW                ;D191      ;35-BR006                                          ;WS        ;SS                  ;;16/4/26;          ;
24262;SHAW                ;D29       ;35-BR001                                          ;WS        ;SS                  ;;12/3/26;          ;10
24264;SHAW                ;D191      ;35-BR006                                          ;WS        ;SS                  ;;16/4/26;          ;
24265;SHAW                ;D29       ;60-BR001                                          ;WS        ;SS                  ;;2/4/26;          ;10
24269;SHAW                ;B30       ;30-BR801                                          ;WS        ;SS                  ;;9/2/26;          ;10
24279;SHAW                ;F20       ;35-BR001                                          ;WS        ;SS                  ;;5/3/26;          ;10
24285;SHAW                ;D29       ;60-BR001                                          ;WS        ;SS                  ;;5/4/26;          ;10
24287;SHAW                ;D191      ;35-BR006                                          ;WS        ;SS                  ;;16/4/26;          ;
24294;SHAW                ;D19       ;35-BR003                                          ;WS        ;SS                  ;;11/2/26;          ;10
24295;SHAW                ;D191      ;26-BR001                                          ;WS        ;SS                  ;;19/2/26;          ;10
24296;SHAW                ;F20       ;15-BR401                                          ;WS        ;SS                  ;;12/3/26;          ;0
24298;SHAW                ;D191      ;33-BR004                                          ;WS        ;SS                  ;;11/3/26;          ;0
24301;SHAW                ;F20       ;10-BR401                                          ;WS        ;SS                  ;;16/3/26;          ;0
24304;SHAW                ;B30       ;60-BR001                                          ;WS        ;SS                  ;;14/4/26;          ;0
24307;SHAW                ;D191      ;31-BR001                                          ;WS        ;SS                  ;;3/2/26;          ;10
24308;SHAW                ;D29       ;14-BR003                                          ;WS        ;SS                  ;;19/4/26;          ;
24309;SHAW                ;D191      ;35-BR006                                          ;WS        ;SS                  ;;16/4/26;          ;
24313;SHAW                ;D19       ;60-BR001                                          ;WS        ;SS                  ;;7/4/26;          ;10
24316;SHAW                ;D29       ;70-BR004                                          ;WS        ;SS                  ;;11/3/26;          ;0
24320;SHAW                ;F20       ;14-BR002                                          ;WS        ;SS                  ;;18/2/26;          ;0
24321;SHAW                ;D29       ;35-BR001                                          ;WS        ;SS                  ;;11/2/26;          ;10
24326;SHAW                ;D19       ;60-BR001                                          ;WS        ;SS                  ;;7/4/26;          ;10
24335;SHAW                ;D19       ;32-BR902                                          ;WS        ;SS                  ;;11/2/26;16/2/26;10
24336;SHAW                ;D191      ;32-BR902                                          ;WS        ;SS                  ;;8/3/26;          ;10
24339;SHAW                ;F20       ;60-BR001                                          ;WS        ;SS                  ;;7/4/26;          ;0
24341;SHAW                ;D191      ;35-BR001                                          ;WS        ;SS                  ;;5/3/26;          ;10
24342;SHAW                ;D29       ;30-BR801                                          ;WS        ;SS                  ;;9/2/26;          ;10
24343;SHAW                ;B30       ;60-BR001                                          ;WS        ;SS                  ;;14/4/26;          ;0
24350;SHAW                ;D19       ;30-BR001                                          ;WS        ;SS                  ;;10/3/26;          ;0
24356;SHAW                ;D29       ;26-BR001                                          ;WS        ;SS                  ;;18/2/26;25/2/26;10
24357;SHAW                ;F20       ;35-BR001                                          ;WS        ;SS                  ;;5/3/26;          ;10
24364;SHAW                ;F20       ;31-BR001                                          ;WS        ;SS                  ;;5/2/26;          ;10
24365;SHAW                ;D19       ;14-BR003                                          ;WS        ;SS                  ;;16/4/26;          ;
24369;SHAW                ;D29       ;70-BR004                                          ;WS        ;SS                  ;;11/3/26;          ;0
24370;SHAW                ;D191      ;10-BR401                                          ;WS        ;SS                  ;;8/3/26;          ;0
24375;SHAW                ;D19       ;14-BR001                                          ;WS        ;SS                  ;;16/4/26;          ;
24376;SHAW                ;D191      ;33-BR004                                          ;WS        ;SS                  ;;11/3/26;          ;0
24381;SHAW                ;D191      ;60-BR001                                          ;WS        ;SS                  ;;2/4/26;          ;10
24386;SHAW                ;B30       ;30-BR801                                          ;WS        ;SS                  ;;9/2/26;          ;10
24387;SHAW                ;D29       ;33-BR004                                          ;WS        ;SS                  ;;11/3/26;          ;0
24418;SHAW                ;F18       ;27-BR001                                          ;WS        ;SS                  ;;18/2/26;          ;10
24420;SHAW                ;D29       ;60-BR001                                          ;WS        ;SS                  ;;5/4/26;          ;10
24425;SHAW                ;F20       ;90-BR001                                          ;WS        ;SS                  ;;8/2/26;16/2/26;10
24426;SHAW                ;D19       ;37-BR002                                          ;WS        ;SS                  ;;17/3/26;          ;0
24433;SHAW                ;D19       ;60-BR001                                          ;WS        ;SS                  ;;7/4/26;          ;10
24472;SHAW                ;D29       ;14-BR001                                          ;WS        ;SS                  ;;16/4/26;          ;
24479;SHAW                ;D29       ;27-BR001                                          ;WS        ;SS                  ;;18/2/26;          ;10
24481;SHAW                ;D29       ;33-BR004                                          ;WS        ;SS                  ;;11/3/26;          ;0
24492;SHAW                ;D19       ;60-BR001                                          ;WS        ;SS                  ;;7/4/26;          ;10
24493;SHAW                ;D29       ;30-BR801                                          ;WS        ;SS                  ;;9/2/26;          ;10
24500;SHAW                ;D191      ;60-BR001                                          ;WS        ;SS                  ;;2/4/26;          ;10
24504;SHAW                ;D191      ;60-BR902                                          ;WS        ;SS                  ;;14/2/26;          ;10
24505;SHAW                ;B30       ;30-BR801                                          ;WS        ;SS                  ;;9/2/26;          ;10
24509;SHAW                ;D29       ;30-BR801                                          ;WS        ;SS                  ;;9/2/26;          ;10
24510;SHAW                ;D19       ;70-BR004                                          ;WS        ;SS                  ;;12/3/26;          ;0
24524;SHAW                ;D29       ;60-BR001                                          ;WS        ;SS                  ;;2/4/26;          ;10
24529;SHAW                ;D191      ;13-BR003                                          ;WS        ;SS                  ;;11/2/26;          ;10
24530;SHAW                ;B30       ;60-BR001                                          ;WS        ;SS                  ;;14/4/26;          ;0
24531;SHAW                ;D191      ;33-BR004                                          ;WS        ;SS                  ;;11/3/26;          ;0
24536;SHAW                ;D29       ;10-BR501                                          ;WS        ;SS                  ;;10/2/26;          ;10
24542;SHAW                ;D191      ;10-BR401                                          ;WS        ;SS                  ;;8/3/26;          ;0
24543;SHAW                ;D19       ;60-BR001                                          ;WS        ;SS                  ;;7/4/26;          ;10
24544;SHAW                ;D29       ;35-BR001                                          ;WS        ;SS                  ;;12/3/26;          ;10
24553;SHAW                ;F20       ;32-BR032                                          ;WS        ;SS                  ;;11/3/26;          ;0
24558;SHAW                ;D29       ;33-BR004                                          ;WS        ;SS                  ;;11/3/26;          ;0
24560;SHAW                ;D191      ;27-BR001                                          ;WS        ;SS                  ;;23/2/26;8/3/26;10
24571;SHAW                ;D29       ;14-BR001                                          ;WS        ;SS                  ;;16/4/26;          ;
24572;SHAW                ;F20       ;15-BR401                                          ;WS        ;SS                  ;;12/3/26;          ;0
24575;SHAW                ;D19       ;60-BR001                                          ;WS        ;SS                  ;;9/4/26;          ;10
24578;SHAW                ;D29       ;26-BR001                                          ;WS        ;SS                  ;;18/2/26;          ;10
24579;SHAW                ;D19       ;37-BR002                                          ;WS        ;SS                  ;;17/3/26;          ;0
24580;SHAW                ;F20       ;37-BR002                                          ;WS        ;SS                  ;;9/3/26;          ;0
24582;SHAW                ;F20       ;37-BR002                                          ;WS        ;SS                  ;;10/3/26;          ;0
24584;SHAW                ;D19       ;37-BR002                                          ;WS        ;SS                  ;;17/3/26;          ;0
24585;SHAW                ;F20       ;37-BR002                                          ;WS        ;SS                  ;;10/3/26;          ;0
24591;SHAW                ;D19       ;37-BR002                                          ;WS        ;SS                  ;;17/3/26;          ;0
24595;SHAW                ;F20       ;37-BR002                                          ;WS        ;SS                  ;;9/3/26;          ;0
24596;SHAW                ;F20       ;37-BR002                                          ;WS        ;SS                  ;;10/3/26;          ;0
24599;SHAW                ;D19       ;30-BR001                                          ;WS        ;SS                  ;;15/3/26;          ;0
24603;SHAW                ;D19       ;37-BR002                                          ;WS        ;SS                  ;;17/3/26;          ;0
24604;SHAW                ;D19       ;37-BR002                                          ;WS        ;SS                  ;;17/3/26;          ;0
24608;SHAW                ;F20       ;37-BR002                                          ;WS        ;SS                  ;;10/3/26;          ;0
24611;SHAW                ;F20       ;37-BR002                                          ;WS        ;SS                  ;;10/3/26;          ;0
24614;SHAW                ;D29       ;33-BR101                                          ;WS        ;SS                  ;;16/3/26;          ;0
24634;SHAW                ;B30       ;32-BR032                                          ;WS        ;SS                  ;;11/3/26;          ;0
24635;SHAW                ;F20       ;32-BR004                                          ;WS        ;SS                  ;;16/4/26;          ;
24637;SHAW                ;F20       ;40-BR401                                          ;WS        ;SS                  ;;18/2/26;          ;0
24640;SHAW                ;D29       ;32-BR004                                          ;WS        ;SS                  ;;15/4/26;          ;
24642;SHAW                ;F20       ;32-BR004                                          ;WS        ;SS                  ;;16/4/26;          ;
24649;SHAW                ;F18       ;40-BR401                                          ;WS        ;SS                  ;;15/2/26;          ;0
24656;SHAW                ;F20       ;35-BR004                                          ;WS        ;SS                  ;;26/2/26;9/3/26;10
24658;SHAW                ;F20       ;40-BR401                                          ;WS        ;SS                  ;;18/2/26;          ;0
24661;SHAW                ;D29       ;32-BR004                                          ;WS        ;SS                  ;;16/4/26;          ;
24670;SHAW                ;F18       ;40-BR401                                          ;WS        ;SS                  ;;16/2/26;          ;0
24678;SHAW                ;D29       ;20-BR801                                          ;WS        ;SS                  ;;5/3/26;          ;10
24685;SHAW                ;D191      ;15-BR001                                          ;WS        ;SS                  ;;22/2/26;          ;0
24688;SHAW                ;D19       ;10-BR901                                          ;WS        ;SS                  ;;26/2/26;          ;10
24689;SHAW                ;F20       ;32-BR004                                          ;WS        ;SS                  ;;15/4/26;          ;
24691;SHAW                ;F20       ;35-BR004                                          ;WS        ;SS                  ;;26/2/26;          ;10
24702;SHAW                ;F18       ;40-BR401                                          ;WS        ;SS                  ;;16/2/26;          ;0
24704;SHAW                ;D191      ;15-BR001                                          ;WS        ;SS                  ;;22/2/26;          ;0
24716;SHAW                ;D19       ;32-BR004                                          ;WS        ;SS                  ;;16/4/26;          ;
24721;SHAW                ;B30       ;15-BR001                                          ;WS        ;SS                  ;;22/2/26;          ;0
24733;SHAW                ;D19       ;32-BR004                                          ;WS        ;SS                  ;;16/4/26;          ;
24754;SHAW                ;D29       ;30-BR001                                          ;WS        ;SS                  ;;12/2/26;          ;10
24757;SHAW                ;F20       ;40-BR401                                          ;WS        ;SS                  ;;18/2/26;          ;0
24760;SHAW                ;D29       ;32-BR004                                          ;WS        ;SS                  ;;19/4/26;          ;
24770;SHAW                ;D29       ;32-BR004                                          ;WS        ;SS                  ;;16/4/26;          ;
24775;SHAW                ;B30       ;32-BR032                                          ;WS        ;SS                  ;;11/3/26;          ;0
24782;SHAW                ;F20       ;32-BR902                                          ;WS        ;SS                  ;;11/2/26;          ;10
24785;SHAW                ;D29       ;32-BR004                                          ;WS        ;SS                  ;;16/4/26;          ;
24788;SHAW                ;D29       ;32-BR004                                          ;WS        ;SS                  ;;15/4/26;          ;
24789;SHAW                ;B30       ;15-BR001                                          ;WS        ;SS                  ;;22/2/26;          ;0
24795;SHAW                ;F18       ;40-BR401                                          ;WS        ;SS                  ;;16/2/26;          ;0
24801;SHAW                ;B30       ;15-BR001                                          ;WS        ;SS                  ;;22/2/26;          ;0
24802;SHAW                ;F18       ;40-BR401                                          ;WS        ;SS                  ;;16/2/26;          ;0
24803;SHAW                ;F18       ;40-BR401                                          ;WS        ;SS                  ;;16/2/26;          ;0
24809;SHAW                ;F20       ;40-BR401                                          ;WS        ;SS                  ;;18/2/26;          ;0
24810;SHAW                ;D29       ;32-BR004                                          ;WS        ;SS                  ;;15/4/26;          ;
24817;SHAW                ;F20       ;32-BR004                                          ;WS        ;SS                  ;;16/4/26;          ;
24828;SHAW                ;F20       ;32-BR902                                          ;WS        ;SS                  ;;11/2/26;          ;10
24838;SHAW                ;D29       ;32-BR004                                          ;WS        ;SS                  ;;20/4/26;          ;
24841;SHAW                ;D29       ;20-BR801                                          ;WS        ;SS                  ;;8/3/26;14/3/26;10
24843;SHAW                ;F20       ;32-BR004                                          ;WS        ;SS                  ;;15/4/26;          ;
24852;SHAW                ;D19       ;32-BR004                                          ;WS        ;SS                  ;;16/4/26;          ;
24855;SHAW                ;B30       ;32-BR032                                          ;WS        ;SS                  ;;11/3/26;          ;0
24857;SHAW                ;F18       ;40-BR401                                          ;WS        ;SS                  ;;15/2/26;          ;0
24858;SHAW                ;F20       ;32-BR004                                          ;WS        ;SS                  ;;16/4/26;          ;
24859;SHAW                ;D29       ;20-BR801                                          ;WS        ;SS                  ;;8/3/26;          ;10
24860;SHAW                ;D29       ;31-BR001                                          ;WS        ;SS                  ;;22/2/26;          ;10
24878;SHAW                ;D29       ;31-BR001                                          ;WS        ;SS                  ;;16/2/26;          ;10
24879;SHAW                ;F20       ;35-BR004                                          ;WS        ;SS                  ;;26/2/26;          ;10
24880;SHAW                ;B30       ;15-BR001                                          ;WS        ;SS                  ;;22/2/26;          ;0
24884;SHAW                ;D29       ;30-BR001                                          ;WS        ;SS                  ;;12/2/26;          ;10
24888;SHAW                ;D29       ;32-BR004                                          ;WS        ;SS                  ;;20/4/26;          ;
24891;SHAW                ;F18       ;14-BR002                                          ;WS        ;SS                  ;;16/2/26;          ;0
24903;SHAW                ;F20       ;14-BR002                                          ;WS        ;SS                  ;;15/2/26;          ;0
24906;SHAW                ;F18       ;40-BR401                                          ;WS        ;SS                  ;;15/2/26;          ;0
24912;SHAW                ;F18       ;40-BR401                                          ;WS        ;SS                  ;;15/2/26;          ;0
24913;SHAW                ;B30       ;15-BR001                                          ;WS        ;SS                  ;;22/2/26;          ;0
24923;SHAW                ;F20       ;14-BR002                                          ;WS        ;SS                  ;;15/2/26;          ;0
24924;SHAW                ;F20       ;32-BR004                                          ;WS        ;SS                  ;;16/4/26;          ;
24930;SHAW                ;F20       ;32-BR004                                          ;WS        ;SS                  ;;16/4/26;          ;
24934;SHAW                ;D19       ;32-BR004                                          ;WS        ;SS                  ;;16/4/26;          ;
24935;SHAW                ;B30       ;32-BR032                                          ;WS        ;SS                  ;;11/3/26;          ;0
24937;SHAW                ;D29       ;32-BR004                                          ;WS        ;SS                  ;;20/4/26;          ;
24938;SHAW                ;F18       ;40-BR401                                          ;WS        ;SS                  ;;16/2/26;          ;0
24945;SHAW                ;D29       ;31-BR001                                          ;WS        ;SS                  ;;16/2/26;          ;10
24946;SHAW                ;D191      ;15-BR001                                          ;WS        ;SS                  ;;19/2/26;          ;0
24948;SHAW                ;D29       ;31-BR001                                          ;WS        ;SS                  ;;15/2/26;          ;10
24952;SHAW                ;F20       ;32-BR004                                          ;WS        ;SS                  ;;15/4/26;          ;
24954;SHAW                ;D29       ;30-BR001                                          ;WS        ;SS                  ;;12/2/26;16/2/26;10
24957;SHAW                ;F20       ;32-BR004                                          ;WS        ;SS                  ;;16/4/26;          ;
24968;SHAW                ;F20       ;32-BR004                                          ;WS        ;SS                  ;;16/4/26;          ;
24971;SHAW                ;D19       ;32-BR004                                          ;WS        ;SS                  ;;16/4/26;          ;
24976;SHAW                ;F20       ;32-BR004                                          ;WS        ;SS                  ;;15/4/26;          ;
24977;SHAW                ;D29       ;32-BR004                                          ;WS        ;SS                  ;;20/4/26;          ;
24996;SHAW                ;B30       ;32-BR032                                          ;WS        ;SS                  ;;11/3/26;          ;0
24999;SHAW                ;F18       ;40-BR401                                          ;WS        ;SS                  ;;16/2/26;          ;0
25001;SHAW                ;D29       ;32-BR004                                          ;WS        ;SS                  ;;15/4/26;          ;
25004;SHAW                ;D19       ;32-BR004                                          ;WS        ;SS                  ;;16/4/26;          ;
25007;SHAW                ;F18       ;14-BR002                                          ;WS        ;SS                  ;;16/2/26;          ;0
25031;SHAW                ;D191      ;52-BR001                                          ;WS        ;SS                  ;;5/4/26;          ;10
25072;SHAW                ;F20       ;30-BR001                                          ;WS        ;SS                  ;;18/2/26;24/2/26;10
25094;SHAW                ;F20       ;32-BR009                                          ;WS        ;SS                  ;;25/2/26;          ;10
25108;SHAW                ;F20       ;40-BR401                                          ;WS        ;SS                  ;;18/2/26;          ;0
25115;SHAW                ;D29       ;80-BR801                                          ;WS        ;SS                  ;;10/3/26;          ;0
25118;SHAW                ;F20       ;12-BR702                                          ;WS        ;SS                  ;;26/3/26;          ;0
25127;SHAW                ;F20       ;32-BR004                                          ;WS        ;SS                  ;;20/4/26;          ;
25133;SHAW                ;D19       ;36-BR001                                          ;WS        ;SS                  ;;22/2/26;          ;10
25134;SHAW                ;F20       ;11-BR702                                          ;WS        ;SS                  ;;29/3/26;          ;0
25137;SHAW                ;D19       ;32-BR004                                          ;WS        ;SS                  ;;15/4/26;          ;
25138;SHAW                ;D29       ;80-BR001                                          ;WS        ;SS                  ;;12/2/26;          ;10
25140;SHAW                ;F20       ;30-BR001                                          ;WS        ;SS                  ;;11/3/26;          ;10
25142;SHAW                ;F18       ;40-BR401                                          ;WS        ;SS                  ;;17/2/26;          ;0
25143;SHAW                ;D29       ;20-BR902                                          ;WS        ;SS                  ;;17/2/26;          ;10
25147;SHAW                ;D29       ;32-BR009                                          ;WS        ;SS                  ;;12/3/26;          ;0
25163;SHAW                ;F20       ;12-BR703                                          ;WS        ;SS                  ;;25/3/26;          ;0
25164;SHAW                ;F20       ;15-BR401                                          ;WS        ;SS                  ;;17/2/26;          ;0
25167;SHAW                ;D29       ;80-BR801                                          ;WS        ;SS                  ;;14/4/26;          ;0
25184;SHAW                ;D29       ;20-BR902                                          ;WS        ;SS                  ;;17/2/26;          ;10
25192;SHAW                ;F20       ;30-BR001                                          ;WS        ;SS                  ;;11/3/26;          ;10
25194;SHAW                ;D191      ;31-BR002                                          ;WS        ;SS                  ;;31/3/26;          ;0
25195;SHAW                ;F20       ;12-BR703                                          ;WS        ;SS                  ;;26/3/26;          ;0
25196;SHAW                ;F20       ;40-BR401                                          ;WS        ;SS                  ;;17/2/26;          ;0
25197;SHAW                ;D19       ;32-BR004                                          ;WS        ;SS                  ;;15/4/26;          ;
25198;SHAW                ;F20       ;11-BR703                                          ;WS        ;SS                  ;;29/3/26;          ;0
25199;SHAW                ;F20       ;40-BR401                                          ;WS        ;SS                  ;;17/2/26;          ;0
25206;SHAW                ;D191      ;13-BR001                                          ;WS        ;SS                  ;;10/3/26;18/3/26;10
25207;SHAW                ;D29       ;10-BR902                                          ;WS        ;SS                  ;;18/2/26;          ;10
25218;SHAW                ;F20       ;80-BR001                                          ;WS        ;SS                  ;;12/2/26;          ;10
25223;SHAW                ;D19       ;36-BR001                                          ;WS        ;SS                  ;;22/2/26;          ;10
25224;SHAW                ;D191      ;31-BR002                                          ;WS        ;SS                  ;;31/3/26;          ;0
25229;SHAW                ;F20       ;11-BR702                                          ;WS        ;SS                  ;;29/3/26;          ;0
25234;SHAW                ;F20       ;15-BR401                                          ;WS        ;SS                  ;;17/2/26;          ;0
25245;SHAW                ;F20       ;80-BR801                                          ;WS        ;SS                  ;;17/3/26;          ;0
25249;SHAW                ;D29       ;20-BR901                                          ;WS        ;SS                  ;;4/3/26;14/3/26;10
25267;SHAW                ;D29       ;31-BR002                                          ;WS        ;SS                  ;;25/3/26;          ;0
25272;SHAW                ;F20       ;32-BR009                                          ;WS        ;SS                  ;;15/3/26;          ;0
25273;SHAW                ;D29       ;80-BR801                                          ;WS        ;SS                  ;;14/4/26;          ;0
25274;SHAW                ;F18       ;40-BR401                                          ;WS        ;SS                  ;;17/2/26;          ;0
25279;SHAW                ;D191      ;31-BR002                                          ;WS        ;SS                  ;;31/3/26;          ;0
25297;SHAW                ;D29       ;80-BR801                                          ;WS        ;SS                  ;;14/4/26;          ;0
25298;SHAW                ;D29       ;80-BR801                                          ;WS        ;SS                  ;;14/4/26;          ;0
25318;SHAW                ;D29       ;32-BR009                                          ;WS        ;SS                  ;;12/3/26;          ;0
25343;SHAW                ;D29       ;31-BR002                                          ;WS        ;SS                  ;;25/3/26;          ;0
25344;SHAW                ;D29       ;80-BR801                                          ;WS        ;SS                  ;;10/3/26;          ;0
25345;SHAW                ;F20       ;80-BR001                                          ;WS        ;SS                  ;;12/2/26;          ;10
25346;SHAW                ;F20       ;32-BR009                                          ;WS        ;SS                  ;;25/2/26;          ;10
25362;SHAW                ;B30       ;36-BR001                                          ;WS        ;SS                  ;;16/2/26;          ;10
25366;SHAW                ;D191      ;32-BR004                                          ;WS        ;SS                  ;;16/4/26;          ;
25368;SHAW                ;F20       ;15-BR401                                          ;WS        ;SS                  ;;17/2/26;          ;0
25375;SHAW                ;D191      ;30-BR001                                          ;WS        ;SS                  ;;10/3/26;          ;10
25383;SHAW                ;F20       ;36-BR001                                          ;WS        ;SS                  ;;22/2/26;          ;10
25385;SHAW                ;F20       ;32-BR009                                          ;WS        ;SS                  ;;4/3/26;          ;10
25394;SHAW                ;F20       ;12-BR703                                          ;WS        ;SS                  ;;26/3/26;          ;0
25395;SHAW                ;D29       ;30-BR001                                          ;WS        ;SS                  ;;15/3/26;1/4/26;10
25396;SHAW                ;D19       ;32-BR004                                          ;WS        ;SS                  ;;15/4/26;          ;
25398;SHAW                ;F20       ;15-BR401                                          ;WS        ;SS                  ;;17/2/26;          ;0
25404;SHAW                ;D191      ;31-BR002                                          ;WS        ;SS                  ;;31/3/26;          ;0
25421;SHAW                ;D29       ;80-BR801                                          ;WS        ;SS                  ;;14/4/26;          ;0
25423;SHAW                ;F20       ;40-BR401                                          ;WS        ;SS                  ;;17/2/26;          ;0
25426;SHAW                ;D29       ;31-BR002                                          ;WS        ;SS                  ;;25/3/26;          ;0
25429;SHAW                ;F20       ;40-BR401                                          ;WS        ;SS                  ;;17/2/26;          ;0
25432;SHAW                ;F20       ;12-BR702                                          ;WS        ;SS                  ;;26/3/26;          ;0
25433;SHAW                ;D19       ;32-BR004                                          ;WS        ;SS                  ;;15/4/26;          ;
25435;SHAW                ;F20       ;40-BR401                                          ;WS        ;SS                  ;;17/2/26;          ;0
25438;SHAW                ;D29       ;60-BR902                                          ;WS        ;SS                  ;;15/2/26;          ;10
25441;SHAW                ;D191      ;32-BR009                                          ;WS        ;SS                  ;;5/3/26;          ;0
25444;SHAW                ;F20       ;32-BR004                                          ;WS        ;SS                  ;;20/4/26;          ;
25446;SHAW                ;D29       ;80-BR801                                          ;WS        ;SS                  ;;14/4/26;          ;0
25447;SHAW                ;F20       ;40-BR401                                          ;WS        ;SS                  ;;17/2/26;          ;0
25449;SHAW                ;F20       ;40-BR401                                          ;WS        ;SS                  ;;18/2/26;          ;0
25452;SHAW                ;D29       ;80-BR801                                          ;WS        ;SS                  ;;10/3/26;          ;0
25455;SHAW                ;D29       ;32-BR009                                          ;WS        ;SS                  ;;25/2/26;8/3/26;10
25456;SHAW                ;F20       ;40-BR401                                          ;WS        ;SS                  ;;17/2/26;          ;0
25460;SHAW                ;D29       ;32-BR009                                          ;WS        ;SS                  ;;4/3/26;          ;10
25476;SHAW                ;F20       ;80-BR001                                          ;WS        ;SS                  ;;12/2/26;          ;10
25479;SHAW                ;D29       ;28-BR701                                          ;WS        ;SS                  ;;19/3/26;          ;0
25485;SHAW                ;D29       ;80-BR801                                          ;WS        ;SS                  ;;10/3/26;          ;0
25491;SHAW                ;F20       ;32-BR009                                          ;WS        ;SS                  ;;4/3/26;          ;10
25496;SHAW                ;F20       ;32-BR009                                          ;WS        ;SS                  ;;12/3/26;          ;0
25500;SHAW                ;F20       ;36-BR001                                          ;WS        ;SS                  ;;16/4/26;          ;10
25509;SHAW                ;D29       ;10-BR902                                          ;WS        ;SS                  ;;18/2/26;          ;10
25514;SHAW                ;D29       ;80-BR801                                          ;WS        ;SS                  ;;10/3/26;          ;0
25519;SHAW                ;F20       ;32-BR009                                          ;WS        ;SS                  ;;11/3/26;          ;10
25521;SHAW                ;F20       ;36-BR001                                          ;WS        ;SS                  ;;22/2/26;8/3/26;10
25526;SHAW                ;F20       ;11-BR703                                          ;WS        ;SS                  ;;29/3/26;          ;0
25531;SHAW                ;F20       ;40-BR401                                          ;WS        ;SS                  ;;17/2/26;          ;0
25538;SHAW                ;D29       ;80-BR801                                          ;WS        ;SS                  ;;14/4/26;          ;0
25547;SHAW                ;F20       ;80-BR001                                          ;WS        ;SS                  ;;12/2/26;          ;10
25551;SHAW                ;D19       ;60-BR001                                          ;WS        ;SS                  ;;16/2/26;20/2/26;10
25553;SHAW                ;D191      ;36-BR001                                          ;WS        ;SS                  ;;22/2/26;          ;10
25555;SHAW                ;D29       ;80-BR801                                          ;WS        ;SS                  ;;19/4/26;          ;0
25568;SHAW                ;F20       ;11-BR702                                          ;WS        ;SS                  ;;29/3/26;          ;0
25574;SHAW                ;F18       ;40-BR401                                          ;WS        ;SS                  ;;17/2/26;          ;0
25576;SHAW                ;D29       ;32-BR009                                          ;WS        ;SS                  ;;25/2/26;          ;10
25582;SHAW                ;F20       ;12-BR702                                          ;WS        ;SS                  ;;26/3/26;          ;0
25583;SHAW                ;D191      ;31-BR002                                          ;WS        ;SS                  ;;31/3/26;          ;0
25585;SHAW                ;D29       ;35-BR002                                          ;WS        ;SS                  ;;12/2/26;          ;10
25593;SHAW                ;F20       ;40-BR401                                          ;WS        ;SS                  ;;17/2/26;          ;0
25598;SHAW                ;D29       ;32-BR009                                          ;WS        ;SS                  ;;4/3/26;          ;0
25613;SHAW                ;D29       ;60-BR902                                          ;WS        ;SS                  ;;15/2/26;          ;10
25614;SHAW                ;F20       ;40-BR401                                          ;WS        ;SS                  ;;17/2/26;          ;0
25623;SHAW                ;D29       ;80-BR801                                          ;WS        ;SS                  ;;10/3/26;          ;0
25625;SHAW                ;D191      ;32-BR004                                          ;WS        ;SS                  ;;16/4/26;          ;
25627;SHAW                ;D19       ;36-BR001                                          ;WS        ;SS                  ;;19/2/26;          ;10
25631;SHAW                ;F20       ;36-BR001                                          ;WS        ;SS                  ;;18/2/26;          ;10
25633;SHAW                ;D191      ;31-BR002                                          ;WS        ;SS                  ;;31/3/26;          ;0
25643;SHAW                ;D19       ;60-BR001                                          ;WS        ;SS                  ;;16/2/26;          ;10
25656;SHAW                ;F20       ;36-BR001                                          ;WS        ;SS                  ;;16/4/26;          ;10
25658;SHAW                ;D19       ;60-BR001                                          ;WS        ;SS                  ;;15/2/26;          ;10
25677;SHAW                ;D191      ;31-BR002                                          ;WS        ;SS                  ;;31/3/26;          ;0
25678;SHAW                ;F20       ;11-BR703                                          ;WS        ;SS                  ;;29/3/26;          ;0
25679;SHAW                ;D19       ;30-BR001                                          ;WS        ;SS                  ;;12/3/26;          ;0
25680;SHAW                ;D191      ;13-BR001                                          ;WS        ;SS                  ;;10/3/26;          ;10
25681;SHAW                ;F20       ;36-BR001                                          ;WS        ;SS                  ;;22/2/26;          ;10
25692;SHAW                ;F20       ;32-BR009                                          ;WS        ;SS                  ;;12/3/26;          ;10
25693;SHAW                ;D191      ;36-BR001                                          ;WS        ;SS                  ;;22/2/26;          ;10
25701;SHAW                ;D19       ;10-BR901                                          ;WS        ;SS                  ;;24/2/26;          ;0
25746;SHAW                ;D29       ;20-BR512                                          ;WS        ;SS                  ;;5/3/26;          ;0
25750;SHAW                ;D29       ;25-BR801                                          ;WS        ;SS                  ;;14/4/26;          ;0
25751;SHAW                ;D191      ;20-BR514                                          ;WS        ;SS                  ;;8/4/26;          ;0
25755;SHAW                ;F20       ;20-BR514                                          ;WS        ;SS                  ;;8/4/26;          ;0
25762;SHAW                ;D19       ;20-BR514                                          ;WS        ;SS                  ;;13/4/26;          ;0
25771;SHAW                ;D19       ;20-BR512                                          ;WS        ;SS                  ;;20/4/26;          ;0
25772;SHAW                ;B30       ;13-BR002                                          ;WS        ;SS                  ;;19/2/26;          ;10
25774;SHAW                ;D29       ;25-BR801                                          ;WS        ;SS                  ;;9/3/26;          ;0
25775;SHAW                ;D191      ;20-BR514                                          ;WS        ;SS                  ;;8/4/26;          ;0
25777;SHAW                ;D191      ;20-BR514                                          ;WS        ;SS                  ;;8/4/26;          ;0
25778;SHAW                ;D19       ;20-BR512                                          ;WS        ;SS                  ;;20/4/26;          ;0
25779;SHAW                ;D29       ;20-BR512                                          ;WS        ;SS                  ;;5/3/26;          ;0
25785;SHAW                ;B30       ;20-BR514                                          ;WS        ;SS                  ;;13/4/26;          ;0
25786;SHAW                ;D29       ;13-BR003                                          ;WS        ;SS                  ;;19/2/26;          ;10
25789;SHAW                ;D29       ;20-BR512                                          ;WS        ;SS                  ;;5/3/26;          ;0
25795;SHAW                ;D29       ;25-BR801                                          ;WS        ;SS                  ;;17/3/26;          ;0
25797;SHAW                ;F20       ;20-BR510                                          ;WS        ;SS                  ;;8/3/26;          ;0
25802;SHAW                ;D19       ;20-BR514                                          ;WS        ;SS                  ;;13/4/26;          ;0
25808;SHAW                ;D29       ;25-BR802                                          ;WS        ;SS                  ;;15/4/26;          ;0
25809;SHAW                ;D29       ;25-BR802                                          ;WS        ;SS                  ;;16/4/26;          ;0
25812;SHAW                ;B30       ;20-BR514                                          ;WS        ;SS                  ;;13/4/26;          ;0
25814;SHAW                ;F20       ;20-BR510                                          ;WS        ;SS                  ;;8/3/26;          ;0
25819;SHAW                ;D29       ;20-BR512                                          ;WS        ;SS                  ;;5/3/26;          ;0
25820;SHAW                ;D29       ;25-BR801                                          ;WS        ;SS                  ;;14/4/26;          ;0
25821;SHAW                ;D29       ;25-BR801                                          ;WS        ;SS                  ;;14/4/26;          ;0
25822;SHAW                ;F20       ;25-BR801                                          ;WS        ;SS                  ;;10/3/26;          ;0
25829;SHAW                ;B30       ;20-BR514                                          ;WS        ;SS                  ;;13/4/26;          ;0
25831;SHAW                ;D19       ;20-BR512                                          ;WS        ;SS                  ;;20/4/26;          ;0
25835;SHAW                ;D29       ;25-BR801                                          ;WS        ;SS                  ;;17/3/26;          ;0
25841;SHAW                ;B30       ;13-BR002                                          ;WS        ;SS                  ;;19/2/26;24/2/26;10
25843;SHAW                ;D29       ;25-BR802                                          ;WS        ;SS                  ;;16/3/26;          ;0
25844;SHAW                ;D19       ;20-BR514                                          ;WS        ;SS                  ;;13/4/26;          ;0
25845;SHAW                ;D191      ;20-BR514                                          ;WS        ;SS                  ;;8/4/26;          ;0
25849;SHAW                ;F20       ;25-BR802                                          ;WS        ;SS                  ;;10/3/26;          ;0
25851;SHAW                ;D29       ;25-BR801                                          ;WS        ;SS                  ;;9/3/26;          ;0
25856;SHAW                ;D29       ;20-BR514                                          ;WS        ;SS                  ;;8/4/26;          ;0
25859;SHAW                ;D19       ;20-BR514                                          ;WS        ;SS                  ;;13/4/26;          ;0
25861;SHAW                ;D191      ;20-BR514                                          ;WS        ;SS                  ;;8/4/26;          ;0
25865;SHAW                ;F20       ;20-BR514                                          ;WS        ;SS                  ;;8/4/26;          ;0
25866;SHAW                ;D29       ;20-BR514                                          ;WS        ;SS                  ;;8/4/26;          ;0
25868;SHAW                ;F20       ;25-BR801                                          ;WS        ;SS                  ;;10/3/26;          ;0
25879;SHAW                ;D19       ;20-BR512                                          ;WS        ;SS                  ;;20/4/26;          ;0
25882;SHAW                ;D29       ;20-BR514                                          ;WS        ;SS                  ;;8/4/26;          ;0
25891;SHAW                ;F20       ;25-BR801                                          ;WS        ;SS                  ;;10/3/26;          ;0
25893;SHAW                ;F20       ;20-BR901                                          ;WS        ;SS                  ;;26/2/26;          ;10
25897;SHAW                ;F20       ;10-BR901                                          ;WS        ;SS                  ;;26/2/26;          ;10
25898;SHAW                ;D29       ;20-BR512                                          ;WS        ;SS                  ;;5/3/26;          ;0
25900;SHAW                ;D29       ;25-BR802                                          ;WS        ;SS                  ;;16/4/26;          ;0
25907;SHAW                ;F20       ;20-BR510                                          ;WS        ;SS                  ;;8/3/26;          ;0
25909;SHAW                ;D19       ;20-BR514                                          ;WS        ;SS                  ;;13/4/26;          ;0
25911;SHAW                ;D191      ;20-BR514                                          ;WS        ;SS                  ;;8/4/26;          ;0
25914;SHAW                ;B30       ;20-BR514                                          ;WS        ;SS                  ;;13/4/26;          ;0
25915;SHAW                ;D29       ;20-BR512                                          ;WS        ;SS                  ;;5/3/26;          ;0
25918;SHAW                ;D29       ;25-BR802                                          ;WS        ;SS                  ;;16/4/26;          ;0
25919;SHAW                ;D29       ;25-BR801                                          ;WS        ;SS                  ;;9/3/26;          ;0
25923;SHAW                ;F20       ;25-BR802                                          ;WS        ;SS                  ;;10/3/26;          ;0
25924;SHAW                ;B30       ;13-BR002                                          ;WS        ;SS                  ;;19/2/26;          ;10
25929;SHAW                ;B30       ;33-BR002                                          ;WS        ;SS                  ;;19/2/26;          ;0
25935;SHAW                ;D29       ;20-BR512                                          ;WS        ;SS                  ;;5/3/26;          ;0
25941;SHAW                ;D29       ;20-BR512                                          ;WS        ;SS                  ;;5/3/26;          ;0
25942;SHAW                ;D29       ;13-BR003                                          ;WS        ;SS                  ;;19/2/26;25/2/26;10
25943;SHAW                ;D19       ;20-BR512                                          ;WS        ;SS                  ;;20/4/26;          ;0
25944;SHAW                ;D191      ;20-BR514                                          ;WS        ;SS                  ;;8/4/26;          ;0
25949;SHAW                ;D29       ;20-BR512                                          ;WS        ;SS                  ;;5/3/26;          ;0
25950;SHAW                ;F20       ;25-BR802                                          ;WS        ;SS                  ;;10/3/26;          ;0
25957;SHAW                ;F20       ;33-BR002                                          ;WS        ;SS                  ;;19/2/26;          ;0
25959;SHAW                ;D29       ;20-BR514                                          ;WS        ;SS                  ;;8/4/26;          ;0
25963;SHAW                ;F20       ;20-BR510                                          ;WS        ;SS                  ;;8/3/26;          ;0
25968;SHAW                ;F20       ;20-BR510                                          ;WS        ;SS                  ;;8/3/26;          ;0
25976;SHAW                ;D191      ;20-BR514                                          ;WS        ;SS                  ;;8/4/26;          ;0
25978;SHAW                ;D191      ;20-BR514                                          ;WS        ;SS                  ;;8/4/26;          ;0
25980;SHAW                ;D19       ;20-BR514                                          ;WS        ;SS                  ;;13/4/26;          ;0
25981;SHAW                ;F20       ;20-BR514                                          ;WS        ;SS                  ;;8/4/26;          ;0
25995;SHAW                ;D29       ;20-BR512                                          ;WS        ;SS                  ;;5/3/26;          ;0
25996;SHAW                ;B30       ;20-BR514                                          ;WS        ;SS                  ;;13/4/26;          ;0
25997;SHAW                ;D29       ;25-BR802                                          ;WS        ;SS                  ;;16/3/26;          ;0
25999;SHAW                ;B30       ;33-BR002                                          ;WS        ;SS                  ;;19/2/26;          ;0
26008;SHAW                ;F20       ;20-BR514                                          ;WS        ;SS                  ;;8/4/26;          ;0
26014;SHAW                ;D29       ;20-BR514                                          ;WS        ;SS                  ;;8/4/26;          ;0
26020;SHAW                ;D29       ;25-BR801                                          ;WS        ;SS                  ;;14/4/26;          ;0
26021;SHAW                ;F20       ;20-BR514                                          ;WS        ;SS                  ;;8/4/26;          ;0
26068;SHAW                ;D191      ;20-BR511                                          ;WS        ;SS                  ;;8/4/26;          ;0
26081;SHAW                ;D191      ;20-BR510                                          ;WS        ;SS                  ;;8/4/26;          ;0
26103;SHAW                ;D29       ;33-BR002                                          ;WS        ;SS                  ;;15/3/26;          ;0
26110;SHAW                ;D191      ;20-BR507                                          ;WS        ;SS                  ;;30/3/26;          ;0
26121;SHAW                ;D19       ;51-BR001                                          ;WS        ;SS                  ;;5/3/26;          ;10
26126;SHAW                ;D19       ;51-BR001                                          ;WS        ;SS                  ;;5/3/26;          ;10
26127;SHAW                ;D19       ;51-BR001                                          ;WS        ;SS                  ;;5/3/26;9/3/26;10
26135;SHAW                ;D191      ;33-BR002                                          ;WS        ;SS                  ;;24/2/26;          ;10
26137;SHAW                ;D29       ;30-BR001                                          ;WS        ;SS                  ;;23/2/26;          ;10
26147;SHAW                ;D29       ;30-BR001                                          ;WS        ;SS                  ;;23/2/26;          ;10
26150;SHAW                ;D19       ;20-BR510                                          ;WS        ;SS                  ;;15/4/26;          ;0
26155;SHAW                ;D19       ;20-BR510                                          ;WS        ;SS                  ;;15/4/26;          ;0
26159;SHAW                ;D29       ;33-BR002                                          ;WS        ;SS                  ;;15/3/26;          ;0
26167;SHAW                ;D19       ;20-BR509                                          ;WS        ;SS                  ;;14/4/26;          ;0
26170;SHAW                ;D19       ;20-BR510                                          ;WS        ;SS                  ;;15/4/26;          ;0
26174;SHAW                ;D29       ;33-BR002                                          ;WS        ;SS                  ;;15/3/26;          ;0
26180;SHAW                ;D19       ;20-BR509                                          ;WS        ;SS                  ;;16/4/26;          ;0
26182;SHAW                ;D19       ;20-BR510                                          ;WS        ;SS                  ;;15/4/26;          ;0
26184;SHAW                ;D191      ;17-BR401                                          ;WS        ;SS                  ;;11/3/26;          ;0
26186;SHAW                ;D191      ;20-BR510                                          ;WS        ;SS                  ;;8/4/26;          ;0
26203;SHAW                ;D29       ;33-BR002                                          ;WS        ;SS                  ;;24/2/26;          ;10
26204;SHAW                ;D19       ;20-BR510                                          ;WS        ;SS                  ;;15/4/26;          ;0
26213;SHAW                ;D29       ;20-BR510                                          ;WS        ;SS                  ;;15/4/26;          ;0
26234;SHAW                ;D191      ;20-BR515                                          ;WS        ;SS                  ;;12/4/26;          ;0
26249;SHAW                ;D191      ;20-BR511                                          ;WS        ;SS                  ;;9/4/26;          ;0
26266;SHAW                ;D19       ;51-BR001                                          ;WS        ;SS                  ;;5/3/26;          ;10
26291;SHAW                ;D29       ;33-BR002                                          ;WS        ;SS                  ;;15/3/26;          ;0
26294;SHAW                ;D29       ;30-BR001                                          ;WS        ;SS                  ;;23/2/26;          ;10
26295;SHAW                ;D191      ;17-BR401                                          ;WS        ;SS                  ;;11/3/26;          ;0
26307;SHAW                ;D191      ;20-BR510                                          ;WS        ;SS                  ;;8/4/26;          ;0
26308;SHAW                ;D191      ;20-BR507                                          ;WS        ;SS                  ;;12/4/26;          ;0
26309;SHAW                ;D29       ;30-BR001                                          ;WS        ;SS                  ;;22/2/26;          ;10
26322;SHAW                ;D191      ;33-BR002                                          ;WS        ;SS                  ;;24/2/26;          ;10
26333;SHAW                ;D191      ;20-BR510                                          ;WS        ;SS                  ;;8/4/26;          ;0
26345;SHAW                ;D19       ;20-BR510                                          ;WS        ;SS                  ;;15/4/26;          ;0
26364;SHAW                ;D19       ;33-BR002                                          ;WS        ;SS                  ;;24/2/26;          ;10
26378;SHAW                ;D19       ;30-BR001                                          ;WS        ;SS                  ;;22/2/26;          ;10
26383;SHAW                ;D191      ;17-BR401                                          ;WS        ;SS                  ;;11/3/26;          ;0
26392;SHAW                ;D29       ;30-BR001                                          ;WS        ;SS                  ;;22/2/26;          ;10
26414;SHAW                ;F18       ;33-BR002                                          ;WS        ;SS                  ;;24/2/26;          ;10
26428;SHAW                ;D19       ;20-BR515                                          ;WS        ;SS                  ;;7/4/26;          ;0
26437;SHAW                ;D191      ;20-BR510                                          ;WS        ;SS                  ;;8/4/26;          ;0
26473;SHAW                ;F20       ;10-BR002                                          ;WS        ;SS                  ;;5/3/26;          ;0
26482;SHAW                ;D29       ;32-BR022                                          ;WS        ;SS                  ;;9/4/26;          ;0
26486;SHAW                ;F20       ;32-BR008                                          ;WS        ;SS                  ;;14/4/26;          ;0
26488;SHAW                ;B30       ;32-BR014                                          ;WS        ;SS                  ;;14/4/26;          ;0
26492;SHAW                ;F20       ;32-BR014                                          ;WS        ;SS                  ;;18/3/26;          ;0
26500;SHAW                ;D29       ;32-BR012                                          ;WS        ;SS                  ;;19/3/26;          ;0
26501;SHAW                ;D29       ;20-BR512                                          ;WS        ;SS                  ;;5/3/26;          ;0
26508;SHAW                ;D19       ;32-BR020                                          ;WS        ;SS                  ;;18/3/26;          ;0
26526;SHAW                ;D191      ;32-BR014                                          ;WS        ;SS                  ;;18/3/26;          ;0
26528;SHAW                ;F20       ;32-BR008                                          ;WS        ;SS                  ;;9/4/26;          ;0
26534;SHAW                ;D191      ;32-BR014                                          ;WS        ;SS                  ;;18/3/26;          ;0
26552;SHAW                ;D19       ;32-BR012                                          ;WS        ;SS                  ;;18/3/26;          ;0
26556;SHAW                ;D29       ;14-BR001                                          ;WS        ;SS                  ;;19/4/26;          ;
26559;SHAW                ;D191      ;32-BR014                                          ;WS        ;SS                  ;;18/3/26;          ;0
26562;SHAW                ;D19       ;32-BR020                                          ;WS        ;SS                  ;;18/3/26;          ;0
26575;SHAW                ;F20       ;10-BR002                                          ;WS        ;SS                  ;;4/3/26;          ;0
26587;SHAW                ;D29       ;20-BR512                                          ;WS        ;SS                  ;;5/3/26;          ;0
26593;SHAW                ;F20       ;32-BR022                                          ;WS        ;SS                  ;;19/3/26;          ;0
26595;SHAW                ;D19       ;32-BR012                                          ;WS        ;SS                  ;;17/3/26;          ;0
26597;SHAW                ;F20       ;32-BR008                                          ;WS        ;SS                  ;;15/4/26;          ;0
26599;SHAW                ;F20       ;10-BR002                                          ;WS        ;SS                  ;;5/3/26;          ;0
26619;SHAW                ;D191      ;32-BR012                                          ;WS        ;SS                  ;;15/4/26;          ;0
26623;SHAW                ;D29       ;32-BR022                                          ;WS        ;SS                  ;;9/4/26;          ;0
26625;SHAW                ;F20       ;20-BR512                                          ;WS        ;SS                  ;;15/4/26;          ;0
26635;SHAW                ;B30       ;32-BR022                                          ;WS        ;SS                  ;;14/4/26;          ;0
26650;SHAW                ;D191      ;10-BR002                                          ;WS        ;SS                  ;;4/3/26;          ;0
26651;SHAW                ;D19       ;32-BR012                                          ;WS        ;SS                  ;;18/3/26;          ;0
26654;SHAW                ;D29       ;32-BR016                                          ;WS        ;SS                  ;;19/3/26;          ;0
26656;SHAW                ;F20       ;32-BR008                                          ;WS        ;SS                  ;;9/4/26;          ;0
26657;SHAW                ;D29       ;20-BR512                                          ;WS        ;SS                  ;;9/3/26;          ;0
26665;SHAW                ;D29       ;20-BR512                                          ;WS        ;SS                  ;;9/3/26;          ;0
26669;SHAW                ;F20       ;32-BR008                                          ;WS        ;SS                  ;;15/4/26;          ;0
26686;SHAW                ;F20       ;32-BR001                                          ;WS        ;SS                  ;;17/3/26;          ;0
26687;SHAW                ;D29       ;32-BR030                                          ;WS        ;SS                  ;;15/4/26;          ;0
26693;SHAW                ;D19       ;32-BR012                                          ;WS        ;SS                  ;;18/3/26;          ;0
26698;SHAW                ;D29       ;32-BR016                                          ;WS        ;SS                  ;;19/3/26;          ;0
26702;SHAW                ;F20       ;32-BR014                                          ;WS        ;SS                  ;;18/3/26;          ;0
26706;SHAW                ;F20       ;20-BR512                                          ;WS        ;SS                  ;;15/4/26;          ;0
26717;SHAW                ;D29       ;32-BR018                                          ;WS        ;SS                  ;;9/4/26;          ;0
26729;SHAW                ;F20       ;32-BR008                                          ;WS        ;SS                  ;;9/4/26;          ;0
26731;SHAW                ;F20       ;32-BR001                                          ;WS        ;SS                  ;;17/3/26;          ;0
26742;SHAW                ;B30       ;32-BR014                                          ;WS        ;SS                  ;;14/4/26;          ;0
26770;SHAW                ;D19       ;32-BR012                                          ;WS        ;SS                  ;;18/3/26;          ;0
26780;SHAW                ;D29       ;32-BR030                                          ;WS        ;SS                  ;;15/4/26;          ;0
26788;SHAW                ;D19       ;32-BR012                                          ;WS        ;SS                  ;;17/3/26;          ;0
26792;SHAW                ;D191      ;10-BR002                                          ;WS        ;SS                  ;;4/3/26;          ;0
26803;SHAW                ;F20       ;32-BR022                                          ;WS        ;SS                  ;;19/3/26;          ;0
26812;SHAW                ;B30       ;32-BR014                                          ;WS        ;SS                  ;;14/4/26;          ;0
26823;SHAW                ;F20       ;10-BR002                                          ;WS        ;SS                  ;;5/3/26;          ;0
26824;SHAW                ;F20       ;20-BR512                                          ;WS        ;SS                  ;;15/4/26;          ;0
26825;SHAW                ;F20       ;32-BR008                                          ;WS        ;SS                  ;;9/4/26;          ;0
26833;SHAW                ;F20       ;32-BR008                                          ;WS        ;SS                  ;;9/4/26;          ;0
26837;SHAW                ;D191      ;32-BR014                                          ;WS        ;SS                  ;;16/4/26;          ;0
26838;SHAW                ;F20       ;32-BR022                                          ;WS        ;SS                  ;;19/3/26;          ;0
26840;SHAW                ;F20       ;32-BR008                                          ;WS        ;SS                  ;;15/4/26;          ;0
26843;SHAW                ;F20       ;32-BR001                                          ;WS        ;SS                  ;;17/3/26;          ;0
26846;SHAW                ;D29       ;20-BR512                                          ;WS        ;SS                  ;;9/3/26;          ;0
26850;SHAW                ;B30       ;32-BR012                                          ;WS        ;SS                  ;;14/4/26;          ;0
26854;SHAW                ;F20       ;25-BR802                                          ;WS        ;SS                  ;;15/3/26;          ;0
26861;SHAW                ;F20       ;20-BR512                                          ;WS        ;SS                  ;;15/4/26;          ;0
26879;SHAW                ;D191      ;32-BR014                                          ;WS        ;SS                  ;;18/3/26;          ;0
26880;SHAW                ;F20       ;32-BR014                                          ;WS        ;SS                  ;;19/3/26;          ;0
26889;SHAW                ;F20       ;25-BR802                                          ;WS        ;SS                  ;;15/3/26;          ;0
26890;SHAW                ;F20       ;32-BR014                                          ;WS        ;SS                  ;;18/3/26;          ;0
26902;SHAW                ;F20       ;32-BR022                                          ;WS        ;SS                  ;;19/3/26;          ;0
26927;SHAW                ;D191      ;34-BR001                                          ;WS        ;SS                  ;;15/3/26;          ;0
26936;SHAW                ;D19       ;32-BR012                                          ;WS        ;SS                  ;;17/3/26;          ;0
26948;SHAW                ;D29       ;20-BR512                                          ;WS        ;SS                  ;;9/3/26;          ;0
26970;SHAW                ;F20       ;32-BR014                                          ;WS        ;SS                  ;;18/3/26;          ;0
26981;SHAW                ;D191      ;32-BR014                                          ;WS        ;SS                  ;;18/3/26;          ;0
26985;SHAW                ;D19       ;32-BR012                                          ;WS        ;SS                  ;;18/3/26;          ;0
26995;SHAW                ;F20       ;32-BR014                                          ;WS        ;SS                  ;;18/3/26;          ;0
27000;SHAW                ;D29       ;20-BR512                                          ;WS        ;SS                  ;;5/3/26;          ;0
27001;SHAW                ;D191      ;32-BR014                                          ;WS        ;SS                  ;;16/4/26;          ;0
27008;SHAW                ;B30       ;32-BR012                                          ;WS        ;SS                  ;;14/4/26;          ;0
27009;SHAW                ;F20       ;32-BR001                                          ;WS        ;SS                  ;;17/3/26;          ;0
27023;SHAW                ;D29       ;32-BR030                                          ;WS        ;SS                  ;;15/4/26;          ;0
27055;SHAW                ;D19       ;10-BR002                                          ;WS        ;SS                  ;;4/3/26;          ;0
27067;SHAW                ;D29       ;20-BR512                                          ;WS        ;SS                  ;;5/3/26;          ;0
27074;SHAW                ;D19       ;32-BR020                                          ;WS        ;SS                  ;;18/3/26;          ;0
27080;SHAW                ;F20       ;32-BR001                                          ;WS        ;SS                  ;;17/3/26;          ;0
27083;SHAW                ;F20       ;32-BR014                                          ;WS        ;SS                  ;;18/3/26;          ;0
27107;SHAW                ;D29       ;32-BR030                                          ;WS        ;SS                  ;;15/4/26;          ;0
27119;SHAW                ;D29       ;32-BR001                                          ;WS        ;SS                  ;;9/3/26;          ;0
27120;SHAW                ;F20       ;20-BR512                                          ;WS        ;SS                  ;;15/4/26;          ;0
27123;SHAW                ;B30       ;32-BR012                                          ;WS        ;SS                  ;;14/4/26;          ;0
27134;SHAW                ;F20       ;32-BR008                                          ;WS        ;SS                  ;;9/4/26;          ;0
27174;SHAW                ;D29       ;32-BR001                                          ;WS        ;SS                  ;;9/3/26;          ;0
27177;SHAW                ;D19       ;32-BR020                                          ;WS        ;SS                  ;;18/3/26;          ;0
27190;SHAW                ;D191      ;32-BR014                                          ;WS        ;SS                  ;;18/3/26;          ;0
27192;SHAW                ;D29       ;32-BR022                                          ;WS        ;SS                  ;;9/4/26;          ;0
27199;SHAW                ;D19       ;32-BR012                                          ;WS        ;SS                  ;;17/3/26;          ;0
27203;SHAW                ;F20       ;32-BR008                                          ;WS        ;SS                  ;;14/4/26;          ;0
27220;SHAW                ;D191      ;32-BR012                                          ;WS        ;SS                  ;;15/4/26;          ;0
27223;SHAW                ;D19       ;10-BR002                                          ;WS        ;SS                  ;;4/3/26;          ;0
27231;SHAW                ;D191      ;14-BR001                                          ;WS        ;SS                  ;;20/4/26;          ;
27232;SHAW                ;D29       ;32-BR030                                          ;WS        ;SS                  ;;15/4/26;          ;0
27235;SHAW                ;F20       ;32-BR022                                          ;WS        ;SS                  ;;19/3/26;          ;0
27242;SHAW                ;F20       ;32-BR022                                          ;WS        ;SS                  ;;19/3/26;          ;0
27249;SHAW                ;D19       ;32-BR012                                          ;WS        ;SS                  ;;17/3/26;          ;0
27261;SHAW                ;D19       ;32-BR012                                          ;WS        ;SS                  ;;17/3/26;          ;0
27272;SHAW                ;F20       ;32-BR001                                          ;WS        ;SS                  ;;17/3/26;          ;0
27322;SHAW                ;F20       ;32-BR008                                          ;WS        ;SS                  ;;14/4/26;          ;0
27333;SHAW                ;F20       ;32-BR008                                          ;WS        ;SS                  ;;15/4/26;          ;0
27344;SHAW                ;D191      ;10-BR002                                          ;WS        ;SS                  ;;4/3/26;          ;0
27364;SHAW                ;D191      ;14-BR001                                          ;WS        ;SS                  ;;20/4/26;          ;
27385;SHAW                ;D19       ;10-BR002                                          ;WS        ;SS                  ;;4/3/26;          ;0
27417;SHAW                ;F20       ;32-BR008                                          ;WS        ;SS                  ;;15/4/26;          ;0
27420;SHAW                ;F20       ;32-BR008                                          ;WS        ;SS                  ;;12/4/26;          ;0
27423;SHAW                ;D29       ;20-BR512                                          ;WS        ;SS                  ;;9/3/26;          ;0
27424;SHAW                ;F20       ;32-BR008                                          ;WS        ;SS                  ;;15/4/26;          ;0
27437;SHAW                ;D191      ;14-BR001                                          ;WS        ;SS                  ;;20/4/26;          ;
27442;SHAW                ;D191      ;32-BR014                                          ;WS        ;SS                  ;;16/4/26;          ;0
27447;SHAW                ;D19       ;32-BR012                                          ;WS        ;SS                  ;;17/3/26;          ;0
27448;SHAW                ;D29       ;32-BR018                                          ;WS        ;SS                  ;;9/4/26;          ;0
27467;SHAW                ;D19       ;32-BR020                                          ;WS        ;SS                  ;;18/3/26;          ;0
27487;SHAW                ;D191      ;32-BR012                                          ;WS        ;SS                  ;;15/4/26;          ;0
27488;SHAW                ;F20       ;20-BR512                                          ;WS        ;SS                  ;;15/4/26;          ;0
27585;SHAW                ;D29       ;35-BR001                                          ;WS        ;SS                  ;;15/3/26;          ;0
27614;SHAW                ;D191      ;12-BR001                                          ;WS        ;SS                  ;;9/3/26;14/3/26;10
27670;SHAW                ;D29       ;35-BR001                                          ;WS        ;SS                  ;;15/3/26;          ;0
27749;SHAW                ;D19       ;37-BR002                                          ;WS        ;SS                  ;;16/3/26;          ;0
27750;SHAW                ;D19       ;37-BR002                                          ;WS        ;SS                  ;;16/3/26;          ;0
27752;SHAW                ;D52       ;37-BR002                                          ;WS        ;SS                  ;;16/3/26;          ;0
27753;SHAW                ;D52       ;37-BR002                                          ;WS        ;SS                  ;;16/3/26;          ;0
27754;SHAW                ;D52       ;37-BR002                                          ;WS        ;SS                  ;;16/3/26;          ;0
27755;SHAW                ;D52       ;37-BR002                                          ;WS        ;SS                  ;;16/3/26;          ;0
27759;SHAW                ;F20       ;37-BR002                                          ;WS        ;SS                  ;;16/3/26;          ;0
27760;SHAW                ;F20       ;37-BR002                                          ;WS        ;SS                  ;;16/3/26;          ;0
27761;SHAW                ;F20       ;37-BR002                                          ;WS        ;SS                  ;;16/3/26;          ;0
27763;SHAW                ;D29       ;37-BR002                                          ;WS        ;SS                  ;;16/3/26;          ;0
27764;SHAW                ;D29       ;37-BR002                                          ;WS        ;SS                  ;;16/3/26;          ;0
27765;SHAW                ;D29       ;37-BR002                                          ;WS        ;SS                  ;;16/3/26;          ;0
27773;SHAW                ;D19       ;37-BR002                                          ;WS        ;SS                  ;;16/3/26;          ;0
27775;SHAW                ;F20       ;37-BR002                                          ;WS        ;SS                  ;;19/4/26;          ;0
27776;SHAW                ;F20       ;37-BR002                                          ;WS        ;SS                  ;;19/4/26;          ;0
27777;SHAW                ;F20       ;37-BR002                                          ;WS        ;SS                  ;;19/4/26;          ;0
27778;SHAW                ;F20       ;37-BR002                                          ;WS        ;SS                  ;;19/4/26;          ;0
27779;SHAW                ;D19       ;37-BR002                                          ;WS        ;SS                  ;;16/3/26;          ;0
27780;SHAW                ;D19       ;37-BR002                                          ;WS        ;SS                  ;;16/3/26;          ;0
27787;SHAW                ;F20       ;14-BR001                                          ;WS        ;SS                  ;;19/4/26;          ;
27793;SHAW                ;F20       ;14-BR001                                          ;WS        ;SS                  ;;19/4/26;          ;
27805;SHAW                ;D29       ;14-BR001                                          ;WS        ;SS                  ;;19/4/26;          ;
27806;SHAW                ;D29       ;14-BR001                                          ;WS        ;SS                  ;;19/4/26;          ;
27807;SHAW                ;D29       ;14-BR001                                          ;WS        ;SS                  ;;19/4/26;          ;
27811;SHAW                ;F20       ;14-BR001                                          ;WS        ;SS                  ;;19/4/26;          ;
27812;SHAW                ;F20       ;14-BR001                                          ;WS        ;SS                  ;;19/4/26;          ;
27814;SHAW                ;D29       ;14-BR001                                          ;WS        ;SS                  ;;19/4/26;          ;
27815;SHAW                ;D29       ;14-BR001                                          ;WS        ;SS                  ;;19/4/26;          ;
27916;SHAW                ;D191      ;34-BR001                                          ;WS        ;SS                  ;;16/3/26;          ;0
27917;SHAW                ;D191      ;34-BR001                                          ;WS        ;SS                  ;;16/3/26;          ;0
27918;SHAW                ;D191      ;34-BR001                                          ;WS        ;SS                  ;;16/3/26;          ;0
27919;SHAW                ;D191      ;34-BR001                                          ;WS        ;SS                  ;;16/3/26;          ;0
27924;SHAW                ;D19       ;50-BR001                                          ;WS        ;SS                  ;;19/4/26;          ;10
27925;SHAW                ;D19       ;50-BR001                                          ;WS        ;SS                  ;;19/4/26;          ;10
28019;SHAW                ;B30       ;30-BR003                                          ;WS        ;SS                  ;;14/4/26;          ;0
28020;SHAW                ;B30       ;30-BR003                                          ;WS        ;SS                  ;;14/4/26;          ;0
28034;SHAW                ;D19       ;30-BR003                                          ;WS        ;SS                  ;;8/4/26;          ;10
28035;SHAW                ;D19       ;30-BR003                                          ;WS        ;SS                  ;;8/4/26;          ;10
28036;SHAW                ;D19       ;30-BR003                                          ;WS        ;SS                  ;;8/4/26;          ;10
28037;SHAW                ;D19       ;30-BR003                                          ;WS        ;SS                  ;;8/4/26;          ;10
28038;SHAW                ;D19       ;30-BR003                                          ;WS        ;SS                  ;;8/4/26;          ;10
28039;SHAW                ;D19       ;30-BR003                                          ;WS        ;SS                  ;;9/4/26;14/4/26;10
28051;SHAW                ;F20       ;36-BR001                                          ;WS        ;SS                  ;;8/4/26;          ;10
28052;SHAW                ;F20       ;36-BR001                                          ;WS        ;SS                  ;;9/4/26;          ;0
28062;SHAW                ;D19       ;70-BR013                                          ;WS        ;SS                  ;;16/4/26;          ;
28063;SHAW                ;D19       ;70-BR013                                          ;WS        ;SS                  ;;16/4/26;          ;
28064;SHAW                ;D19       ;70-BR013                                          ;WS        ;SS                  ;;16/4/26;          ;
28066;SHAW                ;F20       ;70-BR013                                          ;WS        ;SS                  ;;19/4/26;          ;
28067;SHAW                ;F20       ;70-BR013                                          ;WS        ;SS                  ;;19/4/26;          ;
28068;SHAW                ;F20       ;70-BR013                                          ;WS        ;SS                  ;;19/4/26;          ;
28069;SHAW                ;F20       ;70-BR013                                          ;WS        ;SS                  ;;19/4/26;          ;
28084;SHAW                ;D191      ;21-BR701                                          ;WS        ;SS                  ;;7/4/26;          ;0
28085;SHAW                ;D191      ;21-BR701                                          ;WS        ;SS                  ;;7/4/26;          ;0
28086;SHAW                ;D191      ;21-BR701                                          ;WS        ;SS                  ;;7/4/26;          ;0
28087;SHAW                ;D191      ;21-BR701                                          ;WS        ;SS                  ;;7/4/26;          ;0
28146;SHAW                ;D29       ;31-BR002                                          ;WS        ;SS                  ;;1/4/26;          ;0
28147;SHAW                ;D29       ;31-BR002                                          ;WS        ;SS                  ;;1/4/26;          ;0
28247;SHAW                ;D29       ;60-BR001                                          ;WS        ;SS                  ;;12/4/26;          ;10
28289;SHAW                ;D191      ;10-BR002                                          ;WS        ;SS                  ;;8/4/26;          ;0
28291;SHAW                ;D19       ;10-BR002                                          ;WS        ;SS                  ;;7/4/26;          ;0
28367;SHAW                ;D29       ;10-BR002                                          ;WS        ;SS                  ;;31/3/26;          ;0
28379;SHAW                ;D29       ;10-BR002                                          ;WS        ;SS                  ;;31/3/26;          ;0
28380;SHAW                ;D29       ;10-BR002                                          ;WS        ;SS                  ;;31/3/26;          ;0
28381;SHAW                ;D29       ;10-BR002                                          ;WS        ;SS                  ;;31/3/26;          ;0
28441;SHAW                ;D29       ;10-BR002                                          ;WS        ;SS                  ;;31/3/26;          ;0
28517;SHAW                ;D29       ;10-BR002                                          ;WS        ;SS                  ;;30/3/26;          ;0
28519;SHAW                ;F20       ;10-BR002                                          ;WS        ;SS                  ;;7/4/26;          ;0
28520;SHAW                ;F20       ;10-BR002                                          ;WS        ;SS                  ;;7/4/26;          ;0
28571;SHAW                ;F20       ;21-BR001                                          ;WS        ;SS                  ;;7/4/26;          ;0
28574;SHAW                ;F20       ;21-BR001                                          ;WS        ;SS                  ;;7/4/26;          ;0
28609;SHAW                ;D29       ;21-BR001                                          ;WS        ;SS                  ;;31/3/26;          ;0
28610;SHAW                ;D29       ;21-BR001                                          ;WS        ;SS                  ;;31/3/26;          ;0
28611;SHAW                ;D29       ;21-BR001                                          ;WS        ;SS                  ;;31/3/26;          ;0
28613;SHAW                ;D29       ;35-BR004                                          ;WS        ;SS                  ;;26/2/26;          ;10
28615;SHAW                ;D191      ;30-BR001                                          ;WS        ;SS                  ;;8/3/26;          ;10
28676;SHAW                ;D29       ;30-BR003                                          ;WS        ;SS                  ;;12/4/26;          ;10
28678;SHAW                ;D19       ;30-BR003                                          ;WS        ;SS                  ;;12/4/26;          ;10
28679;SHAW                ;D19       ;30-BR003                                          ;WS        ;SS                  ;;12/4/26;          ;10
28681;SHAW                ;D29       ;30-BR003                                          ;WS        ;SS                  ;;12/4/26;          ;0
28683;SHAW                ;D191      ;30-BR003                                          ;WS        ;SS                  ;;15/4/26;          ;0
28684;SHAW                ;D191      ;30-BR003                                          ;WS        ;SS                  ;;15/4/26;          ;0
28686;SHAW                ;D191      ;30-BR003                                          ;WS        ;SS                  ;;2/4/26;          ;10
28942;SHAW                ;D191      ;60-BR001                                          ;WS        ;SS                  ;;5/4/26;          ;10
28943;SHAW                ;D191      ;60-BR001                                          ;WS        ;SS                  ;;5/4/26;          ;10
28948;SHAW                ;F20       ;60-BR001                                          ;WS        ;SS                  ;;13/4/26;          ;0
28950;SHAW                ;D29       ;60-BR001                                          ;WS        ;SS                  ;;20/4/26;          ;0
28951;SHAW                ;D29       ;60-BR001                                          ;WS        ;SS                  ;;20/4/26;          ;0
28952;SHAW                ;D29       ;60-BR001                                          ;WS        ;SS                  ;;20/4/26;          ;0
28953;SHAW                ;D29       ;60-BR001                                          ;WS        ;SS                  ;;20/4/26;          ;0
28954;SHAW                ;D19       ;60-BR001                                          ;WS        ;SS                  ;;13/4/26;          ;10
29137;SHAW                ;D29       ;25-BR001                                          ;WS        ;SS                  ;;15/4/26;          ;0
29138;SHAW                ;D29       ;05-BR002                                          ;WS        ;SS                  ;;7/4/26;          ;0
29139;SHAW                ;D29       ;05-BR002                                          ;WS        ;SS                  ;;7/4/26;          ;0
29140;SHAW                ;D29       ;05-BR002                                          ;WS        ;SS                  ;;7/4/26;          ;0
29141;SHAW                ;D29       ;05-BR002                                          ;WS        ;SS                  ;;7/4/26;          ;0
29173;SHAW                ;D29       ;21-BR001                                          ;WS        ;SS                  ;;7/4/26;          ;0
29174;SHAW                ;D29       ;21-BR001                                          ;WS        ;SS                  ;;7/4/26;          ;0
29175;SHAW                ;D29       ;21-BR001                                          ;WS        ;SS                  ;;7/4/26;          ;0
29180;SHAW                ;D29       ;34-BR001                                          ;WS        ;SS                  ;;17/3/26;          ;0
29182;SHAW                ;D191      ;34-BR001                                          ;WS        ;SS                  ;;15/3/26;          ;0
29184;SHAW                ;D29       ;34-BR001                                          ;WS        ;SS                  ;;17/3/26;          ;0
29188;SHAW                ;D29       ;34-BR001                                          ;WS        ;SS                  ;;17/3/26;          ;0
29194;SHAW                ;D29       ;34-BR001                                          ;WS        ;SS                  ;;17/3/26;          ;0
29197;SHAW                ;F20       ;60-BR001                                          ;WS        ;SS                  ;;18/3/26;          ;10
29198;SHAW                ;D191      ;60-BR001                                          ;WS        ;SS                  ;;18/3/26;          ;10
29199;SHAW                ;D29       ;60-BR001                                          ;WS        ;SS                  ;;18/3/26;          ;10
29200;SHAW                ;D29       ;11-BR001                                          ;WS        ;SS                  ;;8/4/26;          ;0
29201;SHAW                ;D29       ;11-BR001                                          ;WS        ;SS                  ;;8/4/26;          ;0
29202;SHAW                ;D29       ;11-BR001                                          ;WS        ;SS                  ;;8/4/26;          ;0
29205;SHAW                ;D19       ;12-BR001                                          ;WS        ;SS                  ;;8/4/26;          ;0
29206;SHAW                ;D19       ;12-BR001                                          ;WS        ;SS                  ;;8/4/26;          ;0
29207;SHAW                ;D19       ;12-BR001                                          ;WS        ;SS                  ;;8/4/26;          ;0
29300;SHAW                ;F20       ;30-BR002                                          ;WS        ;SS                  ;;6/4/26;          ;10
29301;SHAW                ;F20       ;30-BR002                                          ;WS        ;SS                  ;;6/4/26;          ;10
29302;SHAW                ;F20       ;30-BR002                                          ;WS        ;SS                  ;;5/4/26;          ;10
29304;SHAW                ;F20       ;30-BR002                                          ;WS        ;SS                  ;;5/4/26;12/4/26;10
29305;SHAW                ;F20       ;30-BR002                                          ;WS        ;SS                  ;;5/4/26;          ;10
29309;SHAW                ;F20       ;30-BR002                                          ;WS        ;SS                  ;;14/4/26;          ;0
29311;SHAW                ;F20       ;30-BR002                                          ;WS        ;SS                  ;;20/4/26;          ;0
29312;SHAW                ;F20       ;30-BR002                                          ;WS        ;SS                  ;;20/4/26;          ;0
29313;SHAW                ;F20       ;30-BR002                                          ;WS        ;SS                  ;;20/4/26;          ;0
29314;SHAW                ;F20       ;30-BR002                                          ;WS        ;SS                  ;;20/4/26;          ;0
29315;SHAW                ;F20       ;30-BR002                                          ;WS        ;SS                  ;;13/4/26;          ;10
29317;SHAW                ;D191      ;30-BR002                                          ;WS        ;SS                  ;;6/4/26;12/4/26;10
29318;SHAW                ;D191      ;30-BR002                                          ;WS        ;SS                  ;;6/4/26;          ;10
29320;SHAW                ;D191      ;30-BR002                                          ;WS        ;SS                  ;;6/4/26;          ;10
29321;SHAW                ;D191      ;30-BR002                                          ;WS        ;SS                  ;;5/4/26;          ;10
29322;SHAW                ;D191      ;30-BR002                                          ;WS        ;SS                  ;;5/4/26;          ;10
29324;SHAW                ;F20       ;30-BR002                                          ;WS        ;SS                  ;;6/4/26;          ;10
29325;SHAW                ;F20       ;30-BR002                                          ;WS        ;SS                  ;;6/4/26;          ;10
29327;SHAW                ;D19       ;30-BR002                                          ;WS        ;SS                  ;;6/4/26;          ;10
29328;SHAW                ;D19       ;30-BR002                                          ;WS        ;SS                  ;;6/4/26;          ;10
29329;SHAW                ;D19       ;30-BR002                                          ;WS        ;SS                  ;;5/4/26;12/4/26;10
29331;SHAW                ;D191      ;30-BR002                                          ;WS        ;SS                  ;;5/4/26;          ;10
29333;SHAW                ;D29       ;30-BR002                                          ;WS        ;SS                  ;;13/4/26;          ;10
29334;SHAW                ;D29       ;30-BR002                                          ;WS        ;SS                  ;;14/4/26;          ;0
29338;SHAW                ;F20       ;30-BR002                                          ;WS        ;SS                  ;;13/4/26;          ;10
29339;SHAW                ;F20       ;30-BR002                                          ;WS        ;SS                  ;;13/4/26;          ;10
29340;SHAW                ;F20       ;30-BR002                                          ;WS        ;SS                  ;;13/4/26;          ;10
29342;SHAW                ;F20       ;30-BR002                                          ;WS        ;SS                  ;;9/4/26;          ;10
29343;SHAW                ;D19       ;30-BR002                                          ;WS        ;SS                  ;;6/4/26;          ;10
29344;SHAW                ;D19       ;30-BR002                                          ;WS        ;SS                  ;;6/4/26;          ;10
29345;SHAW                ;D29       ;30-BR002                                          ;WS        ;SS                  ;;8/4/26;          ;10
29347;SHAW                ;F20       ;20-BR401                                          ;WS        ;SS                  ;;9/4/26;          ;0
29348;SHAW                ;F20       ;20-BR401                                          ;WS        ;SS                  ;;9/4/26;          ;0
29349;SHAW                ;F20       ;20-BR401                                          ;WS        ;SS                  ;;9/4/26;          ;0
29371;SHAW                ;F20       ;35-BR002                                          ;WS        ;SS                  ;;7/4/26;          ;10
29372;SHAW                ;F20       ;35-BR002                                          ;WS        ;SS                  ;;7/4/26;          ;10
29373;SHAW                ;F20       ;35-BR002                                          ;WS        ;SS                  ;;9/4/26;          ;0
29375;SHAW                ;D19       ;35-BR002                                          ;WS        ;SS                  ;;14/4/26;          ;0
29376;SHAW                ;D19       ;35-BR002                                          ;WS        ;SS                  ;;14/4/26;          ;0
29377;SHAW                ;D19       ;35-BR002                                          ;WS        ;SS                  ;;14/4/26;          ;0
29378;SHAW                ;D19       ;35-BR002                                          ;WS        ;SS                  ;;14/4/26;          ;0
29379;SHAW                ;B30       ;35-BR002                                          ;WS        ;SS                  ;;13/4/26;          ;10
29380;SHAW                ;D19       ;35-BR002                                          ;WS        ;SS                  ;;6/4/26;          ;10
29382;SHAW                ;D191      ;35-BR002                                          ;WS        ;SS                  ;;9/4/26;          ;10
29383;SHAW                ;D191      ;35-BR002                                          ;WS        ;SS                  ;;6/4/26;          ;10
29384;SHAW                ;D191      ;35-BR002                                          ;WS        ;SS                  ;;6/4/26;          ;10
29386;SHAW                ;D29       ;35-BR002                                          ;WS        ;SS                  ;;6/4/26;          ;10
29387;SHAW                ;D29       ;35-BR002                                          ;WS        ;SS                  ;;6/4/26;          ;10
29388;SHAW                ;D29       ;35-BR002                                          ;WS        ;SS                  ;;6/4/26;          ;10
29390;SHAW                ;D29       ;35-BR002                                          ;WS        ;SS                  ;;6/4/26;          ;10
29391;SHAW                ;D29       ;35-BR002                                          ;WS        ;SS                  ;;6/4/26;          ;10
29410;SHAW                ;F20       ;13-BR401                                          ;WS        ;SS                  ;;9/4/26;          ;0
29411;SHAW                ;F20       ;13-BR401                                          ;WS        ;SS                  ;;9/4/26;          ;0
29412;SHAW                ;F20       ;13-BR401                                          ;WS        ;SS                  ;;9/4/26;          ;0
29426;SHAW                ;D191      ;60-BR001                                          ;WS        ;SS                  ;;5/4/26;          ;10
29428;SHAW                ;B30       ;60-BR001                                          ;WS        ;SS                  ;;13/4/26;          ;10
29432;SHAW                ;D29       ;60-BR001                                          ;WS        ;SS                  ;;13/4/26;          ;0
29434;SHAW                ;D29       ;60-BR001                                          ;WS        ;SS                  ;;19/4/26;          ;0
29435;SHAW                ;D29       ;60-BR001                                          ;WS        ;SS                  ;;19/4/26;          ;0
29436;SHAW                ;D29       ;60-BR001                                          ;WS        ;SS                  ;;19/4/26;          ;0
29437;SHAW                ;D29       ;60-BR001                                          ;WS        ;SS                  ;;19/4/26;          ;0
29438;SHAW                ;D29       ;60-BR001                                          ;WS        ;SS                  ;;13/4/26;          ;10
29441;SHAW                ;D191      ;60-BR001                                          ;WS        ;SS                  ;;7/4/26;          ;10
29445;SHAW                ;D191      ;66-BR001                                          ;WS        ;SS                  ;;7/4/26;12/4/26;10
29448;SHAW                ;D29       ;51-BR401                                          ;WS        ;SS                  ;;9/4/26;          ;0
29449;SHAW                ;D29       ;51-BR401                                          ;WS        ;SS                  ;;9/4/26;          ;0
29450;SHAW                ;D29       ;51-BR401                                          ;WS        ;SS                  ;;9/4/26;          ;0
29468;SHAW                ;D29       ;80-BR001                                          ;WS        ;SS                  ;;30/3/26;          ;10
29469;SHAW                ;D29       ;80-BR001                                          ;WS        ;SS                  ;;29/3/26;          ;10
29521;SHAW                ;F20       ;10-BR701                                          ;WS        ;SS                  ;;20/4/26;          ;0
29522;SHAW                ;F20       ;10-BR701                                          ;WS        ;SS                  ;;20/4/26;          ;0
29523;SHAW                ;F20       ;10-BR701                                          ;WS        ;SS                  ;;20/4/26;          ;0
29524;SHAW                ;F20       ;10-BR701                                          ;WS        ;SS                  ;;20/4/26;          ;0
29525;SHAW                ;F20       ;10-BR701                                          ;WS        ;SS                  ;;20/4/26;          ;0
29526;SHAW                ;F20       ;10-BR701                                          ;WS        ;SS                  ;;20/4/26;          ;0
29565;SHAW                ;D29       ;13-BR001                                          ;WS        ;SS                  ;;16/4/26;          ;10
29566;SHAW                ;D29       ;13-BR001                                          ;WS        ;SS                  ;;16/4/26;          ;10
29704;SHAW                ;D19       ;30-BR001                                          ;WS        ;SS                  ;;14/4/26;          ;10
29705;SHAW                ;D19       ;30-BR001                                          ;WS        ;SS                  ;;14/4/26;          ;10
29706;SHAW                ;D19       ;30-BR001                                          ;WS        ;SS                  ;;14/4/26;          ;10
29709;SHAW                ;D29       ;30-BR001                                          ;WS        ;SS                  ;;14/4/26;          ;10
29711;SHAW                ;F20       ;30-BR001                                          ;WS        ;SS                  ;;14/4/26;          ;10
29712;SHAW                ;F20       ;30-BR001                                          ;WS        ;SS                  ;;14/4/26;          ;10
30012;SHAW                ;D29       ;60-BR001                                          ;WS        ;SS                  ;;26/3/26;          ;10
30013;SHAW                ;F20       ;60-BR001                                          ;WS        ;SS                  ;;29/3/26;          ;10
30014;SHAW                ;D191      ;60-BR001                                          ;WS        ;SS                  ;;1/4/26;          ;10
30019;SHAW                ;D29       ;30-BR802                                          ;WS        ;SS                  ;;6/4/26;          ;10
30246;SHAW                ;D19       ;53-BR001                                          ;WS        ;SS                  ;;5/4/26;          ;10
30248;SHAW                ;F20       ;53-BR001                                          ;WS        ;SS                  ;;15/4/26;          ;0
30315;SHAW                ;D19       ;53-BR001                                          ;WS        ;SS                  ;;5/4/26;          ;10
30458;SHAW                ;F20       ;30-BR003                                          ;WS        ;SS                  ;;12/4/26;          ;10
30498;SHAW                ;D29       ;30-BR002                                          ;WS        ;SS                  ;;13/4/26;          ;10
30499;SHAW                ;D19       ;30-BR002                                          ;WS        ;SS                  ;;13/4/26;          ;10
30500;SHAW                ;D29       ;32-BR004                                          ;WS        ;SS                  ;;19/4/26;          ;
30502;SHAW                ;D29       ;20-BR801                                          ;WS        ;SS                  ;;20/4/26;          ;
32190;SHAW                ;D196      ;20-BR702                                          ;WS        ;CS                  ;;16/3/26;          ;0
32191;SHAW                ;D196      ;20-BR701                                          ;WS        ;CS                  ;;20/4/26;          ;0
32192;SHAW                ;D176      ;10-BR701                                          ;WS        ;CS                  ;;16/3/26;          ;0
32193;SHAW                ;D176      ;10-BR701                                          ;WS        ;CS                  ;;16/3/26;          ;0
32196;SHAW                ;D196      ;20-BR701                                          ;WS        ;CS                  ;;20/4/26;          ;0
32197;SHAW                ;D196      ;20-BR701                                          ;WS        ;CS                  ;;20/4/26;          ;0
32199;SHAW                ;D176      ;10-BR701                                          ;WS        ;CS                  ;;16/3/26;          ;0
32200;SHAW                ;D52       ;10-BR702                                          ;WS        ;CS                  ;;16/3/26;          ;0
32202;SHAW                ;B14       ;10-BR702                                          ;WS        ;CS                  ;;16/3/26;          ;0
32205;SHAW                ;B14       ;10-BR702                                          ;WS        ;CS                  ;;16/3/26;          ;0
32207;SHAW                ;D184      ;20-BR701                                          ;WS        ;CS                  ;;16/3/26;          ;0
32210;SHAW                ;D176      ;10-BR701                                          ;WS        ;CS                  ;;16/3/26;          ;0
32216;SHAW                ;B14       ;10-BR702                                          ;WS        ;CS                  ;;16/3/26;          ;0
32249;SHAW                ;D176      ;33-BR001                                          ;WS        ;CS                  ;;20/4/26;          ;
32253;SHAW                ;D193      ;33-BR001                                          ;WS        ;CS                  ;;16/4/26;          ;
32254;SHAW                ;D176      ;33-BR001                                          ;WS        ;CS                  ;;20/4/26;          ;
32255;SHAW                ;B30       ;33-BR001                                          ;WS        ;CS                  ;;20/4/26;          ;
32275;SHAW                ;D184      ;10-BR001                                          ;WS        ;CS                  ;;26/2/26;          ;0
32276;SHAW                ;D52       ;10-BR001                                          ;WS        ;CS                  ;;26/2/26;          ;10
32277;SHAW                ;D193      ;10-BR001                                          ;WS        ;CS                  ;;26/2/26;          ;10
32278;SHAW                ;D193      ;10-BR001                                          ;WS        ;CS                  ;;26/2/26;          ;10
32281;SHAW                ;D193      ;10-BR001                                          ;WS        ;CS                  ;;26/2/26;          ;10
32282;SHAW                ;D193      ;10-BR001                                          ;WS        ;CS                  ;;26/2/26;          ;10
32286;SHAW                ;D176      ;10-BR001                                          ;WS        ;CS                  ;;26/2/26;          ;10
32287;SHAW                ;D52       ;10-BR001                                          ;WS        ;CS                  ;;26/2/26;          ;10
32288;SHAW                ;D176      ;10-BR001                                          ;WS        ;CS                  ;;26/2/26;9/3/26;10
32289;SHAW                ;D176      ;10-BR001                                          ;WS        ;CS                  ;;26/2/26;          ;10
32291;SHAW                ;D184      ;30-BR002                                          ;WS        ;CS                  ;;12/2/26;          ;10
32292;SHAW                ;D184      ;30-BR002                                          ;WS        ;CS                  ;;12/2/26;          ;10
32294;SHAW                ;D176      ;30-BR002                                          ;WS        ;CS                  ;;12/2/26;          ;10
32298;SHAW                ;F12       ;53-BR001                                          ;WS        ;CS                  ;;14/4/26;          ;0
32304;SHAW                ;D185      ;53-BR001                                          ;WS        ;CS                  ;;17/3/26;          ;0
32312;SHAW                ;D196      ;52-BR001                                          ;WS        ;CS                  ;;12/3/26;          ;0
32327;SHAW                ;D193      ;50-BR102                                          ;WS        ;CS                  ;;23/2/26;          ;0
32343;SHAW                ;B30       ;51-BR001                                          ;WS        ;CS                  ;;5/3/26;          ;0
32344;SHAW                ;D179      ;52-BR001                                          ;WS        ;CS                  ;;9/3/26;          ;0
32351;SHAW                ;D52       ;53-BR001                                          ;WS        ;CS                  ;;17/3/26;          ;0
32352;SHAW                ;D193      ;71-BR001                                          ;WS        ;CS                  ;;10/3/26;          ;0
32380;SHAW                ;D190      ;71-BR001                                          ;WS        ;CS                  ;;18/3/26;          ;0
32381;SHAW                ;D176      ;51-BR001                                          ;WS        ;CS                  ;;9/3/26;          ;0
32382;SHAW                ;D179      ;52-BR001                                          ;WS        ;CS                  ;;9/3/26;          ;10
32389;SHAW                ;D193      ;50-BR102                                          ;WS        ;CS                  ;;23/2/26;          ;0
32413;SHAW                ;F12       ;51-BR001                                          ;WS        ;CS                  ;;14/4/26;          ;0
32422;SHAW                ;D193      ;50-BR101                                          ;WS        ;CS                  ;;22/2/26;          ;0
32429;SHAW                ;D107      ;50-BR101                                          ;WS        ;CS                  ;;23/2/26;          ;0
32435;SHAW                ;D196      ;52-BR001                                          ;WS        ;CS                  ;;12/3/26;          ;0
32436;SHAW                ;D185      ;52-BR001                                          ;WS        ;CS                  ;;17/3/26;          ;0
32444;SHAW                ;D107      ;71-BR001                                          ;WS        ;CS                  ;;18/3/26;          ;0
32447;SHAW                ;B30       ;51-BR001                                          ;WS        ;CS                  ;;10/3/26;          ;0
32470;SHAW                ;D52       ;50-BR101                                          ;WS        ;CS                  ;;19/2/26;          ;0
32505;SHAW                ;D196      ;52-BR001                                          ;WS        ;CS                  ;;12/3/26;          ;0
32506;SHAW                ;D52       ;51-BR001                                          ;WS        ;CS                  ;;18/3/26;          ;0
32513;SHAW                ;D176      ;51-BR001                                          ;WS        ;CS                  ;;17/3/26;          ;0
32514;SHAW                ;D52       ;51-BR001                                          ;WS        ;CS                  ;;17/3/26;          ;0
32525;SHAW                ;D185      ;53-BR001                                          ;WS        ;CS                  ;;17/3/26;          ;0
32528;SHAW                ;D193      ;50-BR102                                          ;WS        ;CS                  ;;23/2/26;          ;0
32547;SHAW                ;D52       ;53-BR001                                          ;WS        ;CS                  ;;10/3/26;          ;0
32557;SHAW                ;F12       ;51-BR001                                          ;WS        ;CS                  ;;14/4/26;          ;0
32559;SHAW                ;D52       ;51-BR001                                          ;WS        ;CS                  ;;17/3/26;          ;0
32575;SHAW                ;D185      ;71-BR001                                          ;WS        ;CS                  ;;18/3/26;          ;0
32576;SHAW                ;D196      ;09-BR001                                          ;WS        ;CS                  ;;8/3/26;14/3/26;10
32578;SHAW                ;B30       ;51-BR001                                          ;WS        ;CS                  ;;10/3/26;          ;0
32582;SHAW                ;D52       ;51-BR001                                          ;WS        ;CS                  ;;9/3/26;          ;0
32596;SHAW                ;D176      ;50-BR102                                          ;WS        ;CS                  ;;23/2/26;          ;0
32601;SHAW                ;D185      ;52-BR001                                          ;WS        ;CS                  ;;17/3/26;          ;0
32602;SHAW                ;D184      ;51-BR001                                          ;WS        ;CS                  ;;17/3/26;          ;0
32603;SHAW                ;F12       ;51-BR001                                          ;WS        ;CS                  ;;14/4/26;          ;0
32605;SHAW                ;D176      ;50-BR102                                          ;WS        ;CS                  ;;23/2/26;          ;0
32607;SHAW                ;D52       ;53-BR001                                          ;WS        ;CS                  ;;10/3/26;          ;0
32627;SHAW                ;B30       ;51-BR001                                          ;WS        ;CS                  ;;10/3/26;          ;0
32629;SHAW                ;D185      ;51-BR001                                          ;WS        ;CS                  ;;17/3/26;          ;0
32633;SHAW                ;D52       ;53-BR001                                          ;WS        ;CS                  ;;10/3/26;          ;0
32648;SHAW                ;D185      ;53-BR001                                          ;WS        ;CS                  ;;18/3/26;          ;0
32650;SHAW                ;D52       ;51-BR001                                          ;WS        ;CS                  ;;9/3/26;          ;0
32654;SHAW                ;D185      ;51-BR001                                          ;WS        ;CS                  ;;17/3/26;          ;0
32655;SHAW                ;D193      ;50-BR102                                          ;WS        ;CS                  ;;23/2/26;          ;0
32663;SHAW                ;D179      ;71-BR001                                          ;WS        ;CS                  ;;12/3/26;          ;0
32671;SHAW                ;D52       ;51-BR001                                          ;WS        ;CS                  ;;9/3/26;          ;0
32679;SHAW                ;D52       ;52-BR001                                          ;WS        ;CS                  ;;18/3/26;          ;0
32682;SHAW                ;D193      ;71-BR001                                          ;WS        ;CS                  ;;10/3/26;          ;10
32692;SHAW                ;B14       ;51-BR001                                          ;WS        ;CS                  ;;18/3/26;          ;0
32700;SHAW                ;D52       ;51-BR001                                          ;WS        ;CS                  ;;9/3/26;          ;0
32706;SHAW                ;F12       ;71-BR001                                          ;WS        ;CS                  ;;14/4/26;          ;0
32708;SHAW                ;D52       ;50-BR101                                          ;WS        ;CS                  ;;19/2/26;          ;0
32713;SHAW                ;D52       ;52-BR001                                          ;WS        ;CS                  ;;18/3/26;          ;0
32714;SHAW                ;D185      ;53-BR001                                          ;WS        ;CS                  ;;18/3/26;          ;0
32726;SHAW                ;D193      ;50-BR101                                          ;WS        ;CS                  ;;22/2/26;          ;0
32737;SHAW                ;F12       ;71-BR001                                          ;WS        ;CS                  ;;14/4/26;          ;0
32738;SHAW                ;D196      ;52-BR001                                          ;WS        ;CS                  ;;12/3/26;          ;0
32747;SHAW                ;D52       ;53-BR001                                          ;WS        ;CS                  ;;9/3/26;          ;0
32748;SHAW                ;F12       ;52-BR001                                          ;WS        ;CS                  ;;14/4/26;          ;0
32749;SHAW                ;B30       ;51-BR001                                          ;WS        ;CS                  ;;5/3/26;18/3/26;10
32760;SHAW                ;D193      ;50-BR101                                          ;WS        ;CS                  ;;22/2/26;          ;0
32761;SHAW                ;D190      ;71-BR001                                          ;WS        ;CS                  ;;18/3/26;          ;0
32772;SHAW                ;D179      ;71-BR001                                          ;WS        ;CS                  ;;12/3/26;          ;0
32779;SHAW                ;D176      ;51-BR001                                          ;WS        ;CS                  ;;9/3/26;          ;10
32783;SHAW                ;F12       ;52-BR001                                          ;WS        ;CS                  ;;14/4/26;          ;0
32785;SHAW                ;D179      ;71-BR001                                          ;WS        ;CS                  ;;18/3/26;          ;0
32802;SHAW                ;D52       ;53-BR001                                          ;WS        ;CS                  ;;8/3/26;          ;10
32821;SHAW                ;D52       ;51-BR001                                          ;WS        ;CS                  ;;9/3/26;          ;0
32825;SHAW                ;D107      ;50-BR101                                          ;WS        ;CS                  ;;23/2/26;          ;0
32836;SHAW                ;D52       ;53-BR001                                          ;WS        ;CS                  ;;10/3/26;          ;0
32837;SHAW                ;D52       ;50-BR101                                          ;WS        ;CS                  ;;19/2/26;          ;0
32842;SHAW                ;D176      ;52-BR001                                          ;WS        ;CS                  ;;17/3/26;          ;0
32859;SHAW                ;D179      ;71-BR001                                          ;WS        ;CS                  ;;12/3/26;          ;0
32861;SHAW                ;D52       ;50-BR101                                          ;WS        ;CS                  ;;19/2/26;          ;0
32862;SHAW                ;D176      ;51-BR001                                          ;WS        ;CS                  ;;17/3/26;          ;0
32870;SHAW                ;D193      ;50-BR101                                          ;WS        ;CS                  ;;22/2/26;          ;0
32873;SHAW                ;D176      ;50-BR102                                          ;WS        ;CS                  ;;23/2/26;          ;0
32891;SHAW                ;B30       ;51-BR001                                          ;WS        ;CS                  ;;10/3/26;          ;0
32892;SHAW                ;D184      ;52-BR001                                          ;WS        ;CS                  ;;18/3/26;          ;0
32902;SHAW                ;D107      ;71-BR001                                          ;WS        ;CS                  ;;18/3/26;          ;0
32903;SHAW                ;D107      ;50-BR101                                          ;WS        ;CS                  ;;23/2/26;          ;0
32919;SHAW                ;D176      ;50-BR102                                          ;WS        ;CS                  ;;23/2/26;          ;0
32923;SHAW                ;B14       ;53-BR001                                          ;WS        ;CS                  ;;17/3/26;          ;0
32927;SHAW                ;D107      ;50-BR101                                          ;WS        ;CS                  ;;23/2/26;          ;0
32931;SHAW                ;D52       ;53-BR001                                          ;WS        ;CS                  ;;17/3/26;          ;0
32932;SHAW                ;D185      ;71-BR001                                          ;WS        ;CS                  ;;18/3/26;          ;0
32934;SHAW                ;B14       ;53-BR001                                          ;WS        ;CS                  ;;17/3/26;          ;0
32946;SHAW                ;D184      ;51-BR001                                          ;WS        ;CS                  ;;17/3/26;          ;0
32949;SHAW                ;D52       ;53-BR001                                          ;WS        ;CS                  ;;10/3/26;          ;0
32951;SHAW                ;D176      ;51-BR001                                          ;WS        ;CS                  ;;18/3/26;          ;0
32955;SHAW                ;D179      ;71-BR001                                          ;WS        ;CS                  ;;18/3/26;          ;0
32958;SHAW                ;D184      ;52-BR001                                          ;WS        ;CS                  ;;18/3/26;          ;0
32962;SHAW                ;D196      ;51-BR001                                          ;WS        ;CS                  ;;18/3/26;          ;0
32963;SHAW                ;D196      ;52-BR001                                          ;WS        ;CS                  ;;12/3/26;          ;0
32983;SHAW                ;D52       ;51-BR001                                          ;WS        ;CS                  ;;18/3/26;          ;0
32985;SHAW                ;D179      ;71-BR001                                          ;WS        ;CS                  ;;12/3/26;          ;0
32991;SHAW                ;B14       ;51-BR001                                          ;WS        ;CS                  ;;18/3/26;          ;0
33002;SHAW                ;D196      ;51-BR001                                          ;WS        ;CS                  ;;18/3/26;          ;0
33009;SHAW                ;D176      ;52-BR001                                          ;WS        ;CS                  ;;17/3/26;          ;0
33010;SHAW                ;B30       ;51-BR001                                          ;WS        ;CS                  ;;10/3/26;          ;0
33011;SHAW                ;D176      ;51-BR001                                          ;WS        ;CS                  ;;18/3/26;          ;0
33013;SHAW                ;D196      ;09-BR001                                          ;WS        ;CS                  ;;11/3/26;          ;0
33014;SHAW                ;F12       ;53-BR001                                          ;WS        ;CS                  ;;14/4/26;          ;0
33015;SHAW                ;D179      ;71-BR001                                          ;WS        ;CS                  ;;12/3/26;          ;0
33016;SHAW                ;F12       ;51-BR001                                          ;WS        ;CS                  ;;14/4/26;          ;0
33055;SHAW                ;D181      ;30-BR001                                          ;WS        ;CS                  ;;19/3/26;26/3/26;10
33060;SHAW                ;B37       ;07-BR001                                          ;WS        ;CS                  ;;9/3/26;          ;0
33063;SHAW                ;F12       ;10-BR001                                          ;WS        ;CS                  ;;11/2/26;          ;10
33064;SHAW                ;D184      ;10-BR001                                          ;WS        ;CS                  ;;10/2/26;          ;10
33068;SHAW                ;B37       ;07-BR001                                          ;WS        ;CS                  ;;9/3/26;14/3/26;10
33080;SHAW                ;D196      ;21-BR001                                          ;WS        ;CS                  ;;26/3/26;          ;0
33082;SHAW                ;D181      ;30-BR001                                          ;WS        ;CS                  ;;19/3/26;26/3/26;10
33089;SHAW                ;F18       ;50-BR102                                          ;WS        ;CS                  ;;23/2/26;          ;0
33091;SHAW                ;D184      ;21-BR001                                          ;WS        ;CS                  ;;14/4/26;          ;0
33092;SHAW                ;D52       ;10-BR001                                          ;WS        ;CS                  ;;12/4/26;          ;10
33093;SHAW                ;D196      ;30-BR001                                          ;WS        ;CS                  ;;26/3/26;          ;10
33095;SHAW                ;B37       ;07-BR001                                          ;WS        ;CS                  ;;26/2/26;          ;0
33097;SHAW                ;D181      ;30-BR001                                          ;WS        ;CS                  ;;19/3/26;26/3/26;10
33104;SHAW                ;F18       ;50-BR102                                          ;WS        ;CS                  ;;23/2/26;          ;0
33108;SHAW                ;B37       ;07-BR001                                          ;WS        ;CS                  ;;25/2/26;          ;0
33111;SHAW                ;B37       ;30-BR001                                          ;WS        ;CS                  ;;25/3/26;          ;10
33112;SHAW                ;F18       ;50-BR102                                          ;WS        ;CS                  ;;23/2/26;          ;0
33115;SHAW                ;F12       ;10-BR001                                          ;WS        ;CS                  ;;11/2/26;20/2/26;10
33117;SHAW                ;D196      ;21-BR001                                          ;WS        ;CS                  ;;26/3/26;          ;10
33130;SHAW                ;D196      ;30-BR001                                          ;WS        ;CS                  ;;26/3/26;          ;0
33134;SHAW                ;F12       ;10-BR001                                          ;WS        ;CS                  ;;11/2/26;          ;10
33142;SHAW                ;D196      ;21-BR001                                          ;WS        ;CS                  ;;26/3/26;          ;0
33149;SHAW                ;D184      ;21-BR001                                          ;WS        ;CS                  ;;14/4/26;          ;0
33151;SHAW                ;F18       ;50-BR102                                          ;WS        ;CS                  ;;23/2/26;          ;0
33155;SHAW                ;D185      ;30-BR002                                          ;WS        ;CS                  ;;12/2/26;          ;10
33157;SHAW                ;D176      ;30-BR002                                          ;WS        ;CS                  ;;11/2/26;          ;10
33160;SHAW                ;D185      ;30-BR002                                          ;WS        ;CS                  ;;11/2/26;          ;10
33161;SHAW                ;D179      ;30-BR002                                          ;WS        ;CS                  ;;11/2/26;          ;10
33165;SHAW                ;D176      ;30-BR002                                          ;WS        ;CS                  ;;11/2/26;          ;10
33166;SHAW                ;D196      ;30-BR002                                          ;WS        ;CS                  ;;12/2/26;          ;10
33168;SHAW                ;D184      ;30-BR002                                          ;WS        ;CS                  ;;12/2/26;          ;10
33171;SHAW                ;D184      ;30-BR002                                          ;WS        ;CS                  ;;12/2/26;          ;10
33172;SHAW                ;D185      ;30-BR002                                          ;WS        ;CS                  ;;11/2/26;          ;10
33173;SHAW                ;F12       ;30-BR002                                          ;WS        ;CS                  ;;12/2/26;20/2/26;10
33176;SHAW                ;D176      ;30-BR002                                          ;WS        ;CS                  ;;11/2/26;          ;10
33179;SHAW                ;D196      ;30-BR002                                          ;WS        ;CS                  ;;12/2/26;          ;10
33180;SHAW                ;B37       ;30-BR002                                          ;WS        ;CS                  ;;11/2/26;          ;10
33181;SHAW                ;D184      ;30-BR002                                          ;WS        ;CS                  ;;12/2/26;          ;10
33182;SHAW                ;D185      ;30-BR002                                          ;WS        ;CS                  ;;11/2/26;          ;10
33183;SHAW                ;D179      ;30-BR002                                          ;WS        ;CS                  ;;11/2/26;          ;10
33184;SHAW                ;D196      ;30-BR002                                          ;WS        ;CS                  ;;12/2/26;          ;10
33187;SHAW                ;D185      ;30-BR002                                          ;WS        ;CS                  ;;11/2/26;          ;10
33188;SHAW                ;D107      ;30-BR002                                          ;WS        ;CS                  ;;14/2/26;20/2/26;10
33189;SHAW                ;D185      ;30-BR002                                          ;WS        ;CS                  ;;11/2/26;          ;10
33190;SHAW                ;B37       ;30-BR002                                          ;WS        ;CS                  ;;11/2/26;          ;10
33191;SHAW                ;B37       ;30-BR002                                          ;WS        ;CS                  ;;11/2/26;          ;10
33192;SHAW                ;D185      ;30-BR002                                          ;WS        ;CS                  ;;12/2/26;          ;10
33194;SHAW                ;D185      ;30-BR002                                          ;WS        ;CS                  ;;12/2/26;          ;10
33198;SHAW                ;D52       ;10-BR001                                          ;WS        ;CS                  ;;4/3/26;14/3/26;10
33200;SHAW                ;D185      ;20-BR002                                          ;WS        ;CS                  ;;8/2/26;10/2/26;10
33201;SHAW                ;D176      ;30-BR002                                          ;WS        ;CS                  ;;5/3/26;          ;10
33203;SHAW                ;D52       ;20-BR002                                          ;WS        ;CS                  ;;18/2/26;25/2/26;10
33204;SHAW                ;D19       ;10-BR001                                          ;WS        ;CS                  ;;2/4/26;          ;10
33209;SHAW                ;D176      ;11-BR004                                          ;WS        ;CS                  ;;9/2/26;10/2/26;10
33212;SHAW                ;D52       ;10-BR002                                          ;WS        ;CS                  ;;5/3/26;          ;10
33213;SHAW                ;D190      ;10-BR001                                          ;WS        ;CS                  ;;31/3/26;          ;10
33214;SHAW                ;D185      ;31-BR005                                          ;WS        ;CS                  ;;26/3/26;          ;10
33215;SHAW                ;D185      ;31-BR005                                          ;WS        ;CS                  ;;29/3/26;          ;0
33218;SHAW                ;D189      ;20-BR002                                          ;WS        ;CS                  ;;8/2/26;10/2/26;10
33219;SHAW                ;D190      ;10-BR001                                          ;WS        ;CS                  ;;31/3/26;          ;10
33220;SHAW                ;B37       ;30-BR002                                          ;WS        ;CS                  ;;4/3/26;9/3/26;10
33221;SHAW                ;D193      ;20-BR002                                          ;WS        ;CS                  ;;8/2/26;10/2/26;10
33224;SHAW                ;D19       ;10-BR001                                          ;WS        ;CS                  ;;2/4/26;          ;0
33225;SHAW                ;D176      ;11-BR004                                          ;WS        ;CS                  ;;24/2/26;          ;0
33228;SHAW                ;D107      ;10-BR002                                          ;WS        ;CS                  ;;5/4/26;          ;0
33229;SHAW                ;D184      ;10-BR002                                          ;WS        ;CS                  ;;2/4/26;          ;10
33231;SHAW                ;D52       ;14-BR001                                          ;WS        ;CS                  ;;20/4/26;          ;
33232;SHAW                ;D196      ;10-BR001                                          ;WS        ;CS                  ;;26/2/26;          ;10
33233;SHAW                ;B14       ;20-BR002                                          ;WS        ;CS                  ;;9/2/26;10/2/26;10
33236;SHAW                ;D52       ;31-BR004                                          ;WS        ;CS                  ;;12/4/26;          ;10
33237;SHAW                ;D52       ;11-BR005                                          ;WS        ;CS                  ;;16/2/26;          ;10
33238;SHAW                ;D52       ;10-BR002                                          ;WS        ;CS                  ;;5/3/26;          ;10
33239;SHAW                ;D193      ;20-BR002                                          ;WS        ;CS                  ;;8/2/26;10/2/26;10
33241;SHAW                ;D107      ;10-BR001                                          ;WS        ;CS                  ;;26/2/26;          ;10
33242;SHAW                ;D196      ;10-BR002                                          ;WS        ;CS                  ;;6/4/26;          ;10
33246;SHAW                ;B37       ;31-BR004                                          ;WS        ;CS                  ;;26/3/26;          ;10
33248;SHAW                ;F18       ;20-BR002                                          ;WS        ;CS                  ;;19/2/26;          ;10
33249;SHAW                ;D52       ;14-BR001                                          ;WS        ;CS                  ;;20/4/26;          ;
33252;SHAW                ;D52       ;11-BR005                                          ;WS        ;CS                  ;;16/2/26;          ;10
33253;SHAW                ;D185      ;31-BR005                                          ;WS        ;CS                  ;;26/3/26;1/4/26;10
33254;SHAW                ;D185      ;10-BR002                                          ;WS        ;CS                  ;;2/4/26;          ;10
33255;SHAW                ;F20       ;30-BR002                                          ;WS        ;CS                  ;;26/2/26;          ;10
33259;SHAW                ;B30       ;10-BR002                                          ;WS        ;CS                  ;;5/3/26;          ;0
33261;SHAW                ;B14       ;20-BR002                                          ;WS        ;CS                  ;;9/2/26;10/2/26;10
33262;SHAW                ;D52       ;20-BR002                                          ;WS        ;CS                  ;;18/2/26;          ;10
33269;SHAW                ;D52       ;14-BR001                                          ;WS        ;CS                  ;;20/4/26;          ;
33274;SHAW                ;D29       ;30-BR002                                          ;WS        ;CS                  ;;26/2/26;          ;10
33275;SHAW                ;D179      ;30-BR002                                          ;WS        ;CS                  ;;26/2/26;          ;10
33276;SHAW                ;D196      ;10-BR001                                          ;WS        ;CS                  ;;26/2/26;9/3/26;10
33278;SHAW                ;B37       ;31-BR004                                          ;WS        ;CS                  ;;26/3/26;          ;0
33279;SHAW                ;B37       ;31-BR004                                          ;WS        ;CS                  ;;26/3/26;          ;0
33280;SHAW                ;D176      ;11-BR004                                          ;WS        ;CS                  ;;24/2/26;          ;0
33282;SHAW                ;D185      ;10-BR002                                          ;WS        ;CS                  ;;2/4/26;          ;10
33284;SHAW                ;D184      ;10-BR002                                          ;WS        ;CS                  ;;5/4/26;          ;10
33285;SHAW                ;D52       ;11-BR005                                          ;WS        ;CS                  ;;16/2/26;          ;0
33286;SHAW                ;D52       ;11-BR005                                          ;WS        ;CS                  ;;16/2/26;          ;10
33287;SHAW                ;F18       ;20-BR002                                          ;WS        ;CS                  ;;19/2/26;          ;10
33288;SHAW                ;D52       ;20-BR002                                          ;WS        ;CS                  ;;18/2/26;          ;10
33289;SHAW                ;D52       ;11-BR005                                          ;WS        ;CS                  ;;16/2/26;20/2/26;10
33292;SHAW                ;D176      ;11-BR004                                          ;WS        ;CS                  ;;11/2/26;          ;10
33299;SHAW                ;D29       ;30-BR002                                          ;WS        ;CS                  ;;26/2/26;          ;10
33301;SHAW                ;D52       ;31-BR004                                          ;WS        ;CS                  ;;25/3/26;          ;10
33304;SHAW                ;D107      ;11-BR004                                          ;WS        ;CS                  ;;24/2/26;          ;0
33305;SHAW                ;D185      ;20-BR002                                          ;WS        ;CS                  ;;8/2/26;10/2/26;10
33315;SHAW                ;D196      ;10-BR001                                          ;WS        ;CS                  ;;26/2/26;          ;10
33316;SHAW                ;D190      ;10-BR001                                          ;WS        ;CS                  ;;31/3/26;          ;10
33317;SHAW                ;F18       ;20-BR002                                          ;WS        ;CS                  ;;19/2/26;24/2/26;10
33319;SHAW                ;D52       ;10-BR002                                          ;WS        ;CS                  ;;5/3/26;          ;10
33320;SHAW                ;D185      ;31-BR005                                          ;WS        ;CS                  ;;26/3/26;          ;10
33322;SHAW                ;D19       ;30-BR002                                          ;WS        ;CS                  ;;26/2/26;          ;10
33323;SHAW                ;B37       ;11-BR004                                          ;WS        ;CS                  ;;22/2/26;25/2/26;10
33332;SHAW                ;D52       ;31-BR004                                          ;WS        ;CS                  ;;25/3/26;          ;10
33336;SHAW                ;D179      ;11-BR004                                          ;WS        ;CS                  ;;9/2/26;10/2/26;10
33342;SHAW                ;D176      ;30-BR002                                          ;WS        ;CS                  ;;4/3/26;          ;10
33347;SHAW                ;D176      ;30-BR002                                          ;WS        ;CS                  ;;5/3/26;          ;10
33353;SHAW                ;B37       ;30-BR002                                          ;WS        ;CS                  ;;4/3/26;          ;0
33354;SHAW                ;D196      ;10-BR002                                          ;WS        ;CS                  ;;6/4/26;          ;10
33356;SHAW                ;D62       ;10-BR002                                          ;WS        ;CS                  ;;7/4/26;          ;0
33358;SHAW                ;B37       ;30-BR002                                          ;WS        ;CS                  ;;4/3/26;          ;10
33361;SHAW                ;D185      ;31-BR005                                          ;WS        ;CS                  ;;26/3/26;          ;10
33369;SHAW                ;D179      ;11-BR004                                          ;WS        ;CS                  ;;9/2/26;10/2/26;10
33374;SHAW                ;D107      ;11-BR004                                          ;WS        ;CS                  ;;22/2/26;9/3/26;10
33377;SHAW                ;D107      ;11-BR004                                          ;WS        ;CS                  ;;22/2/26;          ;0
33379;SHAW                ;D52       ;30-BR002                                          ;WS        ;CS                  ;;4/3/26;          ;10
33381;SHAW                ;D52       ;10-BR001                                          ;WS        ;CS                  ;;5/3/26;          ;10
33384;SHAW                ;D176      ;30-BR002                                          ;WS        ;CS                  ;;4/3/26;          ;10
33388;SHAW                ;D184      ;10-BR002                                          ;WS        ;CS                  ;;5/3/26;          ;10
33394;SHAW                ;D184      ;10-BR002                                          ;WS        ;CS                  ;;2/4/26;          ;10
33404;SHAW                ;D196      ;10-BR001                                          ;WS        ;CS                  ;;26/2/26;          ;10
33408;SHAW                ;D107      ;10-BR001                                          ;WS        ;CS                  ;;26/2/26;          ;10
33409;SHAW                ;D19       ;10-BR001                                          ;WS        ;CS                  ;;2/4/26;          ;10
33413;SHAW                ;D196      ;10-BR001                                          ;WS        ;CS                  ;;26/2/26;          ;0
33420;SHAW                ;B30       ;10-BR001                                          ;WS        ;CS                  ;;2/4/26;          ;10
33421;SHAW                ;D196      ;31-BR004                                          ;WS        ;CS                  ;;26/3/26;          ;10
33428;SHAW                ;B30       ;10-BR002                                          ;WS        ;CS                  ;;5/3/26;          ;10
33429;SHAW                ;D52       ;11-BR005                                          ;WS        ;CS                  ;;16/2/26;          ;0
33437;SHAW                ;D107      ;10-BR002                                          ;WS        ;CS                  ;;5/3/26;          ;10
33440;SHAW                ;D179      ;10-BR001                                          ;WS        ;CS                  ;;26/2/26;9/3/26;10
33444;SHAW                ;D107      ;20-BR002                                          ;WS        ;CS                  ;;14/2/26;          ;10
33447;SHAW                ;D196      ;10-BR002                                          ;WS        ;CS                  ;;6/4/26;          ;10
33453;SHAW                ;D52       ;31-BR004                                          ;WS        ;CS                  ;;25/3/26;          ;10
33458;SHAW                ;D176      ;11-BR004                                          ;WS        ;CS                  ;;9/2/26;10/2/26;10
33460;SHAW                ;D179      ;30-BR002                                          ;WS        ;CS                  ;;4/3/26;          ;10
33461;SHAW                ;D184      ;10-BR001                                          ;WS        ;CS                  ;;4/3/26;          ;10
33464;SHAW                ;D107      ;10-BR001                                          ;WS        ;CS                  ;;26/2/26;          ;10
33467;SHAW                ;D52       ;20-BR002                                          ;WS        ;CS                  ;;18/2/26;          ;10
33473;SHAW                ;B30       ;10-BR001                                          ;WS        ;CS                  ;;2/4/26;          ;10
33478;SHAW                ;D193      ;20-BR002                                          ;WS        ;CS                  ;;8/2/26;10/2/26;10
33479;SHAW                ;B14       ;20-BR002                                          ;WS        ;CS                  ;;9/2/26;10/2/26;10
33484;SHAW                ;D185      ;31-BR005                                          ;WS        ;CS                  ;;26/3/26;          ;0
33529;SHAW                ;D52       ;20-BR002                                          ;WS        ;CS                  ;;18/2/26;          ;10
33536;SHAW                ;D196      ;20-BR002                                          ;WS        ;CS                  ;;18/2/26;25/2/26;10
33537;SHAW                ;D196      ;20-BR002                                          ;WS        ;CS                  ;;18/2/26;          ;10
33550;SHAW                ;D196      ;20-BR002                                          ;WS        ;CS                  ;;18/2/26;          ;10
33560;SHAW                ;D185      ;21-BR001                                          ;WS        ;CS                  ;;15/4/26;          ;0
33578;SHAW                ;D179      ;20-BR002                                          ;WS        ;CS                  ;;22/2/26;          ;10
33580;SHAW                ;D52       ;20-BR002                                          ;WS        ;CS                  ;;18/2/26;          ;10
33581;SHAW                ;D196      ;21-BR001                                          ;WS        ;CS                  ;;31/3/26;          ;10
33599;SHAW                ;D196      ;20-BR002                                          ;WS        ;CS                  ;;18/2/26;          ;10
33601;SHAW                ;D52       ;20-BR002                                          ;WS        ;CS                  ;;18/2/26;          ;10
33603;SHAW                ;D179      ;20-BR002                                          ;WS        ;CS                  ;;18/2/26;          ;10
33604;SHAW                ;D179      ;20-BR002                                          ;WS        ;CS                  ;;18/2/26;          ;10
33605;SHAW                ;D179      ;20-BR002                                          ;WS        ;CS                  ;;18/2/26;          ;10
33608;SHAW                ;D196      ;20-BR002                                          ;WS        ;CS                  ;;18/2/26;          ;10
33613;SHAW                ;D179      ;20-BR002                                          ;WS        ;CS                  ;;19/2/26;9/3/26;10
33616;SHAW                ;D52       ;20-BR002                                          ;WS        ;CS                  ;;18/2/26;          ;10
33620;SHAW                ;D179      ;20-BR002                                          ;WS        ;CS                  ;;18/2/26;          ;10
33622;SHAW                ;D185      ;20-BR002                                          ;WS        ;CS                  ;;22/2/26;25/2/26;10
33625;SHAW                ;D196      ;21-BR001                                          ;WS        ;CS                  ;;2/4/26;          ;0
33628;SHAW                ;D185      ;20-BR002                                          ;WS        ;CS                  ;;22/2/26;          ;10
33633;SHAW                ;D185      ;21-BR001                                          ;WS        ;CS                  ;;15/4/26;          ;0
33637;SHAW                ;D196      ;21-BR001                                          ;WS        ;CS                  ;;2/4/26;          ;0
33649;SHAW                ;B37       ;14-BR001                                          ;WS        ;CS                  ;;26/3/26;          ;10
33661;SHAW                ;D196      ;20-BR004                                          ;WS        ;CS                  ;;5/3/26;          ;0
33663;SHAW                ;D52       ;15-BR001                                          ;WS        ;CS                  ;;26/3/26;          ;0
33668;SHAW                ;D52       ;15-BR001                                          ;WS        ;CS                  ;;26/3/26;          ;10
33670;SHAW                ;D196      ;10-BR001                                          ;WS        ;CS                  ;;2/4/26;          ;10
33680;SHAW                ;D185      ;14-BR001                                          ;WS        ;CS                  ;;18/3/26;          ;0
33687;SHAW                ;D185      ;15-BR001                                          ;WS        ;CS                  ;;18/3/26;          ;0
33688;SHAW                ;D196      ;10-BR001                                          ;WS        ;CS                  ;;2/4/26;          ;10
33690;SHAW                ;D185      ;15-BR001                                          ;WS        ;CS                  ;;18/3/26;          ;0
33697;SHAW                ;D196      ;10-BR001                                          ;WS        ;CS                  ;;2/4/26;          ;10
33706;SHAW                ;D185      ;15-BR001                                          ;WS        ;CS                  ;;18/3/26;          ;0
33707;SHAW                ;B37       ;14-BR001                                          ;WS        ;CS                  ;;29/3/26;          ;0
33716;SHAW                ;D185      ;14-BR001                                          ;WS        ;CS                  ;;18/3/26;          ;0
33746;SHAW                ;F18       ;31-BR002                                          ;WS        ;CS                  ;;12/3/26;          ;0
33747;SHAW                ;D185      ;14-BR101                                          ;WS        ;CS                  ;;16/3/26;          ;0
33752;SHAW                ;D190      ;33-BR002                                          ;WS        ;CS                  ;;19/4/26;          ;
33758;SHAW                ;D184      ;21-BR102                                          ;WS        ;CS                  ;;16/3/26;          ;0
33759;SHAW                ;F18       ;31-BR002                                          ;WS        ;CS                  ;;12/3/26;          ;0
33761;SHAW                ;B14       ;21-BR002                                          ;WS        ;CS                  ;;17/3/26;          ;0
33762;SHAW                ;D52       ;32-BR002                                          ;WS        ;CS                  ;;15/3/26;          ;0
33768;SHAW                ;D179      ;14-BR002                                          ;WS        ;CS                  ;;23/2/26;          ;0
33769;SHAW                ;D62       ;31-BR002                                          ;WS        ;CS                  ;;19/3/26;          ;0
33770;SHAW                ;D52       ;33-BR002                                          ;WS        ;CS                  ;;19/4/26;          ;
33781;SHAW                ;D190      ;33-BR002                                          ;WS        ;CS                  ;;19/4/26;          ;
33786;SHAW                ;B37       ;32-BR101                                          ;WS        ;CS                  ;;25/3/26;          ;0
33787;SHAW                ;D52       ;33-BR002                                          ;WS        ;CS                  ;;19/4/26;          ;
33788;SHAW                ;D190      ;33-BR002                                          ;WS        ;CS                  ;;19/4/26;          ;
33790;SHAW                ;D179      ;21-BR002                                          ;WS        ;CS                  ;;17/3/26;          ;0
33792;SHAW                ;D190      ;33-BR002                                          ;WS        ;CS                  ;;19/4/26;          ;
33793;SHAW                ;B14       ;21-BR002                                          ;WS        ;CS                  ;;17/3/26;          ;0
33794;SHAW                ;D193      ;13-BR101                                          ;WS        ;CS                  ;;17/3/26;          ;0
33795;SHAW                ;D185      ;32-BR002                                          ;WS        ;CS                  ;;19/3/26;          ;0
33797;SHAW                ;F18       ;31-BR002                                          ;WS        ;CS                  ;;12/3/26;          ;0
33799;SHAW                ;D62       ;31-BR002                                          ;WS        ;CS                  ;;19/3/26;          ;0
33800;SHAW                ;D62       ;31-BR002                                          ;WS        ;CS                  ;;25/3/26;          ;0
33802;SHAW                ;B30       ;32-BR002                                          ;WS        ;CS                  ;;19/3/26;          ;0
33804;SHAW                ;D179      ;21-BR002                                          ;WS        ;CS                  ;;17/3/26;          ;0
33805;SHAW                ;D179      ;21-BR002                                          ;WS        ;CS                  ;;17/3/26;          ;0
33806;SHAW                ;D52       ;32-BR002                                          ;WS        ;CS                  ;;12/3/26;          ;0
33807;SHAW                ;D185      ;32-BR002                                          ;WS        ;CS                  ;;19/3/26;          ;0
33808;SHAW                ;F18       ;31-BR002                                          ;WS        ;CS                  ;;12/3/26;          ;0
33811;SHAW                ;D179      ;21-BR002                                          ;WS        ;CS                  ;;17/3/26;          ;0
33814;SHAW                ;D190      ;33-BR002                                          ;WS        ;CS                  ;;19/4/26;          ;
33817;SHAW                ;D62       ;31-BR002                                          ;WS        ;CS                  ;;19/3/26;          ;0
33818;SHAW                ;D179      ;21-BR002                                          ;WS        ;CS                  ;;17/3/26;          ;0
33819;SHAW                ;B30       ;32-BR002                                          ;WS        ;CS                  ;;19/3/26;          ;0
33821;SHAW                ;D179      ;15-BR101                                          ;WS        ;CS                  ;;17/3/26;          ;0
33823;SHAW                ;D52       ;32-BR002                                          ;WS        ;CS                  ;;15/3/26;          ;0
33824;SHAW                ;D185      ;32-BR002                                          ;WS        ;CS                  ;;19/3/26;          ;0
33826;SHAW                ;D52       ;32-BR002                                          ;WS        ;CS                  ;;12/3/26;          ;0
33833;SHAW                ;D52       ;32-BR002                                          ;WS        ;CS                  ;;15/3/26;          ;0
33835;SHAW                ;B14       ;21-BR002                                          ;WS        ;CS                  ;;17/3/26;          ;0
33836;SHAW                ;D179      ;14-BR002                                          ;WS        ;CS                  ;;23/2/26;          ;0
33837;SHAW                ;B30       ;32-BR002                                          ;WS        ;CS                  ;;19/3/26;          ;0
33838;SHAW                ;F18       ;31-BR002                                          ;WS        ;CS                  ;;12/3/26;          ;0
33839;SHAW                ;D196      ;20-BR004                                          ;WS        ;CS                  ;;5/3/26;          ;0
33841;SHAW                ;D179      ;14-BR002                                          ;WS        ;CS                  ;;23/2/26;          ;0
33843;SHAW                ;D52       ;33-BR002                                          ;WS        ;CS                  ;;19/4/26;          ;
33845;SHAW                ;B14       ;21-BR002                                          ;WS        ;CS                  ;;17/3/26;          ;0
33846;SHAW                ;D62       ;31-BR002                                          ;WS        ;CS                  ;;19/3/26;          ;0
33848;SHAW                ;D52       ;32-BR002                                          ;WS        ;CS                  ;;15/3/26;          ;0
33849;SHAW                ;D52       ;32-BR002                                          ;WS        ;CS                  ;;12/3/26;          ;0
33850;SHAW                ;D52       ;32-BR002                                          ;WS        ;CS                  ;;15/3/26;          ;0
33851;SHAW                ;D190      ;31-BR101                                          ;WS        ;CS                  ;;26/3/26;          ;0
33855;SHAW                ;F18       ;31-BR002                                          ;WS        ;CS                  ;;12/3/26;          ;0
33857;SHAW                ;F18       ;31-BR002                                          ;WS        ;CS                  ;;12/3/26;          ;0
33859;SHAW                ;D185      ;32-BR002                                          ;WS        ;CS                  ;;19/3/26;          ;0
33861;SHAW                ;D179      ;21-BR002                                          ;WS        ;CS                  ;;17/3/26;          ;0
33864;SHAW                ;D62       ;31-BR002                                          ;WS        ;CS                  ;;19/3/26;          ;0
33865;SHAW                ;D179      ;21-BR002                                          ;WS        ;CS                  ;;17/3/26;          ;0
33867;SHAW                ;D62       ;31-BR002                                          ;WS        ;CS                  ;;19/3/26;          ;0
33868;SHAW                ;D179      ;21-BR002                                          ;WS        ;CS                  ;;17/3/26;          ;0
33871;SHAW                ;D176      ;21-BR102                                          ;WS        ;CS                  ;;17/3/26;          ;0
33876;SHAW                ;D62       ;31-BR002                                          ;WS        ;CS                  ;;19/3/26;          ;0
33877;SHAW                ;D190      ;33-BR002                                          ;WS        ;CS                  ;;16/4/26;          ;
33894;SHAW                ;D52       ;12-BR002                                          ;WS        ;CS                  ;;29/3/26;          ;0
33899;SHAW                ;D107      ;32-BR003                                          ;WS        ;CS                  ;;29/3/26;          ;0
33900;SHAW                ;D107      ;11-BR002                                          ;WS        ;CS                  ;;15/3/26;          ;0
33901;SHAW                ;D107      ;32-BR003                                          ;WS        ;CS                  ;;29/3/26;          ;0
33908;SHAW                ;D190      ;13-BR002                                          ;WS        ;CS                  ;;17/3/26;          ;0
33909;SHAW                ;D107      ;11-BR002                                          ;WS        ;CS                  ;;15/3/26;          ;0
33910;SHAW                ;D52       ;12-BR002                                          ;WS        ;CS                  ;;29/3/26;          ;0
33913;SHAW                ;D107      ;32-BR003                                          ;WS        ;CS                  ;;29/3/26;          ;0
33914;SHAW                ;B37       ;32-BR003                                          ;WS        ;CS                  ;;15/3/26;          ;0
33916;SHAW                ;D179      ;11-BR002                                          ;WS        ;CS                  ;;26/3/26;          ;0
33917;SHAW                ;D179      ;11-BR002                                          ;WS        ;CS                  ;;26/3/26;          ;0
33922;SHAW                ;D52       ;12-BR002                                          ;WS        ;CS                  ;;29/3/26;          ;0
33923;SHAW                ;D184      ;32-BR001                                          ;WS        ;CS                  ;;16/4/26;          ;0
33924;SHAW                ;D52       ;12-BR002                                          ;WS        ;CS                  ;;29/3/26;          ;0
33928;SHAW                ;D190      ;12-BR003                                          ;WS        ;CS                  ;;19/4/26;          ;0
33929;SHAW                ;D190      ;13-BR002                                          ;WS        ;CS                  ;;17/3/26;          ;0
33930;SHAW                ;D190      ;13-BR002                                          ;WS        ;CS                  ;;17/3/26;          ;0
33932;SHAW                ;D179      ;11-BR002                                          ;WS        ;CS                  ;;26/3/26;          ;0
33937;SHAW                ;D107      ;12-BR101                                          ;WS        ;CS                  ;;26/3/26;          ;0
33939;SHAW                ;D52       ;31-BR001                                          ;WS        ;CS                  ;;26/3/26;          ;0
33940;SHAW                ;D190      ;32-BR003                                          ;WS        ;CS                  ;;19/4/26;          ;0
33943;SHAW                ;D179      ;11-BR002                                          ;WS        ;CS                  ;;26/3/26;          ;0
33945;SHAW                ;D62       ;12-BR003                                          ;WS        ;CS                  ;;26/3/26;          ;0
33949;SHAW                ;D184      ;31-BR001                                          ;WS        ;CS                  ;;19/4/26;          ;0
33951;SHAW                ;D184      ;31-BR001                                          ;WS        ;CS                  ;;19/4/26;          ;0
33955;SHAW                ;D179      ;32-BR001                                          ;WS        ;CS                  ;;26/3/26;1/4/26;10
33956;SHAW                ;D179      ;12-BR003                                          ;WS        ;CS                  ;;15/3/26;          ;0
33960;SHAW                ;D190      ;13-BR002                                          ;WS        ;CS                  ;;17/3/26;          ;0
33963;SHAW                ;D193      ;12-BR002                                          ;WS        ;CS                  ;;15/3/26;          ;0
33970;SHAW                ;B14       ;13-BR003                                          ;WS        ;CS                  ;;23/2/26;          ;0
33972;SHAW                ;B30       ;11-BR002                                          ;WS        ;CS                  ;;15/3/26;          ;0
33974;SHAW                ;D184      ;14-BR101                                          ;WS        ;CS                  ;;20/4/26;          ;
33975;SHAW                ;D62       ;12-BR003                                          ;WS        ;CS                  ;;26/3/26;          ;0
33977;SHAW                ;D196      ;12-BR002                                          ;WS        ;CS                  ;;12/3/26;          ;0
33980;SHAW                ;B37       ;14-BR003                                          ;WS        ;CS                  ;;22/2/26;          ;0
33982;SHAW                ;D62       ;12-BR003                                          ;WS        ;CS                  ;;26/3/26;          ;0
33988;SHAW                ;D190      ;13-BR002                                          ;WS        ;CS                  ;;17/3/26;          ;0
33990;SHAW                ;D190      ;12-BR003                                          ;WS        ;CS                  ;;19/4/26;          ;0
33991;SHAW                ;D179      ;12-BR003                                          ;WS        ;CS                  ;;15/3/26;          ;0
33992;SHAW                ;D62       ;12-BR003                                          ;WS        ;CS                  ;;26/3/26;          ;0
33995;SHAW                ;D107      ;32-BR003                                          ;WS        ;CS                  ;;29/3/26;          ;0
33997;SHAW                ;D196      ;12-BR002                                          ;WS        ;CS                  ;;12/3/26;          ;0
33998;SHAW                ;D190      ;13-BR002                                          ;WS        ;CS                  ;;17/3/26;          ;0
33999;SHAW                ;D107      ;11-BR002                                          ;WS        ;CS                  ;;15/3/26;          ;0
34003;SHAW                ;D52       ;12-BR002                                          ;WS        ;CS                  ;;29/3/26;          ;0
34005;SHAW                ;D193      ;12-BR002                                          ;WS        ;CS                  ;;15/3/26;          ;0
34007;SHAW                ;D193      ;12-BR002                                          ;WS        ;CS                  ;;15/3/26;          ;0
34010;SHAW                ;D107      ;32-BR003                                          ;WS        ;CS                  ;;29/3/26;          ;0
34013;SHAW                ;B37       ;12-BR003                                          ;WS        ;CS                  ;;12/3/26;          ;0
34016;SHAW                ;B37       ;14-BR003                                          ;WS        ;CS                  ;;22/2/26;          ;0
34017;SHAW                ;D107      ;32-BR003                                          ;WS        ;CS                  ;;29/3/26;          ;0
34021;SHAW                ;B30       ;11-BR002                                          ;WS        ;CS                  ;;15/3/26;          ;0
34022;SHAW                ;D190      ;32-BR003                                          ;WS        ;CS                  ;;19/4/26;          ;0
34023;SHAW                ;D190      ;32-BR003                                          ;WS        ;CS                  ;;19/4/26;          ;0
34025;SHAW                ;D179      ;12-BR003                                          ;WS        ;CS                  ;;15/3/26;          ;0
34026;SHAW                ;D179      ;11-BR002                                          ;WS        ;CS                  ;;26/3/26;          ;0
34028;SHAW                ;D184      ;32-BR001                                          ;WS        ;CS                  ;;16/4/26;          ;0
34029;SHAW                ;D190      ;12-BR003                                          ;WS        ;CS                  ;;19/4/26;          ;0
34035;SHAW                ;D185      ;13-BR002                                          ;WS        ;CS                  ;;12/3/26;          ;0
34039;SHAW                ;B37       ;32-BR003                                          ;WS        ;CS                  ;;15/3/26;          ;0
34043;SHAW                ;D179      ;32-BR001                                          ;WS        ;CS                  ;;26/3/26;          ;0
34044;SHAW                ;D196      ;12-BR002                                          ;WS        ;CS                  ;;12/3/26;          ;0
34051;SHAW                ;D179      ;11-BR002                                          ;WS        ;CS                  ;;26/3/26;          ;0
34052;SHAW                ;B37       ;12-BR003                                          ;WS        ;CS                  ;;12/3/26;          ;0
34053;SHAW                ;D185      ;13-BR002                                          ;WS        ;CS                  ;;12/3/26;          ;0
34056;SHAW                ;D52       ;12-BR002                                          ;WS        ;CS                  ;;29/3/26;          ;0
34060;SHAW                ;D62       ;12-BR003                                          ;WS        ;CS                  ;;26/3/26;          ;0
34061;SHAW                ;D107      ;11-BR002                                          ;WS        ;CS                  ;;15/3/26;          ;0
34062;SHAW                ;D107      ;32-BR003                                          ;WS        ;CS                  ;;29/3/26;          ;0
34064;SHAW                ;D52       ;31-BR001                                          ;WS        ;CS                  ;;26/3/26;          ;10
34066;SHAW                ;D190      ;12-BR003                                          ;WS        ;CS                  ;;19/4/26;          ;0
34067;SHAW                ;D190      ;12-BR003                                          ;WS        ;CS                  ;;19/4/26;          ;0
34069;SHAW                ;B14       ;13-BR003                                          ;WS        ;CS                  ;;23/2/26;          ;0
34075;SHAW                ;D107      ;32-BR003                                          ;WS        ;CS                  ;;29/3/26;          ;0
34077;SHAW                ;B30       ;11-BR002                                          ;WS        ;CS                  ;;15/3/26;          ;0
34079;SHAW                ;D52       ;12-BR002                                          ;WS        ;CS                  ;;29/3/26;          ;0
34082;SHAW                ;B37       ;32-BR003                                          ;WS        ;CS                  ;;15/3/26;          ;0
34084;SHAW                ;D190      ;32-BR003                                          ;WS        ;CS                  ;;19/4/26;          ;0
34086;SHAW                ;D107      ;32-BR003                                          ;WS        ;CS                  ;;29/3/26;          ;0
34093;SHAW                ;D190      ;32-BR003                                          ;WS        ;CS                  ;;19/4/26;          ;0
34097;SHAW                ;D179      ;11-BR002                                          ;WS        ;CS                  ;;26/3/26;          ;0
34099;SHAW                ;D62       ;12-BR003                                          ;WS        ;CS                  ;;26/3/26;          ;0
34101;SHAW                ;D179      ;11-BR101                                          ;WS        ;CS                  ;;29/3/26;          ;0
34103;SHAW                ;D52       ;12-BR002                                          ;WS        ;CS                  ;;29/3/26;          ;0
34110;SHAW                ;D190      ;32-BR003                                          ;WS        ;CS                  ;;19/4/26;          ;0
34113;SHAW                ;D107      ;11-BR002                                          ;WS        ;CS                  ;;15/3/26;          ;0
34114;SHAW                ;D107      ;32-BR003                                          ;WS        ;CS                  ;;29/3/26;          ;0
34122;SHAW                ;B37       ;12-BR003                                          ;WS        ;CS                  ;;12/3/26;          ;0
34126;SHAW                ;B37       ;32-BR003                                          ;WS        ;CS                  ;;15/3/26;          ;0
34127;SHAW                ;D62       ;12-BR003                                          ;WS        ;CS                  ;;26/3/26;          ;0
34130;SHAW                ;D179      ;32-BR001                                          ;WS        ;CS                  ;;26/3/26;          ;0
34131;SHAW                ;D193      ;12-BR002                                          ;WS        ;CS                  ;;15/3/26;          ;0
34132;SHAW                ;D52       ;31-BR001                                          ;WS        ;CS                  ;;26/3/26;          ;0
34134;SHAW                ;D179      ;12-BR003                                          ;WS        ;CS                  ;;15/3/26;          ;0
34146;SHAW                ;D52       ;14-BR003                                          ;WS        ;CS                  ;;19/4/26;          ;
34147;SHAW                ;D107      ;10-BR001                                          ;WS        ;CS                  ;;30/3/26;          ;10
34152;SHAW                ;B37       ;10-BR001                                          ;WS        ;CS                  ;;1/4/26;          ;10
34154;SHAW                ;B30       ;10-BR001                                          ;WS        ;CS                  ;;2/4/26;          ;10
34156;SHAW                ;D190      ;11-BR003                                          ;WS        ;CS                  ;;29/3/26;          ;0
34161;SHAW                ;D52       ;14-BR003                                          ;WS        ;CS                  ;;19/4/26;          ;
34182;SHAW                ;D185      ;10-BR001                                          ;WS        ;CS                  ;;30/3/26;          ;10
34184;SHAW                ;D185      ;10-BR001                                          ;WS        ;CS                  ;;31/3/26;          ;10
34185;SHAW                ;D190      ;11-BR003                                          ;WS        ;CS                  ;;26/3/26;          ;0
34186;SHAW                ;D19       ;10-BR001                                          ;WS        ;CS                  ;;2/4/26;          ;10
34187;SHAW                ;D185      ;10-BR001                                          ;WS        ;CS                  ;;30/3/26;          ;10
34188;SHAW                ;D190      ;11-BR003                                          ;WS        ;CS                  ;;26/3/26;          ;0
34192;SHAW                ;D52       ;14-BR003                                          ;WS        ;CS                  ;;19/4/26;          ;
34196;SHAW                ;D190      ;11-BR003                                          ;WS        ;CS                  ;;26/3/26;          ;0
34201;SHAW                ;B37       ;10-BR001                                          ;WS        ;CS                  ;;2/4/26;          ;10
34202;SHAW                ;D52       ;14-BR003                                          ;WS        ;CS                  ;;19/4/26;          ;
34204;SHAW                ;D185      ;10-BR001                                          ;WS        ;CS                  ;;31/3/26;          ;10
34206;SHAW                ;B37       ;10-BR001                                          ;WS        ;CS                  ;;2/4/26;          ;10
34207;SHAW                ;D193      ;11-BR003                                          ;WS        ;CS                  ;;15/3/26;          ;0
34213;SHAW                ;D190      ;11-BR003                                          ;WS        ;CS                  ;;29/3/26;          ;0
34214;SHAW                ;D190      ;11-BR003                                          ;WS        ;CS                  ;;29/3/26;          ;0
34218;SHAW                ;D193      ;11-BR003                                          ;WS        ;CS                  ;;15/3/26;          ;0
34223;SHAW                ;D19       ;10-BR001                                          ;WS        ;CS                  ;;5/4/26;          ;10
34225;SHAW                ;D190      ;11-BR003                                          ;WS        ;CS                  ;;26/3/26;          ;0
34227;SHAW                ;D52       ;14-BR003                                          ;WS        ;CS                  ;;19/4/26;          ;
34228;SHAW                ;D107      ;10-BR001                                          ;WS        ;CS                  ;;30/3/26;6/4/26;10
34229;SHAW                ;D52       ;14-BR003                                          ;WS        ;CS                  ;;19/4/26;          ;
34230;SHAW                ;D52       ;14-BR003                                          ;WS        ;CS                  ;;19/4/26;          ;
34232;SHAW                ;D107      ;10-BR001                                          ;WS        ;CS                  ;;30/3/26;          ;10
34240;SHAW                ;B37       ;10-BR001                                          ;WS        ;CS                  ;;1/4/26;          ;10
34242;SHAW                ;D193      ;11-BR003                                          ;WS        ;CS                  ;;15/3/26;          ;0
34250;SHAW                ;B30       ;10-BR001                                          ;WS        ;CS                  ;;2/4/26;          ;10
34254;SHAW                ;D190      ;11-BR003                                          ;WS        ;CS                  ;;26/3/26;          ;0
34256;SHAW                ;D190      ;11-BR003                                          ;WS        ;CS                  ;;29/3/26;          ;0
34257;SHAW                ;D107      ;10-BR001                                          ;WS        ;CS                  ;;29/3/26;          ;10
34258;SHAW                ;D52       ;14-BR003                                          ;WS        ;CS                  ;;19/4/26;          ;
34261;SHAW                ;D190      ;11-BR003                                          ;WS        ;CS                  ;;29/3/26;          ;0
34262;SHAW                ;D193      ;11-BR003                                          ;WS        ;CS                  ;;15/3/26;          ;0
34303;SHAW                ;D184      ;13-BR001                                          ;WS        ;CS                  ;;18/3/26;          ;0
34305;SHAW                ;D184      ;13-BR001                                          ;WS        ;CS                  ;;18/3/26;1/4/26;10
34307;SHAW                ;D52       ;13-BR001                                          ;WS        ;CS                  ;;18/3/26;          ;0
34308;SHAW                ;D52       ;13-BR001                                          ;WS        ;CS                  ;;18/3/26;          ;0
34310;SHAW                ;D52       ;13-BR003                                          ;WS        ;CS                  ;;17/3/26;          ;0
34311;SHAW                ;D52       ;13-BR003                                          ;WS        ;CS                  ;;17/3/26;          ;0
34313;SHAW                ;D176      ;13-BR003                                          ;WS        ;CS                  ;;9/4/26;          ;0
34315;SHAW                ;D52       ;13-BR003                                          ;WS        ;CS                  ;;17/3/26;          ;0
34317;SHAW                ;D184      ;13-BR003                                          ;WS        ;CS                  ;;17/3/26;          ;0
34318;SHAW                ;D184      ;13-BR003                                          ;WS        ;CS                  ;;17/3/26;          ;0
34319;SHAW                ;D184      ;13-BR003                                          ;WS        ;CS                  ;;17/3/26;          ;0
34320;SHAW                ;D184      ;13-BR003                                          ;WS        ;CS                  ;;17/3/26;          ;0
34321;SHAW                ;D184      ;13-BR003                                          ;WS        ;CS                  ;;17/3/26;          ;0
34322;SHAW                ;D184      ;13-BR003                                          ;WS        ;CS                  ;;17/3/26;          ;0
34323;SHAW                ;D184      ;13-BR003                                          ;WS        ;CS                  ;;17/3/26;          ;0
34324;SHAW                ;D184      ;13-BR003                                          ;WS        ;CS                  ;;17/3/26;          ;0
34445;SHAW                ;B37       ;12-BR001                                          ;WS        ;CS                  ;;18/3/26;          ;0
34447;SHAW                ;B37       ;12-BR001                                          ;WS        ;CS                  ;;18/3/26;          ;10
34449;SHAW                ;D184      ;12-BR001                                          ;WS        ;CS                  ;;17/3/26;          ;0
34450;SHAW                ;D184      ;12-BR001                                          ;WS        ;CS                  ;;17/3/26;          ;0
34452;SHAW                ;B37       ;13-BR001                                          ;WS        ;CS                  ;;18/3/26;          ;0
34454;SHAW                ;B37       ;13-BR001                                          ;WS        ;CS                  ;;18/3/26;          ;10
34456;SHAW                ;D176      ;13-BR001                                          ;WS        ;CS                  ;;17/3/26;          ;0
34457;SHAW                ;D176      ;13-BR001                                          ;WS        ;CS                  ;;17/3/26;          ;0
34465;SHAW                ;D52       ;11-BR003                                          ;WS        ;CS                  ;;31/3/26;          ;0
34466;SHAW                ;D52       ;11-BR003                                          ;WS        ;CS                  ;;31/3/26;          ;0
34467;SHAW                ;D52       ;11-BR003                                          ;WS        ;CS                  ;;31/3/26;          ;0
34469;SHAW                ;D190      ;11-BR003                                          ;WS        ;CS                  ;;16/4/26;          ;0
34470;SHAW                ;D190      ;11-BR003                                          ;WS        ;CS                  ;;16/4/26;          ;0
34471;SHAW                ;D190      ;11-BR003                                          ;WS        ;CS                  ;;16/4/26;          ;0
34472;SHAW                ;D190      ;11-BR003                                          ;WS        ;CS                  ;;16/4/26;          ;0
34473;SHAW                ;D190      ;11-BR003                                          ;WS        ;CS                  ;;16/4/26;          ;0
34476;SHAW                ;F18       ;11-BR101                                          ;WS        ;CS                  ;;2/4/26;          ;0
34480;SHAW                ;F12       ;12-BR101                                          ;WS        ;CS                  ;;1/4/26;          ;0
34484;SHAW                ;D176      ;23-BR001                                          ;WS        ;CS                  ;;1/4/26;9/4/26;100
34485;SHAW                ;D176      ;23-BR001                                          ;WS        ;CS                  ;;1/4/26;          ;0
34490;SHAW                ;D176      ;23-BR001                                          ;WS        ;CS                  ;;2/4/26;9/4/26;100
34491;SHAW                ;D176      ;23-BR001                                          ;WS        ;CS                  ;;1/4/26;9/4/26;100
34493;SHAW                ;B30       ;23-BR001                                          ;WS        ;CS                  ;;30/3/26;6/4/26;100
34494;SHAW                ;D190      ;23-BR001                                          ;WS        ;CS                  ;;30/3/26;6/4/26;100
34495;SHAW                ;D190      ;23-BR001                                          ;WS        ;CS                  ;;30/3/26;6/4/26;100
34506;SHAW                ;D179      ;30-BR003                                          ;WS        ;CS                  ;;30/3/26;7/4/26;10
34507;SHAW                ;D179      ;30-BR003                                          ;WS        ;CS                  ;;30/3/26;          ;10
34555;SHAW                ;B30       ;30-BR001                                          ;WS        ;CS                  ;;1/4/26;          ;0
34556;SHAW                ;B30       ;30-BR001                                          ;WS        ;CS                  ;;1/4/26;          ;0
34558;SHAW                ;D190      ;30-BR001                                          ;WS        ;CS                  ;;1/4/26;          ;0
34559;SHAW                ;D190      ;30-BR001                                          ;WS        ;CS                  ;;1/4/26;          ;0
34560;SHAW                ;D190      ;30-BR001                                          ;WS        ;CS                  ;;1/4/26;          ;0
34561;SHAW                ;D190      ;30-BR001                                          ;WS        ;CS                  ;;1/4/26;          ;0
34572;SHAW                ;D176      ;41-BR001                                          ;WS        ;CS                  ;;20/4/26;          ;0
34573;SHAW                ;D176      ;41-BR001                                          ;WS        ;CS                  ;;20/4/26;          ;0
34574;SHAW                ;D176      ;41-BR001                                          ;WS        ;CS                  ;;20/4/26;          ;0
34575;SHAW                ;D176      ;41-BR001                                          ;WS        ;CS                  ;;20/4/26;          ;0
34576;SHAW                ;D176      ;41-BR001                                          ;WS        ;CS                  ;;20/4/26;          ;0
34602;SHAW                ;D52       ;11-BR004                                          ;WS        ;CS                  ;;20/4/26;          ;
34603;SHAW                ;D52       ;11-BR004                                          ;WS        ;CS                  ;;20/4/26;          ;
34607;SHAW                ;D52       ;11-BR004                                          ;WS        ;CS                  ;;20/4/26;          ;
34611;SHAW                ;D52       ;11-BR004                                          ;WS        ;CS                  ;;20/4/26;          ;
34622;SHAW                ;D184      ;11-BR004                                          ;WS        ;CS                  ;;15/4/26;          ;
34624;SHAW                ;D176      ;11-BR004                                          ;WS        ;CS                  ;;16/4/26;          ;
34626;SHAW                ;D176      ;11-BR004                                          ;WS        ;CS                  ;;19/4/26;          ;
34636;SHAW                ;D52       ;11-BR004                                          ;WS        ;CS                  ;;16/4/26;          ;
34637;SHAW                ;D52       ;11-BR004                                          ;WS        ;CS                  ;;16/4/26;          ;
34638;SHAW                ;D52       ;11-BR004                                          ;WS        ;CS                  ;;16/4/26;          ;
34640;SHAW                ;B30       ;11-BR004                                          ;WS        ;CS                  ;;20/4/26;          ;
34643;SHAW                ;D196      ;11-BR005                                          ;WS        ;CS                  ;;16/4/26;          ;
34644;SHAW                ;D196      ;11-BR005                                          ;WS        ;CS                  ;;16/4/26;          ;
34645;SHAW                ;D196      ;11-BR005                                          ;WS        ;CS                  ;;19/4/26;          ;
34646;SHAW                ;D196      ;11-BR005                                          ;WS        ;CS                  ;;19/4/26;          ;
34752;SHAW                ;D179      ;25-BR001                                          ;WS        ;CS                  ;;1/4/26;          ;0
34753;SHAW                ;D179      ;25-BR001                                          ;WS        ;CS                  ;;1/4/26;          ;0
34754;SHAW                ;D179      ;25-BR001                                          ;WS        ;CS                  ;;1/4/26;          ;0
34756;SHAW                ;D190      ;25-BR001                                          ;WS        ;CS                  ;;1/4/26;          ;0
34757;SHAW                ;D190      ;25-BR001                                          ;WS        ;CS                  ;;1/4/26;          ;0
34758;SHAW                ;D190      ;25-BR001                                          ;WS        ;CS                  ;;1/4/26;          ;0
34760;SHAW                ;D107      ;25-BR001                                          ;WS        ;CS                  ;;1/4/26;          ;0
34761;SHAW                ;D107      ;25-BR001                                          ;WS        ;CS                  ;;1/4/26;          ;0
34762;SHAW                ;D107      ;25-BR001                                          ;WS        ;CS                  ;;1/4/26;          ;0
34763;SHAW                ;D107      ;25-BR001                                          ;WS        ;CS                  ;;1/4/26;          ;0
34774;SHAW                ;D107      ;53-BR002                                          ;WS        ;CS                  ;;1/4/26;          ;0
34775;SHAW                ;D107      ;53-BR002                                          ;WS        ;CS                  ;;1/4/26;          ;0
34776;SHAW                ;D107      ;53-BR002                                          ;WS        ;CS                  ;;1/4/26;          ;0
34778;SHAW                ;F12       ;53-BR002                                          ;WS        ;CS                  ;;1/4/26;          ;0
34779;SHAW                ;F12       ;53-BR002                                          ;WS        ;CS                  ;;1/4/26;          ;0
34780;SHAW                ;F12       ;53-BR002                                          ;WS        ;CS                  ;;1/4/26;          ;0
34781;SHAW                ;F12       ;53-BR002                                          ;WS        ;CS                  ;;1/4/26;          ;0
34784;SHAW                ;D190      ;23-BR001                                          ;WS        ;CS                  ;;1/4/26;          ;0
34785;SHAW                ;D190      ;23-BR001                                          ;WS        ;CS                  ;;1/4/26;          ;0
34787;SHAW                ;D179      ;23-BR001                                          ;WS        ;CS                  ;;1/4/26;          ;0
34788;SHAW                ;D179      ;23-BR001                                          ;WS        ;CS                  ;;1/4/26;          ;0
34789;SHAW                ;D179      ;23-BR001                                          ;WS        ;CS                  ;;1/4/26;          ;0
34790;SHAW                ;D179      ;23-BR001                                          ;WS        ;CS                  ;;1/4/26;          ;0
34792;SHAW                ;D179      ;23-BR001                                          ;WS        ;CS                  ;;1/4/26;          ;0
34793;SHAW                ;D179      ;23-BR001                                          ;WS        ;CS                  ;;1/4/26;          ;0
34811;SHAW                ;D185      ;34-BR001                                          ;WS        ;CS                  ;;1/4/26;          ;0
34812;SHAW                ;D185      ;34-BR001                                          ;WS        ;CS                  ;;1/4/26;          ;0
34813;SHAW                ;D185      ;34-BR001                                          ;WS        ;CS                  ;;1/4/26;          ;0
34815;SHAW                ;D179      ;34-BR001                                          ;WS        ;CS                  ;;1/4/26;          ;0
34816;SHAW                ;D179      ;34-BR001                                          ;WS        ;CS                  ;;1/4/26;          ;0
34817;SHAW                ;D179      ;34-BR001                                          ;WS        ;CS                  ;;1/4/26;          ;0
34818;SHAW                ;D179      ;34-BR001                                          ;WS        ;CS                  ;;1/4/26;          ;0
34820;SHAW                ;D190      ;40-BR001                                          ;WS        ;CS                  ;;1/4/26;          ;0
34821;SHAW                ;D190      ;40-BR001                                          ;WS        ;CS                  ;;1/4/26;          ;0
34823;SHAW                ;D185      ;40-BR001                                          ;WS        ;CS                  ;;1/4/26;          ;0
34824;SHAW                ;D185      ;40-BR001                                          ;WS        ;CS                  ;;1/4/26;          ;0
34825;SHAW                ;D185      ;40-BR001                                          ;WS        ;CS                  ;;1/4/26;          ;0
34827;SHAW                ;D185      ;40-BR001                                          ;WS        ;CS                  ;;1/4/26;          ;0
34828;SHAW                ;D185      ;40-BR001                                          ;WS        ;CS                  ;;1/4/26;          ;0
34829;SHAW                ;D185      ;40-BR001                                          ;WS        ;CS                  ;;1/4/26;          ;0
34831;SHAW                ;D185      ;39-BR001                                          ;WS        ;CS                  ;;1/4/26;          ;0
34832;SHAW                ;D185      ;39-BR001                                          ;WS        ;CS                  ;;1/4/26;          ;0
34833;SHAW                ;D185      ;39-BR001                                          ;WS        ;CS                  ;;1/4/26;          ;0
34835;SHAW                ;D52       ;39-BR001                                          ;WS        ;CS                  ;;2/4/26;          ;0
34836;SHAW                ;D52       ;39-BR001                                          ;WS        ;CS                  ;;2/4/26;          ;0
34837;SHAW                ;D52       ;39-BR001                                          ;WS        ;CS                  ;;2/4/26;          ;0
34838;SHAW                ;D52       ;39-BR001                                          ;WS        ;CS                  ;;2/4/26;          ;0
34840;SHAW                ;D52       ;45-BR001                                          ;WS        ;CS                  ;;1/4/26;          ;0
34841;SHAW                ;D52       ;45-BR001                                          ;WS        ;CS                  ;;1/4/26;          ;0
34843;SHAW                ;D190      ;45-BR001                                          ;WS        ;CS                  ;;1/4/26;          ;0
34844;SHAW                ;D190      ;45-BR001                                          ;WS        ;CS                  ;;1/4/26;          ;0
34845;SHAW                ;D190      ;45-BR001                                          ;WS        ;CS                  ;;1/4/26;          ;0
34847;SHAW                ;D176      ;45-BR001                                          ;WS        ;CS                  ;;5/4/26;          ;0
34848;SHAW                ;D176      ;45-BR001                                          ;WS        ;CS                  ;;5/4/26;          ;0
34849;SHAW                ;D176      ;45-BR001                                          ;WS        ;CS                  ;;5/4/26;          ;0
34929;SHAW                ;B30       ;20-BR101                                          ;WS        ;CS                  ;;2/4/26;          ;10
34932;SHAW                ;D185      ;20-BR101                                          ;WS        ;CS                  ;;14/4/26;          ;10
34948;SHAW                ;D52       ;30-BR001                                          ;WS        ;CS                  ;;8/4/26;          ;0
34949;SHAW                ;D52       ;30-BR001                                          ;WS        ;CS                  ;;8/4/26;          ;0
34951;SHAW                ;D196      ;30-BR001                                          ;WS        ;CS                  ;;8/4/26;          ;0
34952;SHAW                ;D196      ;30-BR001                                          ;WS        ;CS                  ;;8/4/26;          ;0
34953;SHAW                ;D196      ;30-BR001                                          ;WS        ;CS                  ;;8/4/26;          ;0
34954;SHAW                ;D196      ;30-BR001                                          ;WS        ;CS                  ;;8/4/26;          ;0
34955;SHAW                ;D196      ;30-BR001                                          ;WS        ;CS                  ;;8/4/26;          ;0
34956;SHAW                ;D196      ;30-BR001                                          ;WS        ;CS                  ;;8/4/26;          ;0
35023;SHAW                ;D179      ;25-BR001                                          ;WS        ;CS                  ;;2/4/26;          ;0
35024;SHAW                ;D179      ;25-BR001                                          ;WS        ;CS                  ;;2/4/26;          ;0
35025;SHAW                ;D179      ;25-BR001                                          ;WS        ;CS                  ;;2/4/26;          ;0
35032;SHAW                ;F12       ;26-BR001                                          ;WS        ;CS                  ;;5/4/26;          ;0
35033;SHAW                ;F12       ;26-BR001                                          ;WS        ;CS                  ;;5/4/26;          ;0
35034;SHAW                ;F12       ;26-BR001                                          ;WS        ;CS                  ;;5/4/26;          ;0
35035;SHAW                ;F12       ;26-BR001                                          ;WS        ;CS                  ;;5/4/26;          ;0
35037;SHAW                ;B30       ;26-BR001                                          ;WS        ;CS                  ;;6/4/26;          ;0
35038;SHAW                ;B30       ;26-BR001                                          ;WS        ;CS                  ;;6/4/26;          ;0
35047;SHAW                ;D176      ;54-BR002                                          ;WS        ;CS                  ;;5/4/26;          ;0
35048;SHAW                ;D176      ;54-BR002                                          ;WS        ;CS                  ;;6/4/26;          ;0
35049;SHAW                ;D176      ;54-BR002                                          ;WS        ;CS                  ;;6/4/26;          ;0
35050;SHAW                ;D176      ;54-BR002                                          ;WS        ;CS                  ;;6/4/26;          ;0
35052;SHAW                ;B30       ;54-BR002                                          ;WS        ;CS                  ;;5/4/26;          ;0
35054;SHAW                ;B30       ;54-BR002                                          ;WS        ;CS                  ;;5/4/26;          ;0
35055;SHAW                ;B30       ;54-BR002                                          ;WS        ;CS                  ;;5/4/26;          ;0
35057;SHAW                ;D190      ;54-BR002                                          ;WS        ;CS                  ;;5/4/26;          ;0
35058;SHAW                ;D190      ;54-BR002                                          ;WS        ;CS                  ;;5/4/26;          ;0
35075;SHAW                ;D196      ;54-BR002                                          ;WS        ;CS                  ;;5/4/26;          ;0
35076;SHAW                ;D196      ;54-BR002                                          ;WS        ;CS                  ;;5/4/26;          ;0
35077;SHAW                ;D196      ;54-BR002                                          ;WS        ;CS                  ;;5/4/26;          ;0
35078;SHAW                ;F12       ;55-BR002                                          ;WS        ;CS                  ;;5/4/26;          ;0
35079;SHAW                ;F12       ;55-BR002                                          ;WS        ;CS                  ;;5/4/26;          ;0
35080;SHAW                ;F12       ;55-BR002                                          ;WS        ;CS                  ;;5/4/26;          ;0
35081;SHAW                ;F12       ;55-BR002                                          ;WS        ;CS                  ;;5/4/26;          ;0
35083;SHAW                ;D179      ;55-BR002                                          ;WS        ;CS                  ;;2/4/26;          ;0
35084;SHAW                ;D179      ;55-BR002                                          ;WS        ;CS                  ;;2/4/26;          ;0
35085;SHAW                ;D179      ;55-BR002                                          ;WS        ;CS                  ;;2/4/26;          ;0
35087;SHAW                ;D52       ;55-BR002                                          ;WS        ;CS                  ;;5/4/26;          ;0
35088;SHAW                ;D52       ;55-BR002                                          ;WS        ;CS                  ;;5/4/26;          ;0
35089;SHAW                ;D52       ;55-BR002                                          ;WS        ;CS                  ;;5/4/26;          ;0
35104;SHAW                ;B30       ;35-BR001                                          ;WS        ;CS                  ;;6/4/26;          ;0
35106;SHAW                ;D179      ;35-BR001                                          ;WS        ;CS                  ;;6/4/26;          ;0
35107;SHAW                ;D179      ;35-BR001                                          ;WS        ;CS                  ;;6/4/26;          ;0
35121;SHAW                ;B30       ;36-BR001                                          ;WS        ;CS                  ;;6/4/26;          ;0
35122;SHAW                ;B30       ;36-BR001                                          ;WS        ;CS                  ;;6/4/26;          ;0
35124;SHAW                ;D190      ;37-BR001                                          ;WS        ;CS                  ;;6/4/26;          ;0
35125;SHAW                ;D190      ;37-BR001                                          ;WS        ;CS                  ;;6/4/26;          ;0
35126;SHAW                ;D190      ;37-BR001                                          ;WS        ;CS                  ;;6/4/26;          ;0
35127;SHAW                ;D190      ;37-BR001                                          ;WS        ;CS                  ;;6/4/26;          ;0
35129;SHAW                ;F12       ;37-BR001                                          ;WS        ;CS                  ;;6/4/26;          ;0
35130;SHAW                ;F12       ;37-BR001                                          ;WS        ;CS                  ;;6/4/26;          ;0
35131;SHAW                ;F12       ;37-BR001                                          ;WS        ;CS                  ;;6/4/26;          ;0
35132;SHAW                ;F12       ;37-BR001                                          ;WS        ;CS                  ;;6/4/26;          ;0
35134;SHAW                ;D185      ;37-BR001                                          ;WS        ;CS                  ;;6/4/26;          ;0
35135;SHAW                ;D185      ;37-BR001                                          ;WS        ;CS                  ;;6/4/26;          ;0
35165;SHAW                ;B30       ;38-BR001                                          ;WS        ;CS                  ;;6/4/26;          ;0
35167;SHAW                ;F12       ;38-BR001                                          ;WS        ;CS                  ;;6/4/26;          ;0
35168;SHAW                ;F12       ;38-BR001                                          ;WS        ;CS                  ;;6/4/26;          ;0
35170;SHAW                ;F12       ;40-BR001                                          ;WS        ;CS                  ;;6/4/26;          ;0
35172;SHAW                ;D179      ;40-BR001                                          ;WS        ;CS                  ;;5/4/26;          ;0
35173;SHAW                ;D179      ;40-BR001                                          ;WS        ;CS                  ;;5/4/26;          ;0
35175;SHAW                ;B30       ;51-BR001                                          ;WS        ;CS                  ;;6/4/26;          ;0
35177;SHAW                ;F12       ;51-BR001                                          ;WS        ;CS                  ;;5/4/26;          ;0
35178;SHAW                ;F12       ;51-BR001                                          ;WS        ;CS                  ;;5/4/26;          ;0
35272;SHAW                ;D176      ;20-BR901                                          ;WS        ;CS                  ;;8/4/26;          ;0
35283;SHAW                ;D185      ;31-BR101                                          ;WS        ;CS                  ;;6/4/26;          ;0
35286;SHAW                ;D185      ;20-BR901                                          ;WS        ;CS                  ;;8/4/26;          ;0
35290;SHAW                ;D196      ;10-BR001                                          ;WS        ;CS                  ;;5/4/26;12/4/26;10
35291;SHAW                ;D196      ;10-BR001                                          ;WS        ;CS                  ;;5/4/26;          ;10
35292;SHAW                ;D196      ;10-BR001                                          ;WS        ;CS                  ;;5/4/26;          ;10
35303;SHAW                ;D190      ;40-BR002                                          ;WS        ;CS                  ;;8/4/26;          ;0
35305;SHAW                ;B30       ;40-BR002                                          ;WS        ;CS                  ;;15/4/26;          ;0
35306;SHAW                ;B30       ;40-BR002                                          ;WS        ;CS                  ;;15/4/26;          ;0
35307;SHAW                ;D190      ;40-BR002                                          ;WS        ;CS                  ;;8/4/26;          ;0
35308;SHAW                ;D190      ;40-BR002                                          ;WS        ;CS                  ;;8/4/26;          ;0
35309;SHAW                ;D190      ;40-BR002                                          ;WS        ;CS                  ;;7/4/26;          ;0
35311;SHAW                ;D52       ;40-BR002                                          ;WS        ;CS                  ;;8/4/26;          ;0
35312;SHAW                ;D52       ;40-BR002                                          ;WS        ;CS                  ;;8/4/26;          ;0
35313;SHAW                ;D52       ;40-BR002                                          ;WS        ;CS                  ;;8/4/26;          ;0
35315;SHAW                ;B30       ;40-BR002                                          ;WS        ;CS                  ;;8/4/26;          ;0
35316;SHAW                ;B30       ;40-BR002                                          ;WS        ;CS                  ;;8/4/26;          ;0
35317;SHAW                ;B30       ;40-BR002                                          ;WS        ;CS                  ;;8/4/26;          ;0
35318;SHAW                ;B30       ;40-BR002                                          ;WS        ;CS                  ;;8/4/26;          ;0
35320;SHAW                ;B30       ;40-BR002                                          ;WS        ;CS                  ;;8/4/26;          ;0
35321;SHAW                ;B30       ;40-BR002                                          ;WS        ;CS                  ;;8/4/26;          ;0
35322;SHAW                ;B30       ;40-BR002                                          ;WS        ;CS                  ;;8/4/26;          ;0
35325;SHAW                ;D179      ;41-BR002                                          ;WS        ;CS                  ;;8/4/26;          ;0
35329;SHAW                ;D179      ;41-BR002                                          ;WS        ;CS                  ;;8/4/26;          ;0
35330;SHAW                ;D179      ;41-BR002                                          ;WS        ;CS                  ;;8/4/26;          ;0
35331;SHAW                ;D179      ;41-BR002                                          ;WS        ;CS                  ;;8/4/26;          ;0
35333;SHAW                ;D52       ;41-BR002                                          ;WS        ;CS                  ;;8/4/26;          ;0
35334;SHAW                ;D52       ;41-BR002                                          ;WS        ;CS                  ;;8/4/26;          ;0
35335;SHAW                ;D52       ;41-BR002                                          ;WS        ;CS                  ;;8/4/26;          ;0
35337;SHAW                ;F12       ;41-BR002                                          ;WS        ;CS                  ;;8/4/26;          ;0
35338;SHAW                ;F12       ;41-BR002                                          ;WS        ;CS                  ;;8/4/26;          ;0
35339;SHAW                ;F12       ;41-BR002                                          ;WS        ;CS                  ;;8/4/26;          ;0
35341;SHAW                ;D190      ;41-BR002                                          ;WS        ;CS                  ;;7/4/26;          ;0
35342;SHAW                ;D190      ;41-BR002                                          ;WS        ;CS                  ;;7/4/26;          ;0
35344;SHAW                ;D52       ;41-BR002                                          ;WS        ;CS                  ;;7/4/26;          ;0
35345;SHAW                ;D52       ;41-BR002                                          ;WS        ;CS                  ;;7/4/26;          ;0
35346;SHAW                ;D52       ;41-BR002                                          ;WS        ;CS                  ;;7/4/26;          ;0
35348;SHAW                ;D190      ;41-BR002                                          ;WS        ;CS                  ;;8/4/26;          ;0
35349;SHAW                ;D190      ;41-BR002                                          ;WS        ;CS                  ;;8/4/26;          ;0
35350;SHAW                ;D190      ;41-BR002                                          ;WS        ;CS                  ;;8/4/26;          ;0
35352;SHAW                ;B37       ;56-BR002                                          ;WS        ;CS                  ;;6/4/26;          ;0
35353;SHAW                ;B37       ;56-BR002                                          ;WS        ;CS                  ;;6/4/26;          ;0
35354;SHAW                ;B37       ;56-BR002                                          ;WS        ;CS                  ;;6/4/26;          ;0
35355;SHAW                ;B37       ;56-BR002                                          ;WS        ;CS                  ;;6/4/26;          ;0
35357;SHAW                ;D179      ;56-BR002                                          ;WS        ;CS                  ;;5/4/26;          ;0
35363;SHAW                ;D179      ;56-BR002                                          ;WS        ;CS                  ;;6/4/26;          ;0
35364;SHAW                ;D179      ;56-BR002                                          ;WS        ;CS                  ;;6/4/26;          ;0
35365;SHAW                ;D179      ;56-BR002                                          ;WS        ;CS                  ;;6/4/26;          ;0
35366;SHAW                ;D179      ;56-BR002                                          ;WS        ;CS                  ;;6/4/26;          ;0
35367;SHAW                ;D179      ;56-BR002                                          ;WS        ;CS                  ;;6/4/26;          ;0
35369;SHAW                ;D179      ;10-BR001                                          ;WS        ;CS                  ;;7/4/26;          ;10
35385;SHAW                ;D190      ;40-BR002                                          ;WS        ;CS                  ;;8/4/26;          ;0
35387;SHAW                ;B30       ;40-BR002                                          ;WS        ;CS                  ;;15/4/26;          ;0
35388;SHAW                ;B30       ;40-BR002                                          ;WS        ;CS                  ;;15/4/26;          ;0
35389;SHAW                ;D190      ;40-BR002                                          ;WS        ;CS                  ;;8/4/26;          ;0
35390;SHAW                ;D190      ;40-BR002                                          ;WS        ;CS                  ;;8/4/26;          ;0
35391;SHAW                ;D190      ;40-BR002                                          ;WS        ;CS                  ;;8/4/26;          ;0
35393;SHAW                ;D184      ;40-BR002                                          ;WS        ;CS                  ;;6/4/26;          ;0
35394;SHAW                ;D184      ;40-BR002                                          ;WS        ;CS                  ;;6/4/26;          ;0
35395;SHAW                ;D184      ;40-BR002                                          ;WS        ;CS                  ;;6/4/26;          ;0
35396;SHAW                ;D184      ;40-BR002                                          ;WS        ;CS                  ;;6/4/26;          ;0
35397;SHAW                ;D184      ;40-BR002                                          ;WS        ;CS                  ;;6/4/26;          ;0
35399;SHAW                ;D190      ;40-BR002                                          ;WS        ;CS                  ;;7/4/26;          ;0
35400;SHAW                ;D190      ;40-BR002                                          ;WS        ;CS                  ;;7/4/26;          ;0
35401;SHAW                ;D190      ;40-BR002                                          ;WS        ;CS                  ;;7/4/26;          ;0
35402;SHAW                ;D190      ;40-BR002                                          ;WS        ;CS                  ;;7/4/26;          ;0
35403;SHAW                ;D190      ;40-BR002                                          ;WS        ;CS                  ;;7/4/26;          ;0
35405;SHAW                ;F12       ;40-BR002                                          ;WS        ;CS                  ;;7/4/26;          ;0
35406;SHAW                ;F12       ;40-BR002                                          ;WS        ;CS                  ;;7/4/26;          ;0
35407;SHAW                ;F12       ;40-BR002                                          ;WS        ;CS                  ;;7/4/26;          ;0
35408;SHAW                ;F12       ;40-BR002                                          ;WS        ;CS                  ;;7/4/26;          ;0
35410;SHAW                ;D52       ;40-BR002                                          ;WS        ;CS                  ;;7/4/26;          ;0
35411;SHAW                ;D52       ;40-BR002                                          ;WS        ;CS                  ;;7/4/26;          ;0
35412;SHAW                ;D52       ;40-BR002                                          ;WS        ;CS                  ;;7/4/26;          ;0
35415;SHAW                ;D52       ;41-BR002                                          ;WS        ;CS                  ;;19/4/26;          ;0
35416;SHAW                ;D52       ;41-BR002                                          ;WS        ;CS                  ;;19/4/26;          ;0
35417;SHAW                ;D52       ;41-BR002                                          ;WS        ;CS                  ;;19/4/26;          ;0
35418;SHAW                ;D52       ;41-BR002                                          ;WS        ;CS                  ;;19/4/26;          ;0
35419;SHAW                ;D52       ;41-BR002                                          ;WS        ;CS                  ;;19/4/26;          ;0
35420;SHAW                ;D52       ;41-BR002                                          ;WS        ;CS                  ;;19/4/26;          ;0
35423;SHAW                ;D52       ;41-BR002                                          ;WS        ;CS                  ;;7/4/26;          ;0
35424;SHAW                ;D52       ;41-BR002                                          ;WS        ;CS                  ;;7/4/26;          ;0
35425;SHAW                ;D52       ;41-BR002                                          ;WS        ;CS                  ;;7/4/26;          ;0
35431;SHAW                ;D190      ;41-BR002                                          ;WS        ;CS                  ;;6/4/26;          ;0
35432;SHAW                ;D190      ;41-BR002                                          ;WS        ;CS                  ;;6/4/26;          ;0
35433;SHAW                ;D190      ;41-BR002                                          ;WS        ;CS                  ;;7/4/26;          ;0
35434;SHAW                ;D190      ;41-BR002                                          ;WS        ;CS                  ;;7/4/26;          ;0
35435;SHAW                ;D190      ;41-BR002                                          ;WS        ;CS                  ;;7/4/26;          ;0
35436;SHAW                ;D190      ;41-BR002                                          ;WS        ;CS                  ;;7/4/26;          ;0
35438;SHAW                ;F12       ;58-BR002                                          ;WS        ;CS                  ;;6/4/26;          ;0
35439;SHAW                ;F12       ;58-BR002                                          ;WS        ;CS                  ;;6/4/26;          ;0
35440;SHAW                ;F12       ;58-BR002                                          ;WS        ;CS                  ;;6/4/26;          ;0
35441;SHAW                ;F12       ;58-BR002                                          ;WS        ;CS                  ;;5/4/26;          ;0
35453;SHAW                ;D176      ;10-BR001                                          ;WS        ;CS                  ;;6/4/26;          ;10
35455;SHAW                ;F12       ;40-BR002                                          ;WS        ;CS                  ;;8/4/26;          ;0
35456;SHAW                ;F12       ;40-BR002                                          ;WS        ;CS                  ;;8/4/26;          ;0
35457;SHAW                ;F12       ;40-BR002                                          ;WS        ;CS                  ;;8/4/26;          ;0
35458;SHAW                ;F12       ;40-BR002                                          ;WS        ;CS                  ;;8/4/26;          ;0
35459;SHAW                ;F12       ;40-BR002                                          ;WS        ;CS                  ;;8/4/26;          ;0
35467;SHAW                ;D184      ;41-BR002                                          ;WS        ;CS                  ;;8/4/26;          ;0
35469;SHAW                ;D176      ;41-BR002                                          ;WS        ;CS                  ;;19/4/26;          ;0
35470;SHAW                ;D176      ;41-BR002                                          ;WS        ;CS                  ;;19/4/26;          ;0
35471;SHAW                ;D184      ;41-BR002                                          ;WS        ;CS                  ;;8/4/26;          ;0
35472;SHAW                ;D184      ;41-BR002                                          ;WS        ;CS                  ;;8/4/26;          ;0
35473;SHAW                ;D184      ;41-BR002                                          ;WS        ;CS                  ;;8/4/26;          ;0
35475;SHAW                ;F12       ;41-BR002                                          ;WS        ;CS                  ;;8/4/26;          ;0
35476;SHAW                ;F12       ;41-BR002                                          ;WS        ;CS                  ;;7/4/26;          ;0
35477;SHAW                ;F12       ;41-BR002                                          ;WS        ;CS                  ;;7/4/26;          ;0
35478;SHAW                ;F12       ;41-BR002                                          ;WS        ;CS                  ;;7/4/26;          ;0
35480;SHAW                ;D176      ;41-BR002                                          ;WS        ;CS                  ;;7/4/26;          ;0
35482;SHAW                ;F12       ;41-BR002                                          ;WS        ;CS                  ;;7/4/26;          ;0
35483;SHAW                ;F12       ;41-BR002                                          ;WS        ;CS                  ;;7/4/26;          ;0
35484;SHAW                ;F12       ;41-BR002                                          ;WS        ;CS                  ;;7/4/26;          ;0
35485;SHAW                ;F12       ;41-BR002                                          ;WS        ;CS                  ;;7/4/26;          ;0
35486;SHAW                ;F12       ;41-BR002                                          ;WS        ;CS                  ;;7/4/26;          ;0
35488;SHAW                ;D179      ;41-BR002                                          ;WS        ;CS                  ;;8/4/26;          ;0
35489;SHAW                ;D179      ;41-BR002                                          ;WS        ;CS                  ;;8/4/26;          ;0
35490;SHAW                ;D179      ;41-BR002                                          ;WS        ;CS                  ;;8/4/26;          ;0
35491;SHAW                ;D179      ;41-BR002                                          ;WS        ;CS                  ;;8/4/26;          ;0
35492;SHAW                ;D179      ;41-BR002                                          ;WS        ;CS                  ;;8/4/26;          ;0
35691;SHAW                ;B37       ;57-BR002                                          ;WS        ;CS                  ;;14/4/26;          ;0
35692;SHAW                ;B37       ;57-BR002                                          ;WS        ;CS                  ;;14/4/26;          ;0
35693;SHAW                ;B37       ;57-BR002                                          ;WS        ;CS                  ;;14/4/26;          ;0
35695;SHAW                ;B37       ;57-BR002                                          ;WS        ;CS                  ;;14/4/26;          ;0
35696;SHAW                ;B37       ;57-BR002                                          ;WS        ;CS                  ;;14/4/26;          ;0
35698;SHAW                ;B37       ;57-BR002                                          ;WS        ;CS                  ;;14/4/26;          ;0
35702;SHAW                ;F12       ;57-BR002                                          ;WS        ;CS                  ;;14/4/26;          ;0
35703;SHAW                ;F12       ;57-BR002                                          ;WS        ;CS                  ;;14/4/26;          ;0
35704;SHAW                ;F12       ;57-BR002                                          ;WS        ;CS                  ;;14/4/26;          ;0
35705;SHAW                ;F12       ;57-BR002                                          ;WS        ;CS                  ;;14/4/26;          ;0
35706;SHAW                ;F12       ;57-BR002                                          ;WS        ;CS                  ;;14/4/26;          ;0
35943;SHAW                ;D190      ;30-BR001                                          ;WS        ;CS                  ;;20/4/26;          ;0
35980;SHAW                ;D190      ;37-BR001                                          ;WS        ;CS                  ;;19/4/26;          ;0
35985;SHAW                ;D184      ;11-BR101                                          ;WS        ;CS                  ;;20/4/26;          ;0
35998;SHAW                ;B37       ;50-BR001                                          ;WS        ;CS                  ;;20/4/26;          ;0
37555;SHAW                ;D190      ;20-BR002                                          ;WS        ;CS                  ;;19/3/26;          ;0
37556;SHAW                ;D190      ;20-BR002                                          ;WS        ;CS                  ;;19/3/26;          ;0
37557;SHAW                ;D62       ;20-BR002                                          ;WS        ;CS                  ;;19/3/26;1/4/26;100
37559;SHAW                ;B14       ;20-BR002                                          ;WS        ;CS                  ;;18/3/26;          ;0
37560;SHAW                ;B37       ;20-BR002                                          ;WS        ;CS                  ;;18/3/26;26/3/26;100
37562;SHAW                ;F12       ;20-BR002                                          ;WS        ;CS                  ;;14/4/26;          ;0
37563;SHAW                ;F12       ;20-BR002                                          ;WS        ;CS                  ;;14/4/26;          ;0
37564;SHAW                ;B14       ;20-BR002                                          ;WS        ;CS                  ;;18/3/26;          ;0
37565;SHAW                ;D184      ;20-BR002                                          ;WS        ;CS                  ;;19/3/26;26/3/26;100
37566;SHAW                ;D181      ;20-BR002                                          ;WS        ;CS                  ;;19/3/26;26/3/26;100
37570;SHAW                ;B14       ;20-BR002                                          ;WS        ;CS                  ;;18/3/26;          ;0
37571;SHAW                ;D181      ;20-BR002                                          ;WS        ;CS                  ;;19/3/26;26/3/26;100
37574;SHAW                ;B37       ;20-BR101                                          ;WS        ;CS                  ;;22/2/26;          ;0
37575;SHAW                ;B37       ;20-BR101                                          ;WS        ;CS                  ;;22/2/26;          ;0
37576;SHAW                ;B37       ;20-BR101                                          ;WS        ;CS                  ;;22/2/26;          ;0
37578;SHAW                ;B37       ;20-BR101                                          ;WS        ;CS                  ;;15/2/26;          ;0
37579;SHAW                ;D184      ;20-BR102                                          ;WS        ;CS                  ;;19/2/26;          ;0
37580;SHAW                ;B37       ;20-BR102                                          ;WS        ;CS                  ;;14/2/26;          ;0
37581;SHAW                ;D184      ;20-BR102                                          ;WS        ;CS                  ;;19/2/26;          ;0
37582;SHAW                ;B37       ;20-BR102                                          ;WS        ;CS                  ;;14/2/26;          ;0
37620;SHAW                ;B37       ;20-BR101                                          ;WS        ;CS                  ;;23/2/26;          ;0
37621;SHAW                ;B37       ;20-BR101                                          ;WS        ;CS                  ;;14/2/26;          ;0
37622;SHAW                ;B37       ;20-BR101                                          ;WS        ;CS                  ;;14/2/26;          ;0
37623;SHAW                ;B37       ;20-BR101                                          ;WS        ;CS                  ;;23/2/26;          ;0
37625;SHAW                ;D176      ;20-BR102                                          ;WS        ;CS                  ;;14/2/26;          ;0
37626;SHAW                ;D176      ;20-BR102                                          ;WS        ;CS                  ;;14/2/26;          ;0
37627;SHAW                ;B14       ;20-BR102                                          ;WS        ;CS                  ;;23/2/26;          ;0
37629;SHAW                ;D176      ;20-BR102                                          ;WS        ;CS                  ;;14/2/26;          ;0
37630;SHAW                ;D179      ;20-BR501                                          ;WS        ;CS                  ;;19/2/26;          ;0
37631;SHAW                ;D179      ;20-BR501                                          ;WS        ;CS                  ;;19/2/26;          ;0
37632;SHAW                ;D179      ;20-BR501                                          ;WS        ;CS                  ;;19/2/26;          ;0
37663;POWERCHINA          ;SHP-P003  ;10-BR002                                          ;FW        ;CS                  ;;22/3/26;31/3/26;100
37664;POWERCHINA          ;SHP-P003  ;10-BR002                                          ;FW        ;CS                  ;;17/3/26;30/3/26;100
37665;POWERCHINA          ;SHP-P001  ;10-BR002                                          ;FW        ;CS                  ;;18/4/26;          ;100
37666;POWERCHINA          ;SHP-P011  ;10-BR002                                          ;FW        ;CS                  ;;19/4/26;          ;100
37667;POWERCHINA          ;SHP-P003  ;10-BR002                                          ;FW        ;CS                  ;;14/3/26;16/3/26;100
37668;POWERCHINA          ;SHP-P008  ;10-BR002                                          ;FW        ;CS                  ;;16/3/26;28/3/26;100
37669;POWERCHINA          ;SHP-P008  ;10-BR002                                          ;FW        ;CS                  ;;11/3/26;16/3/26;100
37670;POWERCHINA          ;SHP-P004  ;10-BR002                                          ;FW        ;CS                  ;;9/3/26;13/3/26;100
37671;POWERCHINA          ;SHP-P006  ;10-BR002                                          ;FW        ;CS                  ;;10/3/26;16/3/26;100
37672;POWERCHINA          ;SHP-P006  ;10-BR002                                          ;FW        ;CS                  ;;7/3/26;13/3/26;100
37673;POWERCHINA          ;SHP-P001  ;10-BR002                                          ;FW        ;CS                  ;;5/3/26;13/3/26;100
37674;POWERCHINA          ;SHP-P004  ;10-BR002                                          ;FW        ;CS                  ;;28/2/26;13/3/26;100
37678;POWERCHINA          ;SHP-P002  ;10-BR002                                          ;FW        ;CS                  ;;15/3/26;30/3/26;100
37679;POWERCHINA          ;SHP-P001  ;10-BR002                                          ;FW        ;CS                  ;;14/3/26;16/3/26;100
37684;POWERCHINA          ;SHP-P008  ;10-BR002                                          ;FW        ;CS                  ;;21/3/26;30/3/26;100
37686;POWERCHINA          ;SHP-P003  ;10-BR002                                          ;FW        ;CS                  ;;15/4/26;          ;100
37688;POWERCHINA          ;SHP-P001  ;10-BR002                                          ;FW        ;CS                  ;;17/3/26;30/3/26;100
37699;POWERCHINA          ;SHP-P003  ;10-BR002                                          ;FW        ;CS                  ;;12/4/26;          ;100
37701;POWERCHINA          ;SHP-P001  ;10-BR002                                          ;FW        ;CS                  ;;11/4/26;          ;100
37704;POWERCHINA          ;SHP-P008  ;10-BR002                                          ;FW        ;CS                  ;;9/4/26;16/4/26;100
37705;POWERCHINA          ;SHP-P003  ;10-BR002                                          ;FW        ;CS                  ;;8/4/26;9/4/26;100
37706;POWERCHINA          ;SHP-P001  ;10-BR002                                          ;FW        ;CS                  ;;6/4/26;8/4/26;100
37709;POWERCHINA          ;SHP-P008  ;10-BR002                                          ;FW        ;CS                  ;;5/4/26;          ;100
37710;POWERCHINA          ;SHP-P002  ;10-BR002                                          ;FW        ;CS                  ;;4/4/26;7/4/26;100
37711;POWERCHINA          ;SHP-P002  ;10-BR002                                          ;FW        ;CS                  ;;20/4/26;          ;100
37712;POWERCHINA          ;SHP-P003  ;10-BR002                                          ;FW        ;CS                  ;;4/4/26;7/4/26;100
37713;POWERCHINA          ;SHP-P008  ;10-BR002                                          ;FW        ;CS                  ;;18/4/26;          ;100
37714;POWERCHINA          ;SHP-P002  ;10-BR002                                          ;FW        ;CS                  ;;12/4/26;16/4/26;100
37715;POWERCHINA          ;SHP-P008  ;10-BR002                                          ;FW        ;CS                  ;;17/4/26;          ;100
37716;POWERCHINA          ;SHP-P001  ;10-BR002                                          ;FW        ;CS                  ;;1/4/26;7/4/26;100
37717;POWERCHINA          ;SHP-P008  ;10-BR002                                          ;FW        ;CS                  ;;28/3/26;31/3/26;100
37718;POWERCHINA          ;SHP-P002  ;10-BR002                                          ;FW        ;CS                  ;;8/4/26;          ;100
37719;POWERCHINA          ;SHP-P008  ;10-BR002                                          ;FW        ;CS                  ;;1/4/26;7/4/26;100
37720;POWERCHINA          ;SHP-P006  ;10-BR002                                          ;FW        ;CS                  ;;22/3/26;31/3/26;100
37721;POWERCHINA          ;SHP-P002  ;10-BR002                                          ;FW        ;CS                  ;;28/3/26;31/3/26;100
37722;POWERCHINA          ;SHP-P008  ;10-BR002                                          ;FW        ;CS                  ;;25/3/26;31/3/26;100
37742;SHAW                ;D185      ;10-BR002                                          ;WS        ;CS                  ;;16/4/26;          ;0
37835;SHAW                ;D179      ;10-BR002                                          ;WS        ;CS                  ;;15/4/26;          ;0
37838;SHAW                ;D185      ;10-BR002                                          ;WS        ;CS                  ;;16/4/26;          ;0
37842;SHAW                ;D179      ;10-BR002                                          ;WS        ;CS                  ;;15/4/26;          ;0
37849;SHAW                ;D179      ;10-BR002                                          ;WS        ;CS                  ;;16/4/26;          ;0
37860;SHAW                ;B30       ;10-BR002                                          ;WS        ;CS                  ;;20/4/26;          ;0
37861;SHAW                ;D181      ;10-BR002                                          ;WS        ;CS                  ;;16/4/26;          ;100
37865;SHAW                ;D179      ;10-BR002                                          ;WS        ;CS                  ;;16/4/26;          ;0
37937;SHAW                ;D179      ;13-BR001                                          ;WS        ;CS                  ;;14/4/26;          ;0
37963;SHAW                ;B14       ;13-BR001                                          ;WS        ;CS                  ;;18/3/26;          ;0
37978;SHAW                ;D19       ;13-BR001                                          ;WS        ;CS                  ;;12/4/26;14/4/26;100
38016;SHAW                ;B30       ;13-BR001                                          ;WS        ;CS                  ;;12/4/26;14/4/26;100
38044;SHAW                ;B30       ;13-BR001                                          ;WS        ;CS                  ;;9/4/26;          ;100
38077;SHAW                ;D179      ;13-BR001                                          ;WS        ;CS                  ;;14/4/26;          ;0
38078;SHAW                ;D179      ;13-BR001                                          ;WS        ;CS                  ;;14/4/26;          ;0
38081;SHAW                ;D19       ;13-BR001                                          ;WS        ;CS                  ;;26/3/26;1/4/26;100
38117;SHAW                ;D176      ;12-BR001                                          ;WS        ;CS                  ;;14/4/26;          ;0
38119;SHAW                ;D62       ;12-BR001                                          ;WS        ;CS                  ;;13/4/26;          ;0
38138;SHAW                ;D181      ;12-BR001                                          ;WS        ;CS                  ;;19/4/26;          ;100
38148;SHAW                ;B30       ;12-BR001                                          ;WS        ;CS                  ;;12/4/26;          ;0
38156;SHAW                ;B30       ;12-BR001                                          ;WS        ;CS                  ;;19/4/26;          ;0
38157;SHAW                ;B30       ;12-BR001                                          ;WS        ;CS                  ;;13/4/26;          ;100
38161;SHAW                ;B30       ;13-BR001                                          ;WS        ;CS                  ;;16/4/26;          ;100
38163;SHAW                ;B30       ;13-BR001                                          ;WS        ;CS                  ;;12/4/26;          ;100
38165;SHAW                ;D52       ;12-BR001                                          ;WS        ;CS                  ;;19/4/26;          ;100
38166;SHAW                ;B30       ;12-BR001                                          ;WS        ;CS                  ;;16/4/26;          ;0
38167;SHAW                ;B30       ;12-BR001                                          ;WS        ;CS                  ;;14/4/26;          ;100
38168;SHAW                ;D179      ;13-BR001                                          ;WS        ;CS                  ;;18/3/26;          ;0
38171;SHAW                ;D62       ;12-BR001                                          ;WS        ;CS                  ;;19/4/26;          ;100
38202;SHAW                ;D190      ;12-BR001                                          ;WS        ;CS                  ;;30/3/26;7/4/26;100
38207;SHAW                ;D185      ;12-BR001                                          ;WS        ;CS                  ;;18/3/26;          ;0
38208;SHAW                ;D62       ;12-BR001                                          ;WS        ;CS                  ;;16/4/26;          ;100
38209;SHAW                ;D62       ;12-BR001                                          ;WS        ;CS                  ;;15/4/26;          ;0
38220;SHAW                ;D185      ;12-BR001                                          ;WS        ;CS                  ;;18/3/26;          ;0
38221;SHAW                ;D181      ;12-BR001                                          ;WS        ;CS                  ;;8/4/26;          ;100
38223;SHAW                ;D52       ;12-BR001                                          ;WS        ;CS                  ;;15/4/26;          ;0
38230;SHAW                ;D52       ;13-BR001                                          ;WS        ;CS                  ;;15/4/26;          ;0
38233;SHAW                ;D181      ;13-BR001                                          ;WS        ;CS                  ;;1/4/26;12/4/26;100
38238;SHAW                ;D19       ;13-BR001                                          ;WS        ;CS                  ;;2/4/26;12/4/26;100
38241;SHAW                ;D52       ;12-BR001                                          ;WS        ;CS                  ;;13/4/26;          ;100
38243;SHAW                ;D62       ;13-BR001                                          ;WS        ;CS                  ;;16/4/26;          ;100
38251;SHAW                ;D52       ;13-BR001                                          ;WS        ;CS                  ;;15/4/26;          ;0
38252;SHAW                ;D62       ;13-BR001                                          ;WS        ;CS                  ;;16/4/26;          ;0
38253;SHAW                ;D52       ;12-BR001                                          ;WS        ;CS                  ;;15/4/26;          ;0
38254;SHAW                ;D176      ;12-BR001                                          ;WS        ;CS                  ;;19/4/26;          ;0
38262;SHAW                ;D181      ;12-BR001                                          ;WS        ;CS                  ;;13/4/26;          ;100
38263;SHAW                ;B30       ;12-BR001                                          ;WS        ;CS                  ;;7/4/26;          ;100
38297;SHAW                ;D52       ;11-BR001                                          ;WS        ;CS                  ;;16/4/26;          ;100
38316;SHAW                ;D185      ;11-BR001                                          ;WS        ;CS                  ;;19/3/26;          ;0
38318;SHAW                ;D52       ;11-BR001                                          ;WS        ;CS                  ;;16/4/26;          ;0
38319;SHAW                ;D52       ;11-BR001                                          ;WS        ;CS                  ;;15/4/26;          ;0
38320;SHAW                ;D19       ;11-BR001                                          ;WS        ;CS                  ;;30/3/26;14/4/26;100
38324;SHAW                ;D52       ;11-BR001                                          ;WS        ;CS                  ;;15/4/26;          ;0
38329;SHAW                ;B30       ;11-BR001                                          ;WS        ;CS                  ;;30/3/26;14/4/26;100
38333;SHAW                ;F18       ;11-BR001                                          ;WS        ;CS                  ;;5/4/26;14/4/26;100
38339;SHAW                ;D52       ;11-BR001                                          ;WS        ;CS                  ;;16/4/26;          ;100
38354;SHAW                ;D176      ;11-BR001                                          ;WS        ;CS                  ;;18/3/26;          ;0
38409;SHAW                ;D185      ;11-BR001                                          ;WS        ;CS                  ;;18/3/26;          ;0
38528;SHAW                ;D107      ;10-BR101                                          ;WS        ;CS                  ;;17/2/26;          ;0
38549;SHAW                ;D107      ;10-BR101                                          ;WS        ;CS                  ;;17/2/26;          ;0
38554;SHAW                ;D107      ;10-BR101                                          ;WS        ;CS                  ;;17/2/26;          ;0
38556;SHAW                ;D196      ;10-BR101                                          ;WS        ;CS                  ;;23/2/26;          ;0
38557;SHAW                ;D196      ;10-BR101                                          ;WS        ;CS                  ;;23/2/26;          ;0
38569;SHAW                ;D196      ;10-BR101                                          ;WS        ;CS                  ;;23/2/26;          ;0
38572;SHAW                ;D176      ;10-BR101                                          ;WS        ;CS                  ;;15/2/26;          ;0
38582;SHAW                ;D176      ;10-BR101                                          ;WS        ;CS                  ;;15/2/26;          ;0
38603;SHAW                ;D107      ;10-BR101                                          ;WS        ;CS                  ;;17/2/26;          ;0
38608;SHAW                ;D176      ;10-BR101                                          ;WS        ;CS                  ;;15/2/26;          ;0
38613;SHAW                ;D107      ;10-BR101                                          ;WS        ;CS                  ;;17/2/26;          ;0
38621;SHAW                ;D107      ;10-BR101                                          ;WS        ;CS                  ;;17/2/26;          ;0
38624;SHAW                ;B30       ;12-BR001                                          ;WS        ;CS                  ;;12/4/26;          ;100
38625;SHAW                ;D52       ;13-BR001                                          ;WS        ;CS                  ;;13/4/26;          ;100
38786;SHAW                ;D185      ;61-BR505                                          ;WS        ;CS                  ;;23/2/26;          ;0
38792;SHAW                ;D185      ;11-BR502                                          ;WS        ;CS                  ;;19/2/26;          ;0
38793;SHAW                ;D193      ;12-BR501                                          ;WS        ;CS                  ;;23/2/26;          ;0
38795;SHAW                ;D52       ;20-BR103                                          ;WS        ;CS                  ;;22/2/26;          ;0
38796;SHAW                ;D193      ;10-BR501                                          ;WS        ;CS                  ;;23/2/26;          ;0
38797;SHAW                ;D193      ;21-BR101                                          ;WS        ;CS                  ;;24/2/26;          ;0
38799;SHAW                ;D179      ;10-BR501                                          ;WS        ;CS                  ;;23/2/26;          ;0
38803;SHAW                ;D184      ;62-BR505                                          ;WS        ;CS                  ;;19/2/26;          ;0
38805;SHAW                ;D107      ;21-BR101                                          ;WS        ;CS                  ;;19/2/26;          ;0
38806;SHAW                ;F18       ;21-BR101                                          ;WS        ;CS                  ;;23/2/26;          ;0
38807;SHAW                ;D196      ;10-BR502                                          ;WS        ;CS                  ;;23/2/26;          ;0
38808;SHAW                ;F18       ;63-BR103                                          ;WS        ;CS                  ;;23/2/26;          ;0
38809;SHAW                ;D190      ;10-BR001                                          ;WS        ;CS                  ;;23/2/26;          ;0
38813;SHAW                ;D185      ;11-BR501                                          ;WS        ;CS                  ;;23/2/26;          ;0
38814;SHAW                ;F18       ;21-BR501                                          ;WS        ;CS                  ;;23/2/26;          ;0
38815;SHAW                ;D185      ;21-BR501                                          ;WS        ;CS                  ;;23/2/26;          ;0
38816;SHAW                ;D185      ;20-BR501                                          ;WS        ;CS                  ;;23/2/26;          ;0
38818;SHAW                ;D184      ;21-BR501                                          ;WS        ;CS                  ;;23/2/26;          ;0
38820;SHAW                ;D185      ;62-BR506                                          ;WS        ;CS                  ;;23/2/26;          ;0
38822;SHAW                ;B37       ;10-BR102                                          ;WS        ;CS                  ;;23/2/26;          ;0
38823;SHAW                ;B37       ;10-BR001                                          ;WS        ;CS                  ;;23/2/26;          ;0
38824;SHAW                ;D193      ;12-BR501                                          ;WS        ;CS                  ;;23/2/26;          ;0
38825;SHAW                ;D185      ;21-BR501                                          ;WS        ;CS                  ;;23/2/26;          ;0
38826;SHAW                ;D179      ;10-BR102                                          ;WS        ;CS                  ;;23/2/26;          ;0
38828;SHAW                ;D184      ;62-BR505                                          ;WS        ;CS                  ;;19/2/26;          ;0
38830;SHAW                ;D196      ;63-BR103                                          ;WS        ;CS                  ;;24/2/26;          ;0
38833;SHAW                ;D179      ;10-BR102                                          ;WS        ;CS                  ;;23/2/26;          ;0
38835;SHAW                ;D52       ;20-BR103                                          ;WS        ;CS                  ;;22/2/26;          ;0
38839;SHAW                ;B37       ;10-BR102                                          ;WS        ;CS                  ;;22/2/26;          ;0
38843;SHAW                ;D190      ;10-BR001                                          ;WS        ;CS                  ;;23/2/26;          ;0
38844;SHAW                ;D179      ;10-BR501                                          ;WS        ;CS                  ;;23/2/26;          ;0
38846;SHAW                ;D193      ;21-BR101                                          ;WS        ;CS                  ;;24/2/26;          ;0
38850;SHAW                ;D193      ;20-BR103                                          ;WS        ;CS                  ;;23/2/26;          ;0
38851;SHAW                ;D184      ;62-BR505                                          ;WS        ;CS                  ;;19/2/26;          ;0
38852;SHAW                ;D185      ;11-BR501                                          ;WS        ;CS                  ;;23/2/26;          ;0
38853;SHAW                ;D184      ;21-BR501                                          ;WS        ;CS                  ;;23/2/26;          ;0
38854;SHAW                ;D107      ;63-BR505                                          ;WS        ;CS                  ;;24/2/26;          ;0
38856;SHAW                ;D185      ;62-BR103                                          ;WS        ;CS                  ;;23/2/26;          ;0
38857;SHAW                ;F18       ;61-BR506                                          ;WS        ;CS                  ;;24/2/26;          ;0
38858;SHAW                ;B14       ;13-BR101                                          ;WS        ;CS                  ;;24/2/26;          ;0
38859;SHAW                ;D190      ;13-BR501                                          ;WS        ;CS                  ;;24/2/26;          ;0
38860;SHAW                ;D196      ;21-BR101                                          ;WS        ;CS                  ;;23/2/26;          ;0
38861;SHAW                ;D52       ;20-BR103                                          ;WS        ;CS                  ;;22/2/26;          ;0
38864;SHAW                ;D107      ;21-BR101                                          ;WS        ;CS                  ;;19/2/26;          ;0
38865;SHAW                ;D185      ;11-BR502                                          ;WS        ;CS                  ;;19/2/26;          ;0
38866;SHAW                ;D190      ;12-BR501                                          ;WS        ;CS                  ;;23/2/26;          ;0
38867;SHAW                ;D190      ;62-BR103                                          ;WS        ;CS                  ;;24/2/26;          ;0
38868;SHAW                ;F18       ;61-BR506                                          ;WS        ;CS                  ;;24/2/26;          ;0
38869;SHAW                ;B14       ;11-BR501                                          ;WS        ;CS                  ;;24/2/26;          ;0
38870;SHAW                ;D185      ;61-BR505                                          ;WS        ;CS                  ;;23/2/26;          ;0
38873;SHAW                ;D179      ;10-BR102                                          ;WS        ;CS                  ;;23/2/26;          ;0
38875;SHAW                ;F18       ;10-BR102                                          ;WS        ;CS                  ;;23/2/26;          ;0
38876;SHAW                ;D185      ;20-BR501                                          ;WS        ;CS                  ;;23/2/26;          ;0
38877;SHAW                ;F18       ;10-BR501                                          ;WS        ;CS                  ;;23/2/26;          ;0
38879;SHAW                ;F18       ;61-BR506                                          ;WS        ;CS                  ;;24/2/26;          ;0
38881;SHAW                ;D179      ;10-BR501                                          ;WS        ;CS                  ;;23/2/26;          ;0
38882;SHAW                ;D196      ;21-BR101                                          ;WS        ;CS                  ;;23/2/26;          ;0
38884;SHAW                ;D190      ;13-BR501                                          ;WS        ;CS                  ;;24/2/26;          ;0
38885;SHAW                ;D185      ;21-BR501                                          ;WS        ;CS                  ;;23/2/26;          ;0
38886;SHAW                ;D193      ;20-BR103                                          ;WS        ;CS                  ;;23/2/26;          ;0
38887;SHAW                ;F18       ;21-BR101                                          ;WS        ;CS                  ;;23/2/26;          ;0
38888;SHAW                ;D179      ;13-BR502                                          ;WS        ;CS                  ;;23/2/26;          ;0
38889;SHAW                ;B37       ;12-BR101                                          ;WS        ;CS                  ;;24/2/26;          ;0
38890;SHAW                ;F18       ;61-BR505                                          ;WS        ;CS                  ;;23/2/26;          ;0
38891;SHAW                ;D193      ;20-BR103                                          ;WS        ;CS                  ;;23/2/26;          ;0
38894;SHAW                ;D196      ;21-BR101                                          ;WS        ;CS                  ;;23/2/26;          ;0
38895;SHAW                ;F18       ;63-BR103                                          ;WS        ;CS                  ;;23/2/26;          ;0
38896;SHAW                ;F18       ;21-BR101                                          ;WS        ;CS                  ;;23/2/26;          ;0
38898;SHAW                ;D190      ;10-BR001                                          ;WS        ;CS                  ;;23/2/26;          ;0
38904;SHAW                ;D185      ;61-BR505                                          ;WS        ;CS                  ;;23/2/26;          ;0
38906;SHAW                ;D193      ;10-BR501                                          ;WS        ;CS                  ;;23/2/26;          ;0
38908;SHAW                ;F18       ;21-BR101                                          ;WS        ;CS                  ;;23/2/26;          ;0
38910;SHAW                ;D185      ;62-BR506                                          ;WS        ;CS                  ;;23/2/26;          ;0
38912;SHAW                ;D185      ;20-BR501                                          ;WS        ;CS                  ;;23/2/26;          ;0
38914;SHAW                ;D107      ;63-BR505                                          ;WS        ;CS                  ;;24/2/26;          ;0
38918;SHAW                ;F18       ;61-BR506                                          ;WS        ;CS                  ;;24/2/26;          ;0
38920;SHAW                ;B37       ;10-BR001                                          ;WS        ;CS                  ;;23/2/26;          ;0
38921;SHAW                ;B37       ;10-BR102                                          ;WS        ;CS                  ;;22/2/26;          ;0
38923;SHAW                ;F18       ;10-BR501                                          ;WS        ;CS                  ;;23/2/26;          ;0
38925;SHAW                ;D185      ;61-BR505                                          ;WS        ;CS                  ;;23/2/26;          ;0
38926;SHAW                ;F18       ;61-BR505                                          ;WS        ;CS                  ;;23/2/26;          ;0
38929;SHAW                ;D52       ;13-BR101                                          ;WS        ;CS                  ;;19/2/26;          ;0
38932;SHAW                ;D184      ;62-BR505                                          ;WS        ;CS                  ;;19/2/26;          ;0
38934;SHAW                ;D179      ;10-BR102                                          ;WS        ;CS                  ;;23/2/26;          ;0
38935;SHAW                ;D196      ;10-BR502                                          ;WS        ;CS                  ;;23/2/26;          ;0
38936;SHAW                ;F18       ;61-BR506                                          ;WS        ;CS                  ;;24/2/26;          ;0
38938;SHAW                ;D190      ;13-BR501                                          ;WS        ;CS                  ;;24/2/26;          ;0
38939;SHAW                ;D196      ;21-BR101                                          ;WS        ;CS                  ;;23/2/26;          ;0
38942;SHAW                ;B37       ;12-BR101                                          ;WS        ;CS                  ;;24/2/26;          ;0
38943;SHAW                ;D190      ;62-BR103                                          ;WS        ;CS                  ;;24/2/26;          ;0
38945;SHAW                ;D185      ;11-BR502                                          ;WS        ;CS                  ;;19/2/26;          ;0
38949;SHAW                ;D193      ;12-BR501                                          ;WS        ;CS                  ;;23/2/26;          ;0
38950;SHAW                ;D184      ;62-BR505                                          ;WS        ;CS                  ;;24/2/26;          ;0
38952;SHAW                ;B37       ;10-BR001                                          ;WS        ;CS                  ;;23/2/26;          ;0
38956;SHAW                ;D196      ;11-BR101                                          ;WS        ;CS                  ;;23/2/26;          ;0
38957;SHAW                ;D52       ;13-BR101                                          ;WS        ;CS                  ;;19/2/26;          ;0
38959;SHAW                ;D107      ;63-BR505                                          ;WS        ;CS                  ;;24/2/26;          ;0
38963;SHAW                ;B14       ;11-BR501                                          ;WS        ;CS                  ;;24/2/26;          ;0
38966;SHAW                ;D190      ;10-BR001                                          ;WS        ;CS                  ;;23/2/26;          ;0
38967;SHAW                ;D52       ;11-BR101                                          ;WS        ;CS                  ;;24/2/26;          ;0
38968;SHAW                ;D196      ;11-BR101                                          ;WS        ;CS                  ;;23/2/26;          ;0
38969;SHAW                ;D179      ;10-BR501                                          ;WS        ;CS                  ;;23/2/26;          ;0
38970;SHAW                ;B14       ;12-BR101                                          ;WS        ;CS                  ;;23/2/26;          ;0
38973;SHAW                ;D190      ;13-BR501                                          ;WS        ;CS                  ;;24/2/26;          ;0
38974;SHAW                ;F18       ;63-BR103                                          ;WS        ;CS                  ;;23/2/26;          ;0
38975;SHAW                ;D185      ;62-BR506                                          ;WS        ;CS                  ;;23/2/26;          ;0
38977;SHAW                ;B14       ;12-BR101                                          ;WS        ;CS                  ;;23/2/26;          ;0
38978;SHAW                ;B14       ;11-BR501                                          ;WS        ;CS                  ;;24/2/26;          ;0
38979;SHAW                ;F18       ;10-BR102                                          ;WS        ;CS                  ;;23/2/26;          ;0
38981;SHAW                ;D193      ;12-BR501                                          ;WS        ;CS                  ;;23/2/26;          ;0
38982;SHAW                ;D52       ;20-BR103                                          ;WS        ;CS                  ;;22/2/26;          ;0
38983;SHAW                ;D196      ;21-BR101                                          ;WS        ;CS                  ;;23/2/26;          ;0
38985;SHAW                ;D52       ;20-BR103                                          ;WS        ;CS                  ;;22/2/26;          ;0
38986;SHAW                ;D196      ;10-BR502                                          ;WS        ;CS                  ;;23/2/26;          ;0
38987;SHAW                ;F18       ;21-BR501                                          ;WS        ;CS                  ;;23/2/26;          ;0
38989;SHAW                ;D184      ;21-BR501                                          ;WS        ;CS                  ;;23/2/26;          ;0
38990;SHAW                ;D184      ;21-BR501                                          ;WS        ;CS                  ;;23/2/26;          ;0
38991;SHAW                ;D193      ;20-BR103                                          ;WS        ;CS                  ;;23/2/26;          ;0
38994;SHAW                ;B14       ;13-BR101                                          ;WS        ;CS                  ;;24/2/26;          ;0
38995;SHAW                ;B37       ;12-BR101                                          ;WS        ;CS                  ;;24/2/26;          ;0
39001;SHAW                ;D107      ;63-BR505                                          ;WS        ;CS                  ;;24/2/26;          ;0
39002;SHAW                ;D193      ;10-BR501                                          ;WS        ;CS                  ;;23/2/26;          ;0
39003;SHAW                ;D52       ;11-BR101                                          ;WS        ;CS                  ;;24/2/26;          ;0
39008;SHAW                ;D190      ;13-BR501                                          ;WS        ;CS                  ;;24/2/26;          ;0
39015;SHAW                ;F18       ;21-BR101                                          ;WS        ;CS                  ;;23/2/26;          ;0
39021;SHAW                ;D184      ;63-BR506                                          ;WS        ;CS                  ;;23/2/26;          ;0
39022;SHAW                ;D184      ;63-BR506                                          ;WS        ;CS                  ;;23/2/26;          ;0
39023;SHAW                ;D193      ;21-BR101                                          ;WS        ;CS                  ;;24/2/26;          ;0
39025;SHAW                ;D196      ;63-BR103                                          ;WS        ;CS                  ;;24/2/26;          ;0
39026;SHAW                ;D185      ;11-BR502                                          ;WS        ;CS                  ;;19/2/26;          ;0
39030;SHAW                ;D190      ;12-BR501                                          ;WS        ;CS                  ;;23/2/26;          ;0
39031;SHAW                ;D184      ;63-BR506                                          ;WS        ;CS                  ;;23/2/26;          ;0
39033;SHAW                ;D52       ;11-BR101                                          ;WS        ;CS                  ;;24/2/26;          ;0
39034;SHAW                ;D179      ;13-BR502                                          ;WS        ;CS                  ;;23/2/26;          ;0
39035;SHAW                ;B14       ;12-BR101                                          ;WS        ;CS                  ;;23/2/26;          ;0
39036;SHAW                ;B14       ;11-BR501                                          ;WS        ;CS                  ;;24/2/26;          ;0
39037;SHAW                ;D190      ;10-BR001                                          ;WS        ;CS                  ;;23/2/26;          ;0
39038;SHAW                ;F18       ;21-BR501                                          ;WS        ;CS                  ;;23/2/26;          ;0
39039;SHAW                ;D185      ;61-BR505                                          ;WS        ;CS                  ;;23/2/26;          ;0
39040;SHAW                ;D185      ;62-BR103                                          ;WS        ;CS                  ;;23/2/26;          ;0
39043;SHAW                ;D196      ;10-BR502                                          ;WS        ;CS                  ;;23/2/26;          ;0
39044;SHAW                ;D107      ;63-BR505                                          ;WS        ;CS                  ;;24/2/26;          ;0
39045;SHAW                ;B14       ;13-BR101                                          ;WS        ;CS                  ;;24/2/26;          ;0
39048;SHAW                ;D190      ;13-BR501                                          ;WS        ;CS                  ;;24/2/26;          ;0
39049;SHAW                ;D184      ;63-BR506                                          ;WS        ;CS                  ;;23/2/26;          ;0
39050;SHAW                ;F18       ;61-BR506                                          ;WS        ;CS                  ;;24/2/26;          ;0
39051;SHAW                ;D190      ;62-BR103                                          ;WS        ;CS                  ;;24/2/26;          ;0
39053;SHAW                ;D196      ;11-BR101                                          ;WS        ;CS                  ;;23/2/26;          ;0
39058;SHAW                ;D107      ;63-BR505                                          ;WS        ;CS                  ;;24/2/26;          ;0
39059;SHAW                ;B37       ;10-BR102                                          ;WS        ;CS                  ;;23/2/26;          ;0
39060;SHAW                ;D185      ;61-BR505                                          ;WS        ;CS                  ;;23/2/26;          ;0
39061;SHAW                ;D179      ;13-BR502                                          ;WS        ;CS                  ;;23/2/26;          ;0
39062;SHAW                ;D184      ;62-BR505                                          ;WS        ;CS                  ;;19/2/26;          ;0
39063;SHAW                ;D185      ;62-BR506                                          ;WS        ;CS                  ;;23/2/26;          ;0
39064;SHAW                ;D52       ;13-BR101                                          ;WS        ;CS                  ;;19/2/26;          ;0
39065;SHAW                ;D107      ;21-BR101                                          ;WS        ;CS                  ;;19/2/26;          ;0
39067;SHAW                ;D185      ;61-BR505                                          ;WS        ;CS                  ;;23/2/26;          ;0
39068;SHAW                ;D193      ;21-BR101                                          ;WS        ;CS                  ;;24/2/26;          ;0
39069;SHAW                ;D185      ;62-BR103                                          ;WS        ;CS                  ;;23/2/26;          ;0
39070;SHAW                ;D193      ;12-BR501                                          ;WS        ;CS                  ;;23/2/26;          ;0
39071;SHAW                ;D107      ;21-BR101                                          ;WS        ;CS                  ;;19/2/26;          ;0
39072;SHAW                ;D190      ;10-BR001                                          ;WS        ;CS                  ;;23/2/26;          ;0
39073;SHAW                ;D193      ;21-BR101                                          ;WS        ;CS                  ;;24/2/26;          ;0
39075;SHAW                ;D193      ;20-BR103                                          ;WS        ;CS                  ;;23/2/26;          ;0
39076;SHAW                ;D196      ;63-BR103                                          ;WS        ;CS                  ;;24/2/26;          ;0
39151;SHAW                ;D184      ;10-BR002                                          ;WS        ;CS                  ;;12/3/26;14/3/26;100
39152;POWERCHINA          ;SHP-P002  ;10-BR002                                          ;FW        ;CS                  ;;31/3/26;          ;100
39160;SHAW                ;D193      ;20-BR502                                          ;WS        ;CS                  ;;24/2/26;          ;0
39161;SHAW                ;B30       ;10-BR002                                          ;WS        ;CS                  ;;18/3/26;26/3/26;100
39165;POWERCHINA          ;SHP-P001  ;10-BR002                                          ;FW        ;CS                  ;;23/3/26;31/3/26;100
39166;POWERCHINA          ;SHP-P002  ;10-BR002                                          ;FW        ;CS                  ;;25/3/26;31/3/26;100
39197;SHAW                ;B30       ;10-BR002                                          ;WS        ;CS                  ;;10/3/26;14/3/26;100
39198;SHAW                ;D193      ;20-BR502                                          ;WS        ;CS                  ;;23/2/26;          ;0
39209;SHAW                ;D62       ;10-BR002                                          ;WS        ;CS                  ;;10/3/26;26/3/26;100
39222;SHAW                ;D179      ;10-BR002                                          ;WS        ;CS                  ;;20/4/26;          ;0
39223;SHAW                ;D185      ;10-BR002                                          ;WS        ;CS                  ;;20/4/26;          ;0
39229;SHAW                ;D107      ;10-BR002                                          ;WS        ;CS                  ;;12/4/26;          ;0
39230;SHAW                ;D62       ;10-BR002                                          ;WS        ;CS                  ;;12/4/26;          ;0
39239;SHAW                ;B30       ;10-BR002                                          ;WS        ;CS                  ;;11/3/26;14/3/26;100
39241;SHAW                ;D193      ;20-BR502                                          ;WS        ;CS                  ;;23/2/26;          ;0
39271;POWERCHINA          ;SHP-P003  ;10-BR002                                          ;FW        ;CS                  ;;31/3/26;9/4/26;100
39274;POWERCHINA          ;SHP-P003  ;10-BR002                                          ;FW        ;CS                  ;;26/3/26;31/3/26;100
39279;SHAW                ;B30       ;21-BR503                                          ;WS        ;CS                  ;;4/3/26;          ;0
39283;SHAW                ;D185      ;21-BR503                                          ;WS        ;CS                  ;;26/2/26;          ;0
39284;SHAW                ;B30       ;21-BR503                                          ;WS        ;CS                  ;;4/3/26;          ;0
39285;SHAW                ;D52       ;70-BR501                                          ;WS        ;CS                  ;;26/2/26;          ;0
39287;SHAW                ;D179      ;70-BR501                                          ;WS        ;CS                  ;;26/2/26;          ;0
39288;SHAW                ;D185      ;21-BR503                                          ;WS        ;CS                  ;;26/2/26;          ;0
39291;SHAW                ;D179      ;70-BR501                                          ;WS        ;CS                  ;;26/2/26;          ;0
39294;SHAW                ;D185      ;21-BR503                                          ;WS        ;CS                  ;;26/2/26;          ;0
39295;SHAW                ;B30       ;21-BR503                                          ;WS        ;CS                  ;;4/3/26;          ;0
39297;SHAW                ;B30       ;21-BR503                                          ;WS        ;CS                  ;;4/3/26;          ;0
39299;SHAW                ;D179      ;70-BR501                                          ;WS        ;CS                  ;;26/2/26;          ;0
39301;SHAW                ;D185      ;70-BR501                                          ;WS        ;CS                  ;;26/2/26;          ;0
39302;SHAW                ;D179      ;70-BR501                                          ;WS        ;CS                  ;;26/2/26;          ;0
39303;SHAW                ;B30       ;21-BR503                                          ;WS        ;CS                  ;;4/3/26;          ;0
39307;SHAW                ;D185      ;21-BR503                                          ;WS        ;CS                  ;;26/2/26;          ;0
39314;SHAW                ;D185      ;21-BR503                                          ;WS        ;CS                  ;;26/2/26;          ;0
39315;SHAW                ;D185      ;21-BR503                                          ;WS        ;CS                  ;;26/2/26;          ;0
39316;SHAW                ;D179      ;70-BR501                                          ;WS        ;CS                  ;;26/2/26;          ;0
39322;SHAW                ;D52       ;11-BR001                                          ;WS        ;CS                  ;;19/4/26;          ;100
39325;SHAW                ;D185      ;11-BR001                                          ;WS        ;CS                  ;;18/3/26;          ;0
39327;SHAW                ;D52       ;11-BR001                                          ;WS        ;CS                  ;;13/4/26;          ;100
39329;SHAW                ;D19       ;11-BR001                                          ;WS        ;CS                  ;;26/3/26;6/4/26;100
39330;SHAW                ;D184      ;11-BR001                                          ;WS        ;CS                  ;;30/3/26;          ;100
39332;SHAW                ;D184      ;12-BR502                                          ;WS        ;CS                  ;;9/3/26;          ;0
39334;SHAW                ;D52       ;11-BR001                                          ;WS        ;CS                  ;;19/4/26;          ;0
39335;SHAW                ;D184      ;12-BR502                                          ;WS        ;CS                  ;;9/3/26;          ;0
39338;SHAW                ;D107      ;11-BR001                                          ;WS        ;CS                  ;;18/3/26;          ;0
39343;SHAW                ;F20       ;11-BR001                                          ;WS        ;CS                  ;;8/4/26;14/4/26;100
39344;SHAW                ;D107      ;12-BR502                                          ;WS        ;CS                  ;;9/3/26;          ;0
39346;SHAW                ;D107      ;11-BR001                                          ;WS        ;CS                  ;;18/3/26;          ;0
39348;SHAW                ;D184      ;12-BR502                                          ;WS        ;CS                  ;;9/3/26;          ;0
39350;SHAW                ;D52       ;11-BR001                                          ;WS        ;CS                  ;;19/4/26;          ;0
39351;SHAW                ;D52       ;11-BR001                                          ;WS        ;CS                  ;;19/4/26;          ;0
39353;SHAW                ;D190      ;11-BR001                                          ;WS        ;CS                  ;;31/3/26;          ;0
39357;SHAW                ;D52       ;11-BR001                                          ;WS        ;CS                  ;;19/4/26;          ;0
39358;SHAW                ;D184      ;12-BR502                                          ;WS        ;CS                  ;;9/3/26;          ;0
39367;SHAW                ;B37       ;10-BR101                                          ;WS        ;CS                  ;;12/3/26;          ;0
39368;SHAW                ;B37       ;10-BR101                                          ;WS        ;CS                  ;;12/3/26;          ;0
39370;SHAW                ;D196      ;10-BR101                                          ;WS        ;CS                  ;;12/3/26;          ;0
39371;SHAW                ;D196      ;10-BR101                                          ;WS        ;CS                  ;;12/3/26;          ;0
39372;SHAW                ;D196      ;10-BR101                                          ;WS        ;CS                  ;;12/3/26;          ;0
39373;SHAW                ;D196      ;10-BR101                                          ;WS        ;CS                  ;;12/3/26;          ;0
39390;SHAW                ;F18       ;61-BR103                                          ;WS        ;CS                  ;;12/3/26;          ;0
39391;SHAW                ;F18       ;61-BR103                                          ;WS        ;CS                  ;;12/3/26;          ;0
39392;SHAW                ;F18       ;61-BR103                                          ;WS        ;CS                  ;;12/3/26;          ;0
39393;SHAW                ;D107      ;61-BR103                                          ;WS        ;CS                  ;;12/3/26;          ;0
39394;SHAW                ;D107      ;61-BR103                                          ;WS        ;CS                  ;;12/3/26;          ;0
39395;SHAW                ;D107      ;61-BR103                                          ;WS        ;CS                  ;;12/3/26;          ;0
39493;SHAW                ;D185      ;10-BR002                                          ;WS        ;CS                  ;;5/4/26;12/4/26;100
39495;SHAW                ;B30       ;10-BR002                                          ;WS        ;CS                  ;;14/4/26;          ;100
39497;SHAW                ;D181      ;10-BR002                                          ;WS        ;CS                  ;;6/4/26;12/4/26;100
39499;SHAW                ;D52       ;10-BR002                                          ;WS        ;CS                  ;;15/4/26;          ;100
39501;SHAW                ;D184      ;10-BR002                                          ;WS        ;CS                  ;;6/4/26;12/4/26;100
39502;SHAW                ;D179      ;10-BR002                                          ;WS        ;CS                  ;;19/4/26;          ;0
39503;SHAW                ;D190      ;10-BR002                                          ;WS        ;CS                  ;;14/4/26;          ;0
39504;SHAW                ;D185      ;10-BR002                                          ;WS        ;CS                  ;;19/4/26;          ;0
39914;SHAW                ;D19       ;10-BR001                                          ;WS        ;CS                  ;;20/4/26;          ;100
40308;SHAW                ;D181      ;70-BR001                                          ;WS        ;CS                  ;;14/4/26;          ;100
40312;SHAW                ;D190      ;70-BR001                                          ;WS        ;CS                  ;;16/4/26;          ;100
40355;SHAW                ;D190      ;20-BR102                                          ;WS        ;CS                  ;;6/4/26;          ;0
40356;SHAW                ;D190      ;20-BR102                                          ;WS        ;CS                  ;;6/4/26;          ;0
40357;SHAW                ;D190      ;20-BR102                                          ;WS        ;CS                  ;;6/4/26;          ;0
40358;SHAW                ;D190      ;20-BR102                                          ;WS        ;CS                  ;;6/4/26;          ;0
40359;SHAW                ;D190      ;20-BR102                                          ;WS        ;CS                  ;;6/4/26;          ;0
40360;SHAW                ;D179      ;20-BR101                                          ;WS        ;CS                  ;;2/4/26;          ;0
40361;SHAW                ;D179      ;20-BR101                                          ;WS        ;CS                  ;;2/4/26;          ;0
40362;SHAW                ;D179      ;20-BR101                                          ;WS        ;CS                  ;;5/4/26;          ;0
40363;SHAW                ;D179      ;20-BR101                                          ;WS        ;CS                  ;;5/4/26;          ;0
40364;SHAW                ;D179      ;20-BR101                                          ;WS        ;CS                  ;;5/4/26;          ;0
40367;SHAW                ;D190      ;20-BR102                                          ;WS        ;CS                  ;;5/4/26;          ;0
40368;SHAW                ;D190      ;20-BR102                                          ;WS        ;CS                  ;;2/4/26;          ;0
40369;SHAW                ;D190      ;20-BR102                                          ;WS        ;CS                  ;;2/4/26;          ;0
40370;SHAW                ;D190      ;20-BR102                                          ;WS        ;CS                  ;;2/4/26;          ;0
40371;SHAW                ;D190      ;20-BR102                                          ;WS        ;CS                  ;;2/4/26;          ;0
40372;SHAW                ;D190      ;20-BR501                                          ;WS        ;CS                  ;;5/4/26;          ;0
40373;SHAW                ;D190      ;20-BR501                                          ;WS        ;CS                  ;;5/4/26;          ;0
40374;SHAW                ;D190      ;20-BR501                                          ;WS        ;CS                  ;;5/4/26;          ;0
40375;SHAW                ;D179      ;20-BR501                                          ;WS        ;CS                  ;;5/4/26;          ;0
40376;SHAW                ;D179      ;20-BR501                                          ;WS        ;CS                  ;;5/4/26;          ;0
40539;SHAW                ;D176      ;21-BR101                                          ;WS        ;CS                  ;;5/4/26;          ;0
40540;SHAW                ;D179      ;21-BR101                                          ;WS        ;CS                  ;;2/4/26;          ;0
40541;SHAW                ;D179      ;21-BR101                                          ;WS        ;CS                  ;;2/4/26;          ;0
40542;SHAW                ;D179      ;21-BR101                                          ;WS        ;CS                  ;;2/4/26;          ;0
40543;SHAW                ;D179      ;21-BR101                                          ;WS        ;CS                  ;;2/4/26;          ;0
40544;SHAW                ;D179      ;21-BR101                                          ;WS        ;CS                  ;;2/4/26;          ;0
40551;SHAW                ;D179      ;20-BR101                                          ;WS        ;CS                  ;;2/4/26;          ;0
40552;SHAW                ;D179      ;20-BR101                                          ;WS        ;CS                  ;;2/4/26;          ;0
40553;SHAW                ;D179      ;20-BR101                                          ;WS        ;CS                  ;;2/4/26;          ;0
40554;SHAW                ;D179      ;20-BR101                                          ;WS        ;CS                  ;;2/4/26;          ;0
40555;SHAW                ;D179      ;20-BR101                                          ;WS        ;CS                  ;;2/4/26;          ;0
40571;SHAW                ;D52       ;10-BR101                                          ;WS        ;CS                  ;;7/4/26;          ;0
40572;SHAW                ;D52       ;10-BR101                                          ;WS        ;CS                  ;;7/4/26;          ;0
40574;SHAW                ;D52       ;10-BR101                                          ;WS        ;CS                  ;;7/4/26;          ;0
40575;SHAW                ;D52       ;10-BR101                                          ;WS        ;CS                  ;;7/4/26;          ;0
40576;SHAW                ;D52       ;10-BR101                                          ;WS        ;CS                  ;;7/4/26;          ;0
40577;SHAW                ;D52       ;10-BR101                                          ;WS        ;CS                  ;;7/4/26;          ;0
40579;SHAW                ;D184      ;11-BR501                                          ;WS        ;CS                  ;;7/4/26;          ;0
40580;SHAW                ;D184      ;11-BR501                                          ;WS        ;CS                  ;;7/4/26;          ;0
40581;SHAW                ;D184      ;11-BR501                                          ;WS        ;CS                  ;;7/4/26;          ;0
40583;SHAW                ;D190      ;11-BR501                                          ;WS        ;CS                  ;;7/4/26;          ;0
40584;SHAW                ;D190      ;11-BR501                                          ;WS        ;CS                  ;;7/4/26;          ;0
40585;SHAW                ;D190      ;11-BR501                                          ;WS        ;CS                  ;;7/4/26;          ;0
40593;SHAW                ;D190      ;14-BR101                                          ;WS        ;CS                  ;;7/4/26;          ;0
40594;SHAW                ;D190      ;14-BR101                                          ;WS        ;CS                  ;;7/4/26;          ;0
40595;SHAW                ;D190      ;14-BR101                                          ;WS        ;CS                  ;;7/4/26;          ;0
40596;SHAW                ;D190      ;14-BR101                                          ;WS        ;CS                  ;;7/4/26;          ;0
40597;SHAW                ;D190      ;14-BR101                                          ;WS        ;CS                  ;;7/4/26;          ;0
40598;SHAW                ;D190      ;14-BR101                                          ;WS        ;CS                  ;;7/4/26;          ;0
40601;SHAW                ;D179      ;14-BR501                                          ;WS        ;CS                  ;;7/4/26;          ;0
40602;SHAW                ;D179      ;14-BR501                                          ;WS        ;CS                  ;;7/4/26;          ;0
40603;SHAW                ;D179      ;14-BR501                                          ;WS        ;CS                  ;;7/4/26;          ;0
40604;SHAW                ;D179      ;14-BR501                                          ;WS        ;CS                  ;;7/4/26;          ;0
40605;SHAW                ;D179      ;14-BR501                                          ;WS        ;CS                  ;;7/4/26;          ;0
40611;SHAW                ;D52       ;14-BR502                                          ;WS        ;CS                  ;;7/4/26;          ;0
40612;SHAW                ;D52       ;14-BR502                                          ;WS        ;CS                  ;;7/4/26;          ;0
40613;SHAW                ;D52       ;14-BR502                                          ;WS        ;CS                  ;;7/4/26;          ;0
40615;SHAW                ;F12       ;14-BR502                                          ;WS        ;CS                  ;;8/4/26;          ;0
40616;SHAW                ;F12       ;14-BR502                                          ;WS        ;CS                  ;;8/4/26;          ;0
40617;SHAW                ;F12       ;14-BR502                                          ;WS        ;CS                  ;;8/4/26;          ;0
40684;SHAW                ;B37       ;64-BR103                                          ;WS        ;CS                  ;;7/4/26;          ;0
40685;SHAW                ;B37       ;64-BR103                                          ;WS        ;CS                  ;;7/4/26;          ;0
40686;SHAW                ;B37       ;64-BR103                                          ;WS        ;CS                  ;;7/4/26;          ;0
40687;SHAW                ;D184      ;64-BR103                                          ;WS        ;CS                  ;;7/4/26;          ;0
40688;SHAW                ;D184      ;64-BR103                                          ;WS        ;CS                  ;;7/4/26;          ;0
40689;SHAW                ;D184      ;64-BR103                                          ;WS        ;CS                  ;;7/4/26;          ;0
40692;SHAW                ;D184      ;64-BR502                                          ;WS        ;CS                  ;;6/4/26;          ;0
40693;SHAW                ;D184      ;64-BR502                                          ;WS        ;CS                  ;;6/4/26;          ;0
40694;SHAW                ;D184      ;64-BR502                                          ;WS        ;CS                  ;;6/4/26;          ;0
40696;SHAW                ;D179      ;64-BR502                                          ;WS        ;CS                  ;;6/4/26;          ;0
40697;SHAW                ;D179      ;64-BR502                                          ;WS        ;CS                  ;;6/4/26;          ;0
40698;SHAW                ;D179      ;64-BR502                                          ;WS        ;CS                  ;;6/4/26;          ;0
40700;SHAW                ;F12       ;64-BR502                                          ;WS        ;CS                  ;;6/4/26;          ;0
40701;SHAW                ;F12       ;64-BR502                                          ;WS        ;CS                  ;;6/4/26;          ;0
40702;SHAW                ;F12       ;64-BR502                                          ;WS        ;CS                  ;;6/4/26;          ;0
40703;SHAW                ;F12       ;20-BR501                                          ;WS        ;CS                  ;;7/4/26;          ;0
40704;SHAW                ;F12       ;20-BR501                                          ;WS        ;CS                  ;;7/4/26;          ;0
40705;SHAW                ;F12       ;20-BR501                                          ;WS        ;CS                  ;;7/4/26;          ;0
40706;SHAW                ;F12       ;20-BR501                                          ;WS        ;CS                  ;;7/4/26;          ;0
40707;SHAW                ;F12       ;20-BR501                                          ;WS        ;CS                  ;;7/4/26;          ;0
40709;SHAW                ;D196      ;20-BR501                                          ;WS        ;CS                  ;;7/4/26;          ;0
40710;SHAW                ;D196      ;20-BR501                                          ;WS        ;CS                  ;;7/4/26;          ;0
40711;SHAW                ;D196      ;20-BR501                                          ;WS        ;CS                  ;;7/4/26;          ;0
40712;SHAW                ;D196      ;20-BR501                                          ;WS        ;CS                  ;;7/4/26;          ;0
40713;SHAW                ;D196      ;20-BR501                                          ;WS        ;CS                  ;;7/4/26;          ;0
41172;SHAW                ;D190      ;11-BR502                                          ;WS        ;CS                  ;;20/4/26;          ;0
41268;SHAW                ;D190      ;62-BR103                                          ;WS        ;CS                  ;;20/4/26;          ;0
41269;SHAW                ;D190      ;62-BR103                                          ;WS        ;CS                  ;;20/4/26;          ;0
41270;SHAW                ;D190      ;62-BR103                                          ;WS        ;CS                  ;;20/4/26;          ;0
41400;SHAW                ;D189      ;20-BR503                                          ;WS        ;CS                  ;;18/2/26;          ;0
41430;SHAW                ;D179      ;20-BR503                                          ;WS        ;CS                  ;;18/2/26;          ;0
41437;SHAW                ;D179      ;20-BR503                                          ;WS        ;CS                  ;;18/2/26;          ;0
41442;SHAW                ;D189      ;20-BR503                                          ;WS        ;CS                  ;;18/2/26;          ;0
41452;SHAW                ;D52       ;20-BR503                                          ;WS        ;CS                  ;;19/2/26;          ;0
41454;SHAW                ;D185      ;20-BR503                                          ;WS        ;CS                  ;;18/2/26;          ;0
41457;SHAW                ;D185      ;21-BR902                                          ;WS        ;CS                  ;;11/3/26;18/3/26;100
41459;SHAW                ;D107      ;20-BR503                                          ;WS        ;CS                  ;;18/2/26;          ;0
41461;SHAW                ;D107      ;20-BR503                                          ;WS        ;CS                  ;;18/2/26;          ;0
41462;SHAW                ;D52       ;20-BR503                                          ;WS        ;CS                  ;;19/2/26;          ;0
41463;SHAW                ;D184      ;21-BR902                                          ;WS        ;CS                  ;;12/3/26;18/3/26;100
41464;SHAW                ;D185      ;20-BR503                                          ;WS        ;CS                  ;;19/2/26;          ;0
41468;SHAW                ;D107      ;20-BR503                                          ;WS        ;CS                  ;;18/2/26;          ;0
41470;SHAW                ;D185      ;21-BR902                                          ;WS        ;CS                  ;;12/3/26;18/3/26;100
41471;SHAW                ;D107      ;20-BR503                                          ;WS        ;CS                  ;;18/2/26;          ;0
41472;SHAW                ;D185      ;20-BR503                                          ;WS        ;CS                  ;;19/2/26;          ;0
41479;SHAW                ;D107      ;20-BR503                                          ;WS        ;CS                  ;;18/2/26;          ;0
41483;SHAW                ;D107      ;20-BR503                                          ;WS        ;CS                  ;;18/2/26;          ;0
41484;SHAW                ;D107      ;20-BR503                                          ;WS        ;CS                  ;;18/2/26;          ;0
41485;SHAW                ;D185      ;21-BR902                                          ;WS        ;CS                  ;;12/3/26;18/3/26;100
41487;SHAW                ;D184      ;21-BR902                                          ;WS        ;CS                  ;;12/3/26;18/3/26;100
41492;SHAW                ;D52       ;20-BR503                                          ;WS        ;CS                  ;;19/2/26;          ;0
41503;SHAW                ;D179      ;20-BR503                                          ;WS        ;CS                  ;;18/2/26;          ;0
41508;SHAW                ;D107      ;20-BR503                                          ;WS        ;CS                  ;;16/2/26;          ;0
41509;SHAW                ;D196      ;21-BR902                                          ;WS        ;CS                  ;;1/4/26;9/4/26;100
41510;SHAW                ;D196      ;20-BR503                                          ;WS        ;CS                  ;;15/2/26;          ;0
41511;SHAW                ;D196      ;21-BR902                                          ;WS        ;CS                  ;;1/4/26;9/4/26;100
41513;SHAW                ;D179      ;20-BR503                                          ;WS        ;CS                  ;;18/2/26;          ;0
41514;SHAW                ;D107      ;20-BR503                                          ;WS        ;CS                  ;;16/2/26;          ;0
41524;SHAW                ;D196      ;21-BR902                                          ;WS        ;CS                  ;;1/4/26;9/4/26;100
41525;SHAW                ;D179      ;20-BR503                                          ;WS        ;CS                  ;;18/2/26;          ;0
41530;SHAW                ;D196      ;20-BR503                                          ;WS        ;CS                  ;;15/2/26;          ;0
41531;SHAW                ;D107      ;20-BR503                                          ;WS        ;CS                  ;;16/2/26;          ;0
41544;SHAW                ;D179      ;20-BR503                                          ;WS        ;CS                  ;;18/2/26;          ;0
41553;SHAW                ;D179      ;20-BR503                                          ;WS        ;CS                  ;;18/2/26;          ;0
41555;SHAW                ;D179      ;20-BR503                                          ;WS        ;CS                  ;;18/2/26;          ;0
41560;SHAW                ;D179      ;20-BR503                                          ;WS        ;CS                  ;;18/2/26;          ;0
41562;SHAW                ;D196      ;20-BR503                                          ;WS        ;CS                  ;;15/2/26;          ;0
41564;SHAW                ;D196      ;21-BR902                                          ;WS        ;CS                  ;;1/4/26;9/4/26;100
41567;SHAW                ;D196      ;21-BR902                                          ;WS        ;CS                  ;;1/4/26;9/4/26;100
41580;SHAW                ;D193      ;21-BR551                                          ;WS        ;CS                  ;;23/2/26;          ;0
41586;SHAW                ;D52       ;21-BR104                                          ;WS        ;CS                  ;;23/2/26;          ;0
41589;SHAW                ;D107      ;20-BR503                                          ;WS        ;CS                  ;;23/2/26;          ;0
41590;SHAW                ;D52       ;20-BR104                                          ;WS        ;CS                  ;;24/2/26;          ;0
41591;SHAW                ;D196      ;21-BR104                                          ;WS        ;CS                  ;;23/2/26;          ;0
41592;SHAW                ;D176      ;20-BR104                                          ;WS        ;CS                  ;;24/2/26;          ;0
41593;SHAW                ;D185      ;21-BR104                                          ;WS        ;CS                  ;;23/2/26;          ;0
41594;SHAW                ;B14       ;21-BR104                                          ;WS        ;CS                  ;;23/2/26;          ;0
41596;SHAW                ;D179      ;20-BR504                                          ;WS        ;CS                  ;;23/2/26;          ;0
41598;SHAW                ;D107      ;20-BR503                                          ;WS        ;CS                  ;;23/2/26;          ;0
41599;SHAW                ;D184      ;20-BR504                                          ;WS        ;CS                  ;;23/2/26;          ;0
41600;SHAW                ;D184      ;20-BR104                                          ;WS        ;CS                  ;;19/2/26;          ;0
41601;SHAW                ;D107      ;20-BR104                                          ;WS        ;CS                  ;;23/2/26;          ;0
41602;SHAW                ;D185      ;21-BR104                                          ;WS        ;CS                  ;;23/2/26;          ;0
41604;SHAW                ;D184      ;20-BR504                                          ;WS        ;CS                  ;;23/2/26;          ;0
41605;SHAW                ;D107      ;21-BR551                                          ;WS        ;CS                  ;;23/2/26;          ;0
41606;SHAW                ;D184      ;20-BR504                                          ;WS        ;CS                  ;;23/2/26;          ;0
41610;SHAW                ;D184      ;20-BR504                                          ;WS        ;CS                  ;;23/2/26;          ;0
41616;SHAW                ;F18       ;21-BR502                                          ;WS        ;CS                  ;;23/2/26;          ;0
41619;SHAW                ;D196      ;21-BR104                                          ;WS        ;CS                  ;;23/2/26;          ;0
41620;SHAW                ;D193      ;21-BR551                                          ;WS        ;CS                  ;;23/2/26;          ;0
41621;SHAW                ;D52       ;20-BR104                                          ;WS        ;CS                  ;;24/2/26;          ;0
41622;SHAW                ;D184      ;20-BR104                                          ;WS        ;CS                  ;;19/2/26;          ;0
41623;SHAW                ;B14       ;21-BR104                                          ;WS        ;CS                  ;;23/2/26;          ;0
41624;SHAW                ;D185      ;21-BR104                                          ;WS        ;CS                  ;;23/2/26;          ;0
41625;SHAW                ;B14       ;21-BR104                                          ;WS        ;CS                  ;;23/2/26;          ;0
41627;SHAW                ;D52       ;21-BR104                                          ;WS        ;CS                  ;;23/2/26;          ;0
41628;SHAW                ;B14       ;21-BR104                                          ;WS        ;CS                  ;;23/2/26;          ;0
41629;SHAW                ;D52       ;20-BR104                                          ;WS        ;CS                  ;;24/2/26;          ;0
41630;SHAW                ;D176      ;20-BR104                                          ;WS        ;CS                  ;;24/2/26;          ;0
41631;SHAW                ;D179      ;20-BR504                                          ;WS        ;CS                  ;;23/2/26;          ;0
41633;SHAW                ;D52       ;20-BR104                                          ;WS        ;CS                  ;;24/2/26;          ;0
41635;SHAW                ;D185      ;21-BR104                                          ;WS        ;CS                  ;;23/2/26;          ;0
41637;SHAW                ;D107      ;20-BR503                                          ;WS        ;CS                  ;;23/2/26;          ;0
41638;SHAW                ;D107      ;20-BR503                                          ;WS        ;CS                  ;;23/2/26;          ;0
41643;SHAW                ;D196      ;21-BR104                                          ;WS        ;CS                  ;;23/2/26;          ;0
41644;SHAW                ;D52       ;21-BR104                                          ;WS        ;CS                  ;;23/2/26;          ;0
41645;SHAW                ;D193      ;21-BR551                                          ;WS        ;CS                  ;;23/2/26;          ;0
41646;SHAW                ;F18       ;21-BR502                                          ;WS        ;CS                  ;;23/2/26;          ;0
41647;SHAW                ;D184      ;20-BR504                                          ;WS        ;CS                  ;;23/2/26;          ;0
41648;SHAW                ;D107      ;21-BR551                                          ;WS        ;CS                  ;;23/2/26;          ;0
41649;SHAW                ;D107      ;21-BR551                                          ;WS        ;CS                  ;;23/2/26;          ;0
41650;SHAW                ;D193      ;21-BR551                                          ;WS        ;CS                  ;;23/2/26;          ;0
41653;SHAW                ;D107      ;21-BR551                                          ;WS        ;CS                  ;;23/2/26;          ;0
41654;SHAW                ;D196      ;21-BR104                                          ;WS        ;CS                  ;;23/2/26;          ;0
41656;SHAW                ;D107      ;20-BR104                                          ;WS        ;CS                  ;;23/2/26;          ;0
41657;SHAW                ;D176      ;20-BR104                                          ;WS        ;CS                  ;;24/2/26;          ;0
41658;SHAW                ;D196      ;21-BR104                                          ;WS        ;CS                  ;;23/2/26;          ;0
41659;SHAW                ;D184      ;20-BR104                                          ;WS        ;CS                  ;;19/2/26;          ;0
41660;SHAW                ;D107      ;21-BR551                                          ;WS        ;CS                  ;;23/2/26;          ;0
41661;SHAW                ;D193      ;21-BR551                                          ;WS        ;CS                  ;;23/2/26;          ;0
41662;SHAW                ;D107      ;20-BR104                                          ;WS        ;CS                  ;;23/2/26;          ;0
41663;SHAW                ;D179      ;20-BR504                                          ;WS        ;CS                  ;;23/2/26;          ;0
41664;SHAW                ;D52       ;21-BR104                                          ;WS        ;CS                  ;;23/2/26;          ;0
41665;SHAW                ;D107      ;20-BR104                                          ;WS        ;CS                  ;;23/2/26;          ;0
41667;SHAW                ;D176      ;20-BR104                                          ;WS        ;CS                  ;;24/2/26;          ;0
41668;SHAW                ;D52       ;21-BR104                                          ;WS        ;CS                  ;;23/2/26;          ;0
41669;SHAW                ;D52       ;20-BR104                                          ;WS        ;CS                  ;;24/2/26;          ;0
41670;SHAW                ;D193      ;21-BR551                                          ;WS        ;CS                  ;;23/2/26;          ;0
41671;SHAW                ;B14       ;21-BR104                                          ;WS        ;CS                  ;;23/2/26;          ;0
41672;SHAW                ;D184      ;20-BR104                                          ;WS        ;CS                  ;;19/2/26;          ;0
41673;SHAW                ;D107      ;20-BR503                                          ;WS        ;CS                  ;;23/2/26;          ;0
41674;SHAW                ;D107      ;20-BR104                                          ;WS        ;CS                  ;;23/2/26;          ;0
41675;SHAW                ;D176      ;20-BR104                                          ;WS        ;CS                  ;;24/2/26;          ;0
41676;SHAW                ;D184      ;20-BR104                                          ;WS        ;CS                  ;;19/2/26;          ;0
41680;SHAW                ;B14       ;20-BR504                                          ;WS        ;CS                  ;;22/2/26;          ;0
41684;SHAW                ;B14       ;20-BR504                                          ;WS        ;CS                  ;;22/2/26;          ;0
41685;SHAW                ;B14       ;20-BR504                                          ;WS        ;CS                  ;;22/2/26;          ;0
41686;SHAW                ;B14       ;20-BR504                                          ;WS        ;CS                  ;;22/2/26;          ;0
41688;SHAW                ;D185      ;20-BR504                                          ;WS        ;CS                  ;;23/2/26;          ;0
41689;SHAW                ;D185      ;20-BR504                                          ;WS        ;CS                  ;;23/2/26;          ;0
41690;SHAW                ;B14       ;20-BR504                                          ;WS        ;CS                  ;;22/2/26;          ;0
41691;SHAW                ;D185      ;20-BR504                                          ;WS        ;CS                  ;;23/2/26;          ;0
41693;SHAW                ;D196      ;21-BR551                                          ;WS        ;CS                  ;;4/3/26;          ;0
41694;SHAW                ;D196      ;21-BR551                                          ;WS        ;CS                  ;;4/3/26;          ;0
41700;SHAW                ;B14       ;21-BR551                                          ;WS        ;CS                  ;;26/2/26;          ;0
41702;SHAW                ;D185      ;21-BR551                                          ;WS        ;CS                  ;;4/3/26;          ;0
41707;SHAW                ;D185      ;21-BR551                                          ;WS        ;CS                  ;;4/3/26;          ;0
41712;SHAW                ;D185      ;21-BR551                                          ;WS        ;CS                  ;;4/3/26;          ;0
41713;SHAW                ;D196      ;21-BR551                                          ;WS        ;CS                  ;;4/3/26;          ;0
41714;SHAW                ;B14       ;21-BR551                                          ;WS        ;CS                  ;;26/2/26;          ;0
41716;SHAW                ;D196      ;21-BR551                                          ;WS        ;CS                  ;;4/3/26;          ;0
41717;SHAW                ;D196      ;21-BR551                                          ;WS        ;CS                  ;;4/3/26;          ;0
41721;SHAW                ;D196      ;21-BR551                                          ;WS        ;CS                  ;;4/3/26;          ;0
41940;SHAW                ;D185      ;21-BR104                                          ;WS        ;CS                  ;;8/4/26;          ;0
41941;SHAW                ;F12       ;21-BR104                                          ;WS        ;CS                  ;;8/4/26;          ;0
41942;SHAW                ;F12       ;21-BR104                                          ;WS        ;CS                  ;;8/4/26;          ;0
41943;SHAW                ;F12       ;21-BR104                                          ;WS        ;CS                  ;;8/4/26;          ;0
41944;SHAW                ;F12       ;21-BR104                                          ;WS        ;CS                  ;;8/4/26;          ;0
41945;SHAW                ;F12       ;21-BR104                                          ;WS        ;CS                  ;;8/4/26;          ;0